nation,pos,age,born,90s,Touches,Touches,Touches,Touches,Touches,Touches,Touches,Take-Ons,Take-Ons,Take-Ons,Take-Ons,Take-Ons,Carries,Carries,Carries,Carries,Carries,Carries,Carries,Carries,Receiving,Receiving,league,season,stat_type
,,,,,Touches,Def Pen,Def 3rd,Mid 3rd,Att 3rd,Att Pen,Live,Att,Succ,Succ%,Tkld,Tkld%,Carries,TotDist,PrgDist,PrgC,1/3,CPA,Mis,Dis,Rec,PrgR,,,
ALG,DF,16,2005,0.1,12,0,4,8,0,0,12,0,0,,0,,10,43,15,1,0,0,0,0,8,0,FRA-Ligue 1,2022,possession
CIV,FW,18,2003,2.3,62,4,12,32,19,0,62,4,3,75.0,1,25.0,36,263,79,2,2,0,6,3,36,8,FRA-Ligue 1,2022,possession
FRA,GK,33,1989,31.1,952,747,950,2,0,0,952,0,0,,0,,532,3273,1644,0,0,0,3,0,314,0,FRA-Ligue 1,2022,possession
CGO,FW,27,1995,7.8,261,11,23,119,122,37,261,26,13,50.0,13,50.0,159,996,316,10,8,6,25,11,190,45,FRA-Ligue 1,2022,possession
FRA,"DF,MF",22,2000,21.1,970,130,498,450,33,16,970,1,1,100.0,0,0.0,624,3541,1945,3,3,0,5,5,556,3,FRA-Ligue 1,2022,possession
BFA,MF,26,1996,22.3,947,27,161,431,373,45,947,68,25,36.8,38,55.9,620,4019,1631,46,34,14,56,35,541,109,FRA-Ligue 1,2022,possession
GLP,DF,35,1986,19.9,876,119,508,369,5,2,876,1,0,0.0,0,0.0,576,3235,1495,3,1,0,3,0,508,1,FRA-Ligue 1,2022,possession
CGO,DF,26,1996,7.9,394,67,233,153,10,6,394,6,4,66.7,1,16.7,255,1301,630,2,1,0,4,1,217,1,FRA-Ligue 1,2022,possession
FRA,MF,24,1998,3.7,170,6,20,113,39,0,170,1,0,0.0,1,100.0,121,567,236,1,4,0,5,4,108,8,FRA-Ligue 1,2022,possession
FRA,GK,28,1994,6.0,150,121,150,0,0,0,150,0,0,,0,,83,578,322,0,0,0,0,0,45,0,FRA-Ligue 1,2022,possession
FRA,GK,19,2002,0.9,37,31,37,0,0,0,37,0,0,,0,,20,139,112,0,0,0,0,0,12,0,FRA-Ligue 1,2022,possession
CIV,DF,25,1997,24.2,1309,95,517,633,177,3,1309,34,14,41.2,14,41.2,832,4820,2213,36,33,0,35,10,682,36,FRA-Ligue 1,2022,possession
FRA,"MF,FW",18,2004,2.1,67,0,17,30,22,1,67,8,3,37.5,4,50.0,44,355,159,7,2,1,7,5,38,5,FRA-Ligue 1,2022,possession
SUI,"MF,FW",25,1997,11.8,405,12,74,172,167,27,405,44,23,52.3,17,38.6,280,1971,758,17,12,8,29,21,247,56,FRA-Ligue 1,2022,possession
BFA,"FW,MF",19,2002,2.5,84,1,7,31,49,13,84,5,1,20.0,4,80.0,54,385,132,4,3,3,10,1,57,16,FRA-Ligue 1,2022,possession
FRA,MF,36,1986,21.6,1329,44,260,902,176,4,1329,14,5,35.7,6,42.9,979,4749,2011,20,14,2,19,8,889,22,FRA-Ligue 1,2022,possession
FRA,MF,18,2004,0.5,37,0,7,17,13,2,37,1,1,100.0,0,0.0,30,143,62,3,1,2,3,2,24,1,FRA-Ligue 1,2022,possession
GLP,DF,33,1989,15.1,879,54,255,457,178,13,879,19,10,52.6,8,42.1,473,2988,1528,30,25,0,15,14,403,34,FRA-Ligue 1,2022,possession
FRA,MF,31,1991,14.7,869,18,159,501,227,9,869,49,23,46.9,24,49.0,601,3671,1576,26,30,0,34,19,533,53,FRA-Ligue 1,2022,possession
COM,DF,34,1988,27.3,1595,94,490,768,345,5,1595,33,11,33.3,18,54.5,886,5282,2314,48,35,0,30,14,770,83,FRA-Ligue 1,2022,possession
FRA,FW,23,1999,27.7,926,26,72,482,379,98,926,27,11,40.7,12,44.4,580,3101,751,21,18,4,90,36,637,173,FRA-Ligue 1,2022,possession
SEN,FW,22,1999,1.5,50,1,5,25,21,2,50,4,0,0.0,2,50.0,36,206,38,0,0,0,8,2,38,12,FRA-Ligue 1,2022,possession
FRA,FW,17,2005,5.5,101,1,4,54,43,10,101,7,5,71.4,2,28.6,69,394,100,5,3,4,16,7,72,19,FRA-Ligue 1,2022,possession
CMR,DF,24,1998,28.6,1381,158,682,655,54,26,1381,16,7,43.8,5,31.3,898,5457,2709,12,6,1,20,10,755,5,FRA-Ligue 1,2022,possession
FRA,MF,19,2003,0.6,18,0,2,12,4,0,18,1,1,100.0,0,0.0,13,44,15,0,0,0,1,0,11,0,FRA-Ligue 1,2022,possession
ALB,MF,26,1996,2.4,171,3,20,109,44,1,171,4,2,50.0,1,25.0,118,585,207,0,3,0,1,0,109,4,FRA-Ligue 1,2022,possession
FRA,"MF,FW",37,1985,18.8,781,17,105,379,305,26,780,38,13,34.2,22,57.9,573,3379,1223,33,29,6,30,18,525,144,FRA-Ligue 1,2022,possession
FRA,"FW,MF",35,1987,12.0,490,4,23,229,244,42,490,38,16,42.1,21,55.3,360,2325,918,29,16,11,38,14,355,110,FRA-Ligue 1,2022,possession
BRA,"MF,FW",23,1999,0.3,23,0,4,9,10,3,23,2,2,100.0,0,0.0,20,103,39,0,2,0,2,2,16,4,FRA-Ligue 1,2022,possession
FRA,MF,35,1987,14.8,1052,51,232,648,175,3,1050,6,4,66.7,1,16.7,640,3045,1283,9,17,1,9,3,585,15,FRA-Ligue 1,2022,possession
ROU,"MF,DF",17,2004,1.5,51,7,30,22,0,0,51,0,0,,0,,31,170,105,1,0,0,1,0,22,0,FRA-Ligue 1,2022,possession
FRA,MF,25,1997,27.2,1369,62,254,840,308,28,1369,80,46,57.5,27,33.8,1005,6603,3350,66,59,9,50,39,901,58,FRA-Ligue 1,2022,possession
FRA,"MF,DF",20,2002,3.1,148,5,23,64,61,2,148,6,2,33.3,4,66.7,91,471,197,3,8,0,4,5,87,17,FRA-Ligue 1,2022,possession
TUN,FW,35,1986,5.0,143,5,12,79,52,10,143,6,2,33.3,3,50.0,93,486,92,3,3,1,10,4,101,24,FRA-Ligue 1,2022,possession
ALG,"MF,FW",30,1992,12.8,631,6,66,320,257,51,625,64,29,45.3,24,37.5,476,3115,1319,32,24,18,42,27,431,68,FRA-Ligue 1,2022,possession
MLI,DF,27,1995,10.2,531,52,218,265,54,1,531,19,8,42.1,4,21.1,345,1727,813,14,10,1,14,4,291,16,FRA-Ligue 1,2022,possession
SEN,FW,21,2001,20.4,589,23,54,271,281,78,589,50,21,42.0,25,50.0,404,2855,915,38,25,17,60,31,424,140,FRA-Ligue 1,2022,possession
CIV,DF,32,1990,15.2,832,52,317,442,81,2,832,9,4,44.4,4,44.4,598,2647,1112,8,5,0,9,4,541,19,FRA-Ligue 1,2022,possession
FRA,"MF,FW",28,1994,24.8,1008,10,138,508,374,69,1008,34,13,38.2,16,47.1,769,4108,1515,34,36,10,58,23,717,149,FRA-Ligue 1,2022,possession
FRA,"FW,MF",22,2000,13.9,484,6,51,232,215,48,484,56,22,39.3,31,55.4,360,2756,1060,35,19,16,48,19,351,94,FRA-Ligue 1,2022,possession
FRA,MF,26,1995,0.2,23,0,2,9,13,3,23,0,0,,0,,16,77,48,2,1,0,0,0,15,8,FRA-Ligue 1,2022,possession
MAR,"MF,FW",22,2000,12.5,787,7,106,457,240,42,787,74,40,54.1,28,37.8,648,4480,2149,53,45,17,26,12,615,77,FRA-Ligue 1,2022,possession
FRA,"MF,DF",22,2000,31.8,1700,69,414,1033,277,16,1700,61,38,62.3,18,29.5,1324,7161,3195,27,42,2,24,27,1201,49,FRA-Ligue 1,2022,possession
BEN,DF,28,1994,34.4,1774,235,925,814,39,23,1774,2,1,50.0,1,50.0,1217,6039,2978,5,9,2,8,3,1075,1,FRA-Ligue 1,2022,possession
ALG,DF,31,1991,5.3,364,27,114,162,89,1,364,5,3,60.0,0,0.0,221,1093,526,4,6,0,1,2,218,20,FRA-Ligue 1,2022,possession
ALG,"DF,FW",25,1997,9.0,422,13,91,198,153,22,422,54,26,48.1,22,40.7,295,2534,1253,42,26,14,27,14,251,54,FRA-Ligue 1,2022,possession
BIH,DF,22,1999,7.1,352,23,84,178,94,6,352,12,4,33.3,8,66.7,232,1268,519,5,10,1,12,3,203,30,FRA-Ligue 1,2022,possession
ALG,"MF,FW",22,1999,23.7,1516,26,237,914,409,23,1516,76,43,56.6,28,36.8,1184,6861,3294,58,60,7,36,20,1066,111,FRA-Ligue 1,2022,possession
FRA,"DF,MF",29,1993,4.7,244,54,147,89,9,2,244,2,1,50.0,1,50.0,167,851,394,0,3,0,2,3,143,5,FRA-Ligue 1,2022,possession
SEN,FW,23,1999,12.6,367,14,29,190,151,40,367,29,8,27.6,18,62.1,259,1376,435,11,11,4,36,21,269,57,FRA-Ligue 1,2022,possession
ALG,DF,27,1995,2.3,150,14,62,67,22,1,150,2,0,0.0,2,100.0,99,535,205,2,1,0,5,1,79,7,FRA-Ligue 1,2022,possession
FRA,"MF,FW",22,1999,0.3,11,0,0,5,6,0,11,1,0,0.0,1,100.0,7,34,5,0,0,0,0,0,7,2,FRA-Ligue 1,2022,possession
FRA,"FW,MF",17,2005,3.0,117,1,7,46,66,9,117,13,4,30.8,6,46.2,93,620,240,9,8,2,9,5,87,20,FRA-Ligue 1,2022,possession
FRA,DF,17,2004,6.1,220,9,50,93,82,6,220,19,10,52.6,7,36.8,173,1093,500,9,10,1,14,7,154,31,FRA-Ligue 1,2022,possession
FRA,"DF,MF",22,2000,1.9,151,8,34,51,67,4,151,5,3,60.0,1,20.0,108,680,291,5,11,1,3,5,93,16,FRA-Ligue 1,2022,possession
FRA,FW,29,1992,5.6,196,1,4,85,110,30,196,11,3,27.3,6,54.5,141,747,224,14,8,3,16,8,163,64,FRA-Ligue 1,2022,possession
CRO,FW,25,1996,0.3,14,0,1,3,10,3,14,2,0,0.0,2,100.0,11,79,34,2,0,1,1,1,11,2,FRA-Ligue 1,2022,possession
SVN,DF,29,1993,22.0,1346,187,696,640,12,8,1346,1,0,0.0,0,0.0,976,4491,2155,0,0,0,3,0,893,0,FRA-Ligue 1,2022,possession
ALG,MF,27,1994,27.7,2186,70,511,1366,358,15,2184,111,63,56.8,31,27.9,1628,9116,4191,46,62,6,45,37,1471,28,FRA-Ligue 1,2022,possession
FRA,DF,19,2003,5.8,416,42,190,230,3,1,416,3,2,66.7,1,33.3,336,2207,1358,3,1,0,4,1,307,0,FRA-Ligue 1,2022,possession
FRA,GK,25,1997,27.0,742,619,739,3,0,0,742,0,0,,0,,446,2140,1346,0,0,0,0,0,247,0,FRA-Ligue 1,2022,possession
FRA,"MF,DF",35,1987,15.9,898,38,194,485,227,19,898,29,14,48.3,14,48.3,608,3413,1195,16,24,4,34,20,548,40,FRA-Ligue 1,2022,possession
SEN,"DF,FW",27,1995,11.8,640,14,116,301,234,21,640,35,16,45.7,16,45.7,474,2899,1288,23,22,5,15,20,447,78,FRA-Ligue 1,2022,possession
MAR,"FW,MF",28,1993,9.3,613,1,43,298,285,38,611,80,39,48.8,36,45.0,499,3394,1573,49,33,17,28,19,488,94,FRA-Ligue 1,2022,possession
CIV,"DF,FW",25,1996,19.9,1183,52,341,586,276,20,1183,77,27,35.1,38,49.4,786,5076,2556,52,43,11,28,10,703,95,FRA-Ligue 1,2022,possession
FRA,MF,20,2002,2.1,171,4,35,98,39,2,171,3,2,66.7,1,33.3,125,730,317,8,3,1,5,0,118,7,FRA-Ligue 1,2022,possession
CIV,GK,21,2000,11.0,353,309,351,2,0,0,353,1,1,100.0,0,0.0,239,1386,989,0,1,1,0,0,124,0,FRA-Ligue 1,2022,possession
TUN,DF,23,1999,27.7,1603,112,501,746,379,14,1603,69,33,47.8,28,40.6,1045,7052,3515,72,71,6,35,31,919,74,FRA-Ligue 1,2022,possession
FRA,"MF,FW",22,2000,0.6,43,1,4,31,8,1,43,2,0,0.0,2,100.0,33,160,41,0,0,0,1,2,26,2,FRA-Ligue 1,2022,possession
ALG,DF,27,1995,17.8,921,70,298,398,232,21,921,35,9,25.7,22,62.9,547,3288,1350,25,16,4,27,17,472,71,FRA-Ligue 1,2022,possession
FRA,DF,30,1992,6.5,428,62,224,176,31,1,428,2,0,0.0,2,100.0,309,1699,762,3,4,0,3,3,290,9,FRA-Ligue 1,2022,possession
FRA,GK,35,1987,19.0,638,531,635,3,0,0,638,1,1,100.0,0,0.0,377,1899,975,0,0,0,0,0,254,0,FRA-Ligue 1,2022,possession
MLI,MF,30,1992,37.8,1904,94,514,1188,214,14,1903,23,11,47.8,8,34.8,1280,6052,2210,10,21,1,39,15,1118,25,FRA-Ligue 1,2022,possession
FRA,DF,19,2003,2.0,112,10,40,39,34,1,112,13,6,46.2,5,38.5,73,344,136,4,2,1,6,0,66,8,FRA-Ligue 1,2022,possession
GUF,GK,29,1992,2.0,86,80,86,0,0,0,86,1,1,100.0,0,0.0,51,305,142,0,0,0,0,0,28,0,FRA-Ligue 1,2022,possession
FRA,DF,29,1993,1.4,70,15,42,28,0,0,70,1,1,100.0,0,0.0,48,294,137,0,0,0,0,0,44,0,FRA-Ligue 1,2022,possession
FRA,"MF,FW",25,1996,20.8,951,14,124,460,383,56,951,49,19,38.8,28,57.1,723,4963,2152,61,36,24,35,24,667,142,FRA-Ligue 1,2022,possession
FRA,"FW,MF",33,1988,2.8,120,5,11,67,43,14,120,4,2,50.0,1,25.0,91,433,139,2,3,0,8,6,92,18,FRA-Ligue 1,2022,possession
FRA,"MF,FW",26,1996,15.5,628,16,100,286,259,37,627,93,59,63.4,31,33.3,492,3747,1886,55,36,15,49,42,435,81,FRA-Ligue 1,2022,possession
GHA,DF,24,1998,25.1,1734,90,531,852,384,9,1734,59,26,44.1,28,47.5,1140,7390,3334,56,63,1,44,13,945,110,FRA-Ligue 1,2022,possession
FRA,MF,26,1996,18.4,1112,20,171,614,342,28,1112,27,15,55.6,6,22.2,834,5023,2110,43,37,3,20,13,779,75,FRA-Ligue 1,2022,possession
FRA,MF,21,2001,12.4,588,11,107,358,134,20,588,38,17,44.7,14,36.8,446,2726,1184,21,26,6,19,8,403,29,FRA-Ligue 1,2022,possession
ROU,GK,25,1997,17.0,630,538,626,4,0,0,630,1,1,100.0,0,0.0,431,2238,1443,0,0,0,1,0,253,0,FRA-Ligue 1,2022,possession
BRA,DF,28,1993,35.7,1774,305,979,749,57,31,1773,7,2,28.6,2,28.6,1106,5884,2794,7,11,0,23,4,972,1,FRA-Ligue 1,2022,possession
GUI,DF,30,1992,19.6,1002,168,558,423,23,12,1002,3,2,66.7,1,33.3,674,3508,1755,4,4,0,8,2,607,6,FRA-Ligue 1,2022,possession
FRA,MF,19,2002,0.7,41,0,19,19,4,1,41,1,1,100.0,0,0.0,31,160,68,1,0,1,2,1,23,2,FRA-Ligue 1,2022,possession
MAD,DF,26,1996,2.0,83,5,24,40,20,2,83,0,0,,0,,53,356,229,4,5,0,2,0,50,10,FRA-Ligue 1,2022,possession
FRA,MF,18,2004,0.0,3,0,0,3,0,0,3,0,0,,0,,0,0,0,0,0,0,0,0,0,0,FRA-Ligue 1,2022,possession
MLI,"MF,FW",22,1999,17.4,787,27,125,329,355,76,787,60,28,46.7,24,40.0,579,3939,1782,49,33,22,42,33,520,150,FRA-Ligue 1,2022,possession
SEN,FW,27,1994,16.5,539,29,48,279,217,68,536,41,9,22.0,27,65.9,344,1950,605,17,18,12,72,21,396,87,FRA-Ligue 1,2022,possession
FRA,"MF,FW",31,1991,14.3,722,24,123,366,239,24,721,25,10,40.0,14,56.0,512,2801,950,20,12,3,18,4,471,58,FRA-Ligue 1,2022,possession
FRA,"FW,MF",19,2003,9.0,210,3,11,101,103,41,208,23,12,52.2,11,47.8,141,918,319,14,5,7,43,17,155,49,FRA-Ligue 1,2022,possession
CPV,"FW,MF",31,1991,22.3,728,20,86,334,324,78,728,109,46,42.2,47,43.1,489,3344,1069,30,18,15,92,40,495,130,FRA-Ligue 1,2022,possession
GUI,"FW,MF",20,2001,0.3,11,0,0,3,8,1,11,1,0,0.0,0,0.0,7,71,35,2,2,0,0,0,5,1,FRA-Ligue 1,2022,possession
FRA,DF,22,2000,9.6,783,54,283,328,179,4,783,28,13,46.4,8,28.6,519,3094,1511,19,27,1,9,12,445,48,FRA-Ligue 1,2022,possession
FRA,DF,33,1989,7.0,473,32,152,242,82,2,473,4,1,25.0,1,25.0,324,1567,722,4,15,0,2,1,290,14,FRA-Ligue 1,2022,possession
MAD,"DF,MF",25,1997,27.0,1420,130,483,687,267,39,1420,27,8,29.6,11,40.7,925,5455,2705,36,38,6,41,16,788,61,FRA-Ligue 1,2022,possession
FRA,"FW,MF",36,1986,1.3,82,5,14,27,42,4,82,1,0,0.0,1,100.0,60,333,130,2,2,0,2,1,60,12,FRA-Ligue 1,2022,possession
CIV,"MF,FW",25,1996,4.1,159,0,25,57,82,13,159,31,19,61.3,9,29.0,127,995,405,14,9,8,13,16,114,29,FRA-Ligue 1,2022,possession
FRA,DF,19,2003,17.6,963,137,488,437,50,17,963,18,8,44.4,7,38.9,680,3842,1922,11,7,0,7,2,615,6,FRA-Ligue 1,2022,possession
FRA,DF,28,1994,1.1,36,9,23,11,2,1,36,0,0,,0,,13,48,13,0,0,0,0,0,15,0,FRA-Ligue 1,2022,possession
COM,MF,31,1990,12.0,621,19,144,323,159,15,621,23,10,43.5,11,47.8,436,2174,811,17,11,1,18,9,401,35,FRA-Ligue 1,2022,possession
MAR,DF,23,1999,14.6,846,135,480,356,16,9,846,1,1,100.0,0,0.0,561,2954,1268,3,1,0,4,3,493,1,FRA-Ligue 1,2022,possession
HON,"MF,FW",26,1996,2.9,81,5,18,32,37,6,81,11,2,18.2,7,63.6,60,603,275,8,9,3,4,5,49,19,FRA-Ligue 1,2022,possession
FRA,"FW,MF",18,2003,0.8,46,0,6,17,24,9,46,4,1,25.0,3,75.0,28,282,81,2,3,1,4,3,30,9,FRA-Ligue 1,2022,possession
FRA,DF,20,2002,3.0,160,12,58,75,29,3,160,14,9,64.3,4,28.6,101,842,474,11,4,1,2,2,83,5,FRA-Ligue 1,2022,possession
FRA,DF,27,1994,27.7,1587,175,836,707,55,27,1587,3,3,100.0,0,0.0,1072,5655,3006,9,5,0,7,4,949,7,FRA-Ligue 1,2022,possession
MTQ,DF,29,1992,11.8,552,85,323,210,25,5,552,2,1,50.0,1,50.0,378,1879,787,2,2,0,3,1,322,2,FRA-Ligue 1,2022,possession
FRA,"FW,MF",25,1996,28.2,1317,20,172,466,704,98,1317,55,15,27.3,35,63.6,919,6109,2757,98,63,30,56,21,850,261,FRA-Ligue 1,2022,possession
FRA,MF,18,2003,3.2,143,0,21,67,58,5,143,10,3,30.0,6,60.0,98,744,266,5,13,3,5,10,93,9,FRA-Ligue 1,2022,possession
ALG,MF,28,1994,29.5,1524,58,353,979,214,15,1523,34,11,32.4,15,44.1,1097,5725,2432,19,25,4,37,27,946,37,FRA-Ligue 1,2022,possession
FRA,MF,22,1999,0.2,13,1,1,7,5,0,13,1,1,100.0,0,0.0,10,73,36,2,2,0,1,1,9,1,FRA-Ligue 1,2022,possession
FRA,MF,24,1998,18.8,931,29,215,541,186,10,931,35,23,65.7,11,31.4,658,4099,1767,32,35,1,21,15,567,27,FRA-Ligue 1,2022,possession
FRA,"FW,MF",24,1997,2.6,85,2,7,41,37,12,85,5,1,20.0,3,60.0,56,290,92,3,1,2,7,3,58,14,FRA-Ligue 1,2022,possession
ALG,FW,34,1988,11.0,467,13,30,269,170,45,466,13,4,30.8,8,61.5,358,1550,467,11,11,2,36,17,378,61,FRA-Ligue 1,2022,possession
HAI,DF,25,1997,27.9,1775,96,486,887,434,18,1775,65,26,40.0,30,46.2,1099,7192,3960,80,71,10,39,20,979,134,FRA-Ligue 1,2022,possession
FIN,DF,28,1994,3.3,192,11,61,91,41,1,192,2,2,100.0,0,0.0,132,629,251,3,4,0,2,0,119,14,FRA-Ligue 1,2022,possession
ARG,GK,21,2001,1.0,32,26,32,0,0,0,32,0,0,,0,,15,104,55,0,0,0,0,0,6,0,FRA-Ligue 1,2022,possession
FRA,"MF,FW",24,1998,23.0,718,27,92,300,341,86,718,74,22,29.7,40,54.1,490,3359,976,38,22,13,73,34,512,132,FRA-Ligue 1,2022,possession
ENG,"FW,MF",19,2003,2.0,115,1,8,48,61,10,115,6,2,33.3,2,33.3,90,697,355,7,7,3,7,7,86,26,FRA-Ligue 1,2022,possession
MAD,DF,30,1991,15.7,1029,62,368,463,215,8,1029,25,12,48.0,12,48.0,623,3493,1612,24,22,0,12,10,520,30,FRA-Ligue 1,2022,possession
FRA,DF,22,1999,34.4,1973,242,951,869,177,28,1973,29,13,44.8,12,41.4,1311,7882,3805,20,22,0,23,15,1145,29,FRA-Ligue 1,2022,possession
FRA,MF,24,1998,20.2,955,30,193,569,210,36,955,45,24,53.3,16,35.6,632,3715,1589,32,25,2,27,17,549,44,FRA-Ligue 1,2022,possession
NED,GK,31,1991,37.0,1200,1060,1199,1,0,0,1200,0,0,,0,,749,4022,2027,0,0,0,0,0,472,0,FRA-Ligue 1,2022,possession
POR,"MF,FW",25,1996,14.0,539,16,81,263,203,41,539,26,9,34.6,13,50.0,386,2296,911,20,13,7,24,18,360,98,FRA-Ligue 1,2022,possession
SEN,DF,22,1999,14.5,790,39,218,403,175,19,790,40,18,45.0,21,52.5,488,3212,1755,43,30,8,23,6,423,36,FRA-Ligue 1,2022,possession
FRA,MF,29,1993,30.7,1840,116,576,1000,300,19,1840,44,22,50.0,12,27.3,1309,7903,3555,33,44,7,30,20,1089,45,FRA-Ligue 1,2022,possession
FRA,"MF,FW",26,1996,15.8,892,6,82,413,416,45,887,70,28,40.0,32,45.7,618,3955,1603,47,36,12,45,29,586,125,FRA-Ligue 1,2022,possession
BEN,FW,27,1994,18.4,675,29,67,325,290,95,674,21,10,47.6,9,42.9,414,2224,716,23,9,9,54,28,531,89,FRA-Ligue 1,2022,possession
FRA,FW,18,2003,1.4,35,1,4,10,22,5,35,5,3,60.0,2,40.0,22,171,32,1,1,2,4,2,23,8,FRA-Ligue 1,2022,possession
ALG,"FW,MF",30,1992,4.0,212,2,22,84,110,13,212,15,4,26.7,7,46.7,149,1023,484,16,10,4,16,4,144,31,FRA-Ligue 1,2022,possession
GHA,DF,22,2000,27.3,1646,109,710,805,158,3,1646,61,31,50.8,9,14.8,1168,7389,3574,27,34,2,34,15,970,35,FRA-Ligue 1,2022,possession
SEN,DF,27,1994,2.5,147,7,45,57,46,5,147,5,0,0.0,2,40.0,92,499,211,6,4,0,2,2,81,22,FRA-Ligue 1,2022,possession
MAR,MF,17,2004,5.6,195,4,29,81,90,24,195,30,17,56.7,10,33.3,148,1220,592,21,9,10,21,5,133,40,FRA-Ligue 1,2022,possession
FRA,"DF,MF",21,2001,1.0,55,3,13,18,24,4,55,1,0,0.0,1,100.0,25,160,59,3,2,2,1,1,26,9,FRA-Ligue 1,2022,possession
BEL,MF,21,2000,0.6,42,5,10,24,8,1,42,1,1,100.0,0,0.0,27,159,54,0,0,0,1,1,24,0,FRA-Ligue 1,2022,possession
MLI,DF,18,2004,6.4,377,17,156,188,46,5,377,31,25,80.6,5,16.1,252,1643,882,12,15,2,5,8,222,9,FRA-Ligue 1,2022,possession
KVX,"MF,FW",29,1993,24.0,994,28,169,436,406,93,994,56,22,39.3,26,46.4,712,4389,1714,55,39,22,49,25,664,172,FRA-Ligue 1,2022,possession
FRA,DF,33,1989,18.9,1098,149,586,476,39,9,1098,8,4,50.0,3,37.5,749,3690,1777,4,5,0,7,1,683,3,FRA-Ligue 1,2022,possession
FRA,FW,26,1995,24.8,840,28,60,457,333,98,834,73,39,53.4,31,42.5,617,3373,1004,27,20,13,95,48,670,160,FRA-Ligue 1,2022,possession
FRA,MF,32,1990,0.3,20,0,1,13,6,0,20,0,0,,0,,16,69,20,0,0,0,0,0,17,2,FRA-Ligue 1,2022,possession
CMR,MF,28,1993,0.3,35,4,10,24,1,0,35,0,0,,0,,29,158,56,0,0,0,0,0,26,0,FRA-Ligue 1,2022,possession
GAB,"DF,FW",27,1995,24.9,1134,39,257,502,396,65,1134,88,34,38.6,45,51.1,851,6113,2685,82,62,14,46,40,746,141,FRA-Ligue 1,2022,possession
BEN,"MF,DF",30,1992,2.9,101,1,13,40,51,9,101,21,8,38.1,10,47.6,67,446,214,8,4,2,8,5,64,23,FRA-Ligue 1,2022,possession
FRA,MF,34,1988,28.9,2358,80,628,1426,325,6,2358,25,9,36.0,14,56.0,1799,8404,3491,13,30,1,26,12,1646,27,FRA-Ligue 1,2022,possession
ANG,"DF,MF",29,1993,8.3,355,15,72,132,157,15,355,27,9,33.3,14,51.9,240,1600,644,22,14,5,19,8,224,54,FRA-Ligue 1,2022,possession
SRB,FW,27,1995,16.1,597,14,44,346,210,52,595,15,6,40.0,7,46.7,431,2150,477,8,13,4,47,31,480,88,FRA-Ligue 1,2022,possession
POL,DF,25,1997,34.6,1925,256,1017,868,57,31,1925,13,11,84.6,0,0.0,1358,8189,4515,15,10,0,11,6,1211,8,FRA-Ligue 1,2022,possession
FRA,MF,33,1989,16.1,997,27,259,657,97,3,997,28,15,53.6,11,39.3,742,3943,1651,10,16,0,20,10,667,3,FRA-Ligue 1,2022,possession
BEL,DF,25,1997,24.7,1367,206,688,595,93,14,1367,13,5,38.5,6,46.2,1006,6727,3440,33,35,1,14,7,873,13,FRA-Ligue 1,2022,possession
ALG,"DF,MF",30,1992,7.3,360,19,79,178,110,11,360,9,4,44.4,5,55.6,262,1201,511,9,8,3,13,1,223,31,FRA-Ligue 1,2022,possession
SEN,GK,29,1993,37.0,1561,1266,1549,12,0,0,1561,1,1,100.0,0,0.0,1064,5707,3786,0,0,0,0,0,698,0,FRA-Ligue 1,2022,possession
AUT,MF,21,2000,21.9,1268,12,148,614,527,61,1266,65,31,47.7,26,40.0,1010,6125,2895,71,74,11,39,56,967,120,FRA-Ligue 1,2022,possession
BRA,DF,25,1996,31.5,1869,104,566,759,576,69,1869,94,47,50.0,40,42.6,1197,6987,3368,69,57,13,44,21,1050,189,FRA-Ligue 1,2022,possession
GNB,GK,24,1998,1.0,41,26,39,2,0,0,41,0,0,,0,,27,159,114,0,0,0,0,0,22,0,FRA-Ligue 1,2022,possession
TUN,MF,27,1995,22.5,963,16,147,511,330,48,963,52,24,46.2,21,40.4,665,3607,1536,23,28,4,43,23,592,88,FRA-Ligue 1,2022,possession
FRA,DF,19,2002,0.4,19,4,11,6,2,1,19,1,0,0.0,1,100.0,13,61,7,0,0,0,1,1,10,1,FRA-Ligue 1,2022,possession
FRA,MF,19,2002,0.7,50,1,17,25,9,1,50,3,0,0.0,3,100.0,37,180,68,0,1,0,0,0,30,0,FRA-Ligue 1,2022,possession
FRA,MF,25,1997,26.7,1643,60,430,999,226,28,1643,32,7,21.9,19,59.4,1168,5308,2152,14,28,2,20,11,1071,56,FRA-Ligue 1,2022,possession
POL,"FW,MF",26,1996,1.1,35,0,1,19,15,7,35,0,0,,0,,27,115,25,1,0,1,7,2,29,9,FRA-Ligue 1,2022,possession
FRA,"MF,FW",28,1993,14.2,707,24,124,342,246,47,707,18,12,66.7,2,11.1,554,2720,956,17,18,2,26,17,518,98,FRA-Ligue 1,2022,possession
FRA,"MF,FW",24,1998,6.7,332,7,44,168,124,27,332,30,12,40.0,14,46.7,259,1533,580,11,6,7,18,13,263,43,FRA-Ligue 1,2022,possession
FRA,"MF,FW",25,1996,9.5,600,6,52,280,276,19,600,32,13,40.6,16,50.0,471,2562,1039,20,33,5,18,11,445,70,FRA-Ligue 1,2022,possession
FRA,GK,28,1994,37.0,1307,942,1291,18,0,0,1307,1,1,100.0,0,0.0,987,5296,3117,0,0,0,1,0,712,0,FRA-Ligue 1,2022,possession
CMR,MF,20,2001,0.0,3,0,1,2,0,0,3,0,0,,0,,2,4,2,0,0,0,0,0,2,0,FRA-Ligue 1,2022,possession
POR,"MF,FW",21,2001,15.6,906,5,58,441,419,45,906,48,27,56.3,16,33.3,773,5249,2537,61,73,9,32,28,736,133,FRA-Ligue 1,2022,possession
COL,"DF,MF",28,1993,24.3,1105,46,269,484,364,30,1105,54,17,31.5,23,42.6,737,4668,2043,59,41,10,30,11,649,131,FRA-Ligue 1,2022,possession
ARG,DF,23,1999,30.9,2728,164,806,1714,237,23,2728,38,24,63.2,9,23.7,2278,14430,8259,81,63,1,22,21,2100,30,FRA-Ligue 1,2022,possession
FRA,"MF,FW",31,1990,33.9,1887,55,212,915,775,140,1884,40,16,40.0,18,45.0,1446,7373,2546,53,61,16,44,25,1434,302,FRA-Ligue 1,2022,possession
COD,FW,31,1991,0.2,18,0,4,11,4,0,18,0,0,,0,,16,103,53,2,2,0,0,0,16,1,FRA-Ligue 1,2022,possession
CMR,FW,23,1999,0.7,17,0,2,13,3,0,17,1,0,0.0,1,100.0,13,120,30,0,1,0,2,2,11,3,FRA-Ligue 1,2022,possession
COM,"DF,FW",21,2000,1.0,88,5,21,40,27,1,88,6,4,66.7,2,33.3,58,372,159,6,4,1,6,0,50,11,FRA-Ligue 1,2022,possession
CMR,"MF,DF",22,2000,9.0,583,39,138,373,76,9,583,7,7,100.0,0,0.0,433,2452,1007,12,14,2,9,9,397,18,FRA-Ligue 1,2022,possession
FRA,GK,36,1985,1.0,42,40,42,0,0,0,42,0,0,,0,,29,130,31,0,0,0,0,0,19,0,FRA-Ligue 1,2022,possession
FRA,"DF,MF",28,1994,5.7,432,13,88,162,193,19,432,24,12,50.0,11,45.8,282,2002,887,26,17,8,26,6,247,65,FRA-Ligue 1,2022,possession
FRA,DF,29,1992,31.4,2369,159,749,1452,183,7,2369,26,12,46.2,12,46.2,1860,10993,6399,41,68,2,18,9,1756,9,FRA-Ligue 1,2022,possession
FRA,DF,24,1997,1.8,153,8,28,69,57,5,153,4,2,50.0,1,25.0,103,593,232,4,9,0,4,2,96,13,FRA-Ligue 1,2022,possession
AUT,DF,23,1998,35.9,2686,246,1036,1566,105,32,2686,37,19,51.4,12,32.4,2008,13114,7379,34,32,1,17,17,1820,2,FRA-Ligue 1,2022,possession
BEL,FW,22,2000,28.0,712,7,24,247,458,166,711,54,19,35.2,28,51.9,501,3638,1505,61,40,39,59,24,490,206,FRA-Ligue 1,2022,possession
MLI,"DF,MF",29,1992,18.6,1188,76,345,611,237,29,1188,20,8,40.0,6,30.0,823,4538,2253,23,29,5,25,5,751,58,FRA-Ligue 1,2022,possession
NOR,"MF,FW",24,1997,0.3,23,0,5,15,3,0,23,1,0,0.0,1,100.0,17,83,29,0,0,0,1,0,16,4,FRA-Ligue 1,2022,possession
POL,"DF,MF",27,1995,31.5,2129,79,428,815,904,57,2126,32,13,40.6,15,46.9,1364,7257,2684,51,49,10,30,15,1242,237,FRA-Ligue 1,2022,possession
GLP,"FW,MF",19,2003,1.4,55,1,9,15,31,12,55,7,2,28.6,5,71.4,40,294,98,3,1,0,8,3,40,16,FRA-Ligue 1,2022,possession
GHA,MF,22,2000,32.2,2224,66,404,1502,340,16,2224,49,29,59.2,13,26.5,1849,9645,3457,33,56,3,39,32,1705,44,FRA-Ligue 1,2022,possession
CIV,MF,27,1995,34.1,2163,32,242,1237,709,108,2161,109,59,54.1,40,36.7,1873,11603,4763,117,95,32,61,42,1763,233,FRA-Ligue 1,2022,possession
CPV,DF,30,1992,0.1,3,0,2,1,0,0,3,0,0,,0,,1,2,2,0,0,0,0,0,1,0,FRA-Ligue 1,2022,possession
FRA,"FW,MF",27,1995,7.2,270,2,11,145,121,41,270,26,17,65.4,9,34.6,220,1330,491,19,12,6,18,6,217,67,FRA-Ligue 1,2022,possession
POL,MF,22,2000,2.9,170,4,20,93,57,1,170,2,1,50.0,1,50.0,126,625,223,3,8,0,5,2,120,18,FRA-Ligue 1,2022,possession
ALG,"FW,MF",25,1996,11.8,727,6,56,270,420,37,727,82,37,45.1,31,37.8,564,4043,2014,55,43,11,25,25,532,125,FRA-Ligue 1,2022,possession
ALG,"DF,MF",27,1995,3.9,252,10,71,115,69,7,252,8,3,37.5,4,50.0,188,958,519,6,8,1,4,3,173,18,FRA-Ligue 1,2022,possession
FRA,FW,19,2003,2.9,122,1,8,30,85,23,122,7,0,0.0,6,85.7,86,636,291,12,6,8,7,6,81,32,FRA-Ligue 1,2022,possession
BRA,DF,22,1999,17.9,1449,150,643,770,44,23,1449,20,14,70.0,6,30.0,1090,5798,2890,9,5,0,11,5,1009,7,FRA-Ligue 1,2022,possession
FRA,FW,17,2004,0.0,1,0,0,0,1,0,1,0,0,,0,,1,4,0,0,0,0,1,0,1,1,FRA-Ligue 1,2022,possession
POR,MF,29,1993,18.1,1520,37,261,1010,270,17,1520,42,29,69.0,10,23.8,1254,5944,2291,26,35,4,30,26,1172,33,FRA-Ligue 1,2022,possession
ENG,MF,21,2000,31.3,2015,29,315,1185,527,49,2014,56,30,53.6,16,28.6,1705,8195,3493,39,57,10,41,26,1645,115,FRA-Ligue 1,2022,possession
FRA,DF,21,2001,29.5,2189,84,545,1252,411,39,2189,30,19,63.3,8,26.7,1569,7572,3718,43,44,7,28,15,1460,67,FRA-Ligue 1,2022,possession
FRA,MF,31,1990,32.4,2743,120,626,1774,363,35,2743,36,19,52.8,14,38.9,2057,10561,4605,41,47,0,38,34,1892,46,FRA-Ligue 1,2022,possession
CMR,MF,18,2004,5.3,384,10,49,256,83,5,384,28,15,53.6,9,32.1,302,1903,1027,16,16,2,12,17,284,12,FRA-Ligue 1,2022,possession
KVX,"FW,MF",23,1999,11.7,789,2,42,224,534,79,789,111,53,47.7,54,48.6,629,4673,2347,74,53,35,33,17,586,194,FRA-Ligue 1,2022,possession
SWE,"DF,FW",23,1999,9.3,563,26,142,247,180,24,563,32,18,56.3,9,28.1,355,2508,1298,44,25,10,13,7,323,57,FRA-Ligue 1,2022,possession
BRA,DF,32,1990,19.8,1359,53,325,668,379,46,1359,39,17,43.6,17,43.6,901,4750,2254,40,45,9,25,29,825,116,FRA-Ligue 1,2022,possession
FRA,MF,32,1990,3.1,262,6,56,178,29,3,262,1,0,0.0,1,100.0,202,986,387,4,6,0,2,4,191,4,FRA-Ligue 1,2022,possession
CIV,FW,26,1996,30.9,1803,22,170,799,859,140,1803,99,35,35.4,54,54.5,1438,8683,3476,111,84,29,66,61,1354,345,FRA-Ligue 1,2022,possession
CAN,FW,22,2000,35.2,1224,23,87,529,622,214,1213,78,29,37.2,38,48.7,973,5196,1898,67,44,39,87,52,947,297,FRA-Ligue 1,2022,possession
POR,DF,38,1983,28.8,2205,260,977,1141,95,29,2205,4,3,75.0,0,0.0,1667,8544,4564,7,18,0,8,2,1572,8,FRA-Ligue 1,2022,possession
FRA,DF,16,2005,8.5,641,51,293,348,4,3,641,3,3,100.0,0,0.0,498,2516,1198,0,1,0,5,1,460,1,FRA-Ligue 1,2022,possession
FRA,GK,20,2001,32.0,1060,832,1057,3,0,0,1060,0,0,,0,,858,4458,2988,0,0,0,1,0,638,0,FRA-Ligue 1,2022,possession
BRA,GK,27,1995,6.0,159,136,159,0,0,0,159,0,0,,0,,130,557,279,0,0,0,0,0,97,0,FRA-Ligue 1,2022,possession
GUI,"FW,MF",24,1998,7.2,191,2,7,70,117,39,191,15,10,66.7,3,20.0,140,769,271,8,7,5,21,13,150,48,FRA-Ligue 1,2022,possession
FRA,"MF,FW",32,1990,28.1,2030,16,162,922,966,136,2030,78,40,51.3,26,33.3,1549,9297,4108,113,92,22,48,35,1477,242,FRA-Ligue 1,2022,possession
FRA,DF,19,2003,0.0,0,0,0,0,0,0,0,0,0,,0,,0,0,0,0,0,0,0,0,0,0,FRA-Ligue 1,2022,possession
POR,DF,22,2000,22.4,1780,173,763,976,57,18,1780,14,5,35.7,6,42.9,1409,7349,3933,9,15,1,5,8,1272,4,FRA-Ligue 1,2022,possession
USA,"DF,FW",22,2000,19.4,1183,24,225,571,404,38,1183,37,20,54.1,13,35.1,878,5599,2724,69,48,13,24,10,825,169,FRA-Ligue 1,2022,possession
TUR,MF,25,1997,2.2,116,1,15,48,54,6,116,6,1,16.7,5,83.3,95,570,230,5,6,0,2,2,90,18,FRA-Ligue 1,2022,possession
FRA,MF,20,2002,2.8,192,7,30,104,61,8,192,7,2,28.6,3,42.9,149,996,559,16,10,1,6,8,137,20,FRA-Ligue 1,2022,possession
AUT,"MF,FW",25,1996,0.3,11,0,1,3,7,0,11,0,0,,0,,6,31,17,1,1,0,0,0,6,2,FRA-Ligue 1,2022,possession
FRA,FW,23,1998,3.0,136,0,26,52,64,19,136,17,14,82.4,1,5.9,103,800,445,14,5,5,4,4,87,21,FRA-Ligue 1,2022,possession
FRA,"MF,DF",17,2004,1.1,94,0,32,38,27,6,94,7,4,57.1,2,28.6,70,401,215,5,4,1,3,1,64,3,FRA-Ligue 1,2022,possession
SEN,FW,22,2000,8.3,259,6,26,131,105,36,258,31,9,29.0,14,45.2,193,989,291,4,5,4,21,15,195,48,FRA-Ligue 1,2022,possession
CIV,DF,20,2001,16.7,1107,184,614,472,22,9,1107,11,8,72.7,2,18.2,858,4901,2649,10,2,0,14,4,801,1,FRA-Ligue 1,2022,possession
NGA,MF,26,1996,13.1,718,60,252,424,47,2,718,8,6,75.0,0,0.0,503,2178,742,3,8,0,7,4,442,0,FRA-Ligue 1,2022,possession
FRA,"DF,MF",20,2002,2.5,145,25,90,51,4,3,145,0,0,,0,,114,599,310,0,2,0,2,0,108,0,FRA-Ligue 1,2022,possession
BFA,"FW,MF",20,2002,17.2,720,37,145,251,339,84,720,79,28,35.4,35,44.3,502,3755,1766,64,28,34,45,22,457,151,FRA-Ligue 1,2022,possession
CMR,DF,21,2000,8.7,451,20,98,167,190,28,451,48,13,27.1,32,66.7,311,1862,800,29,16,8,13,10,273,70,FRA-Ligue 1,2022,possession
FRA,"FW,MF",16,2006,0.1,5,0,1,4,0,0,5,0,0,,0,,3,27,6,0,0,0,0,0,3,0,FRA-Ligue 1,2022,possession
FRA,MF,22,2000,33.6,2611,89,558,1422,675,35,2611,155,68,43.9,67,43.2,1970,12115,5413,96,90,13,74,55,1798,105,FRA-Ligue 1,2022,possession
COD,DF,24,1997,27.1,1653,140,609,745,314,40,1653,41,21,51.2,15,36.6,1091,7029,3264,58,48,6,31,18,964,82,FRA-Ligue 1,2022,possession
MLI,FW,23,1999,17.5,565,17,59,262,247,68,562,22,14,63.6,6,27.3,380,1873,577,15,13,10,65,27,421,109,FRA-Ligue 1,2022,possession
BRA,DF,25,1996,5.1,348,19,115,162,74,8,348,15,6,40.0,7,46.7,227,1269,662,8,13,1,8,1,200,23,FRA-Ligue 1,2022,possession
FRA,MF,24,1998,11.8,652,27,152,405,109,6,652,35,21,60.0,8,22.9,546,3480,1530,23,25,1,16,23,497,30,FRA-Ligue 1,2022,possession
FRA,DF,28,1993,18.4,1005,230,578,411,17,6,1005,1,1,100.0,0,0.0,709,3935,2026,4,5,0,5,2,671,0,FRA-Ligue 1,2022,possession
FRA,MF,21,2000,18.4,1014,32,168,534,328,43,1014,30,10,33.3,17,56.7,781,4815,2245,53,53,7,39,18,707,103,FRA-Ligue 1,2022,possession
FRA,MF,29,1993,26.0,1779,76,581,1069,151,4,1779,41,23,56.1,14,34.1,1384,6069,2597,13,29,0,29,19,1257,14,FRA-Ligue 1,2022,possession
TUN,DF,24,1998,38.0,2365,481,1500,847,28,16,2365,11,7,63.6,4,36.4,1681,10840,5959,13,7,0,14,8,1547,0,FRA-Ligue 1,2022,possession
FRA,MF,25,1997,2.0,135,2,21,58,58,8,135,4,1,25.0,2,50.0,90,566,263,7,4,1,5,2,84,15,FRA-Ligue 1,2022,possession
FRA,"MF,FW",24,1998,13.8,688,5,71,342,289,43,688,88,48,54.5,27,30.7,557,4523,2310,77,56,17,30,9,520,66,FRA-Ligue 1,2022,possession
MLI,"FW,MF",20,2002,1.5,86,0,8,35,44,12,86,15,7,46.7,6,40.0,65,511,194,5,2,1,14,6,71,20,FRA-Ligue 1,2022,possession
FRA,"FW,MF",23,1998,11.8,525,19,123,204,218,40,525,78,24,30.8,45,57.7,381,2900,1516,40,25,20,32,14,306,85,FRA-Ligue 1,2022,possession
NGA,FW,23,1999,15.4,364,10,32,192,152,63,362,38,20,52.6,13,34.2,268,1799,812,29,23,11,41,13,263,61,FRA-Ligue 1,2022,possession
FRA,"MF,DF",19,2002,16.1,792,34,211,323,265,48,792,38,15,39.5,23,60.5,556,3435,1566,51,31,20,21,10,503,103,FRA-Ligue 1,2022,possession
FRA,DF,32,1989,37.0,2358,173,848,1158,371,31,2358,32,12,37.5,14,43.8,1584,8872,4688,69,57,4,18,12,1423,84,FRA-Ligue 1,2022,possession
ITA,GK,34,1988,17.9,618,544,616,2,0,0,618,0,0,,0,,436,2037,1358,0,0,0,0,0,279,0,FRA-Ligue 1,2022,possession
FRA,"FW,MF",20,2002,12.1,548,16,122,169,267,29,548,63,23,36.5,31,49.2,410,2896,1414,46,30,10,38,27,369,106,FRA-Ligue 1,2022,possession
SUI,GK,28,1994,20.1,661,601,659,2,0,0,661,1,1,100.0,0,0.0,451,2490,1670,0,0,0,1,0,274,0,FRA-Ligue 1,2022,possession
FRA,FW,31,1991,32.5,1272,13,81,495,704,210,1264,76,38,50.0,28,36.8,948,4339,1466,40,25,18,65,46,929,227,FRA-Ligue 1,2022,possession
SWE,FW,21,2001,6.0,203,3,13,96,97,20,203,14,4,28.6,8,57.1,144,863,344,12,15,5,20,5,138,47,FRA-Ligue 1,2022,possession
POR,GK,31,1990,31.3,1098,923,1092,7,0,0,1098,2,0,0.0,2,100.0,764,4021,2558,0,0,0,1,0,528,0,FRA-Ligue 1,2022,possession
FRA,"FW,MF",19,2002,16.0,666,10,81,243,355,108,666,80,40,50.0,38,47.5,481,3202,1403,51,30,30,36,8,444,156,FRA-Ligue 1,2022,possession
FRA,DF,19,2002,33.2,2580,234,1115,1399,85,28,2580,17,11,64.7,5,29.4,2066,11163,6047,24,29,3,20,8,1885,9,FRA-Ligue 1,2022,possession
FRA,MF,27,1994,22.6,2164,70,409,1370,400,23,2164,18,7,38.9,7,38.9,1748,8599,3431,32,43,2,21,17,1636,52,FRA-Ligue 1,2022,possession
FRA,DF,34,1988,3.8,295,17,105,166,25,3,295,2,1,50.0,1,50.0,206,1084,441,2,6,0,2,1,200,1,FRA-Ligue 1,2022,possession
CRO,DF,33,1989,16.2,1273,138,536,695,48,17,1273,2,1,50.0,1,50.0,940,5613,3091,12,13,1,5,3,850,1,FRA-Ligue 1,2022,possession
BRA,"DF,FW",28,1994,4.0,260,7,66,150,46,1,260,6,1,16.7,3,50.0,177,887,285,3,4,0,3,2,168,4,FRA-Ligue 1,2022,possession
ALG,MF,24,1998,5.8,461,6,51,279,134,28,461,23,10,43.5,11,47.8,365,1848,739,12,19,4,8,13,349,36,FRA-Ligue 1,2022,possession
FRA,MF,24,1998,3.7,377,2,31,210,144,11,377,22,12,54.5,6,27.3,316,2042,959,20,27,3,12,9,300,25,FRA-Ligue 1,2022,possession
BRA,FW,22,1999,5.0,258,3,21,100,147,32,258,37,15,40.5,18,48.6,207,1616,877,27,28,14,21,12,201,52,FRA-Ligue 1,2022,possession
FRA,MF,19,2002,21.5,1543,35,315,932,309,18,1543,48,21,43.8,21,43.8,1226,5661,2144,20,37,2,40,28,1107,44,FRA-Ligue 1,2022,possession
GER,DF,33,1988,4.8,261,47,138,122,1,0,261,0,0,,0,,180,742,302,0,0,0,0,0,167,0,FRA-Ligue 1,2022,possession
CMR,"FW,MF",29,1992,15.0,778,11,69,308,411,85,778,53,26,49.1,21,39.6,646,4000,1541,58,35,24,38,24,625,188,FRA-Ligue 1,2022,possession
BRA,MF,24,1997,1.8,146,5,22,92,33,8,146,3,1,33.3,2,66.7,121,584,203,3,2,2,2,1,117,10,FRA-Ligue 1,2022,possession
FRA,DF,19,2003,17.7,1617,49,351,772,513,26,1617,50,20,40.0,20,40.0,1195,6746,3120,66,73,10,17,12,1074,147,FRA-Ligue 1,2022,possession
FRA,MF,16,2005,0.1,9,0,6,3,0,0,9,0,0,,0,,8,39,6,0,0,0,0,0,8,0,FRA-Ligue 1,2022,possession
FRA,MF,22,2000,30.7,2162,60,333,1196,654,73,2162,87,41,47.1,38,43.7,1650,8467,3482,46,81,11,70,48,1514,114,FRA-Ligue 1,2022,possession
FRA,MF,18,2004,0.0,4,0,3,1,1,0,4,1,0,0.0,1,100.0,2,34,33,1,0,0,0,0,0,0,FRA-Ligue 1,2022,possession
FRA,"FW,MF",26,1996,9.7,299,9,24,135,143,50,299,12,4,33.3,8,66.7,200,1043,240,10,4,5,32,16,215,66,FRA-Ligue 1,2022,possession
ARG,DF,29,1992,33.2,2237,86,527,1118,610,48,2237,38,10,26.3,19,50.0,1539,7465,3182,38,44,5,46,16,1405,171,FRA-Ligue 1,2022,possession
FRA,"MF,FW",18,2003,20.8,1364,3,83,552,758,141,1364,157,79,50.3,65,41.4,1145,8325,4182,133,91,61,63,49,1107,260,FRA-Ligue 1,2022,possession
FRA,MF,24,1998,3.3,216,1,15,112,95,6,216,20,3,15.0,16,80.0,160,1198,543,14,12,1,4,3,153,16,FRA-Ligue 1,2022,possession
FRA,GK,34,1987,6.7,241,204,240,1,0,0,241,0,0,,0,,163,662,403,0,0,0,0,0,115,0,FRA-Ligue 1,2022,possession
FRA,DF,17,2005,14.7,991,36,271,463,262,22,991,42,16,38.1,24,57.1,644,3390,1567,16,31,3,16,14,570,84,FRA-Ligue 1,2022,possession
CIV,DF,21,2001,21.7,1711,120,693,902,120,14,1711,20,10,50.0,5,25.0,1241,6376,3326,10,20,0,20,5,1147,8,FRA-Ligue 1,2022,possession
BRA,"FW,MF",22,2000,12.3,649,3,58,252,351,60,649,54,21,38.9,28,51.9,506,3173,1322,49,28,27,31,15,482,130,FRA-Ligue 1,2022,possession
BRA,"MF,DF",30,1992,22.9,1913,112,502,1225,188,9,1913,11,6,54.5,5,45.5,1500,7166,3378,10,22,2,25,16,1383,20,FRA-Ligue 1,2022,possession
CHI,"FW,MF",33,1988,29.8,1234,7,69,513,663,145,1231,82,43,52.4,32,39.0,950,4916,1398,42,24,20,85,62,961,232,FRA-Ligue 1,2022,possession
MAR,"MF,FW",25,1997,5.7,341,10,33,139,176,30,341,36,13,36.1,18,50.0,284,1842,791,19,13,9,18,17,273,54,FRA-Ligue 1,2022,possession
POL,FW,28,1994,1.4,47,3,5,27,15,1,47,1,0,0.0,1,100.0,33,171,53,1,3,0,1,1,36,9,FRA-Ligue 1,2022,possession
MAR,"MF,FW",22,2000,1.3,110,0,8,59,45,3,110,8,6,75.0,1,12.5,99,650,256,6,5,1,2,5,92,8,FRA-Ligue 1,2022,possession
SEN,"FW,MF",22,2000,2.2,76,1,4,39,34,15,76,3,2,66.7,1,33.3,54,303,112,5,1,2,7,4,58,23,FRA-Ligue 1,2022,possession
TUR,"MF,DF",25,1997,27.7,1440,18,139,528,792,130,1439,96,39,40.6,50,52.1,1070,6465,2493,69,47,30,60,31,985,262,FRA-Ligue 1,2022,possession
COD,DF,27,1994,31.7,2042,171,669,1043,339,45,2042,24,14,58.3,5,20.8,1496,8249,4441,47,66,10,24,10,1374,49,FRA-Ligue 1,2022,possession
COD,MF,31,1991,0.7,33,0,6,15,12,3,33,2,0,0.0,2,100.0,22,135,59,1,3,1,2,1,20,4,FRA-Ligue 1,2022,possession
FRA,"MF,FW",35,1987,9.3,605,6,53,239,321,39,604,32,18,56.3,11,34.4,474,2613,1242,22,17,7,15,9,459,84,FRA-Ligue 1,2022,possession
CRO,DF,25,1996,0.1,3,1,2,1,0,0,3,0,0,,0,,2,5,3,0,0,0,0,0,2,0,FRA-Ligue 1,2022,possession
CIV,DF,28,1994,6.0,357,40,159,181,20,10,357,4,2,50.0,2,50.0,218,1355,619,4,2,0,8,3,182,4,FRA-Ligue 1,2022,possession
CMR,MF,18,2004,0.1,1,0,0,0,1,1,1,0,0,,0,,0,0,0,0,0,0,0,0,0,0,FRA-Ligue 1,2022,possession
BRA,MF,25,1997,4.6,244,4,31,113,103,11,244,7,2,28.6,3,42.9,199,1052,408,9,7,3,14,15,199,29,FRA-Ligue 1,2022,possession
BFA,DF,21,2001,11.4,734,29,155,290,299,39,734,54,23,42.6,23,42.6,510,3205,1531,39,27,10,33,13,464,130,FRA-Ligue 1,2022,possession
FRA,DF,29,1992,28.8,1757,57,326,737,720,114,1757,63,32,50.8,27,42.9,1215,6722,3314,83,51,22,47,16,1081,240,FRA-Ligue 1,2022,possession
FRA,MF,29,1993,31.8,2376,89,399,1489,511,33,2375,18,12,66.7,5,27.8,1860,10525,4999,59,62,6,28,13,1702,73,FRA-Ligue 1,2022,possession
ARG,DF,23,1999,29.3,1997,223,869,1027,113,16,1997,14,9,64.3,4,28.6,1413,8306,4291,15,19,0,23,3,1232,19,FRA-Ligue 1,2022,possession
COL,FW,24,1997,3.3,119,7,15,53,53,20,119,4,4,100.0,0,0.0,78,440,181,5,5,0,7,1,80,17,FRA-Ligue 1,2022,possession
FRA,MF,23,1999,23.4,1441,32,193,817,455,63,1440,29,14,48.3,11,37.9,1165,7373,3862,50,61,9,25,14,1074,100,FRA-Ligue 1,2022,possession
POR,"DF,MF",22,2000,26.1,1779,45,361,685,765,88,1779,139,55,39.6,74,53.2,1213,8076,3913,96,68,19,75,67,1114,245,FRA-Ligue 1,2022,possession
SEN,"MF,DF",23,1999,5.5,388,9,72,246,73,7,388,7,1,14.3,4,57.1,297,1687,881,9,4,1,7,6,271,13,FRA-Ligue 1,2022,possession
ESP,GK,27,1994,32.5,1174,750,1137,37,0,0,1174,0,0,,0,,880,4606,2729,0,0,0,0,0,635,0,FRA-Ligue 1,2022,possession
ESP,GK,27,1995,5.5,216,169,216,0,0,0,216,0,0,,0,,167,888,490,0,0,0,0,0,119,0,FRA-Ligue 1,2022,possession
UKR,"MF,FW",29,1993,13.6,698,12,80,311,323,26,698,42,27,64.3,13,31.0,533,3349,1583,35,30,5,30,20,509,81,FRA-Ligue 1,2022,possession
FRA,MF,19,2003,0.0,4,0,0,2,2,0,4,0,0,,0,,3,13,6,0,0,0,1,2,3,0,FRA-Ligue 1,2022,possession
FRA,DF,28,1993,20.9,1374,159,573,704,107,30,1374,9,4,44.4,4,44.4,938,5796,3346,33,29,0,11,3,855,19,FRA-Ligue 1,2022,possession
BIH,DF,29,1993,24.6,1547,67,408,831,322,48,1547,12,3,25.0,7,58.3,1140,6231,3393,49,37,6,25,6,994,86,FRA-Ligue 1,2022,possession
FRA,DF,19,2003,0.8,49,6,23,25,2,0,49,1,0,0.0,1,100.0,31,161,45,1,0,0,1,0,29,1,FRA-Ligue 1,2022,possession
FRA,MF,27,1994,33.7,2455,86,506,1464,505,41,2455,45,29,64.4,15,33.3,1889,11394,5460,57,52,9,31,30,1709,72,FRA-Ligue 1,2022,possession
POR,FW,22,2000,5.2,198,6,14,82,107,42,198,11,5,45.5,6,54.5,133,615,191,3,6,2,18,8,121,41,FRA-Ligue 1,2022,possession
RUS,"MF,FW",26,1996,27.4,1382,22,184,574,660,85,1382,49,27,55.1,14,28.6,983,6704,3271,89,61,28,48,32,889,210,FRA-Ligue 1,2022,possession
GER,GK,25,1996,38.0,1215,1033,1208,8,0,0,1215,0,0,,0,,846,4110,2509,0,0,0,1,0,483,0,FRA-Ligue 1,2022,possession
FRA,DF,24,1998,37.0,2293,234,832,1326,161,51,2292,29,21,72.4,8,27.6,1662,11330,6779,64,45,5,18,17,1484,17,FRA-Ligue 1,2022,possession
FRA,DF,21,2001,9.3,568,82,240,324,13,7,568,1,0,0.0,1,100.0,402,2118,1114,3,3,1,3,0,349,0,FRA-Ligue 1,2022,possession
SUI,FW,25,1997,20.7,708,20,42,299,378,100,707,73,32,43.8,35,47.9,522,2799,906,24,27,13,66,46,553,159,FRA-Ligue 1,2022,possession
BRA,DF,25,1997,32.2,2218,105,621,1025,595,36,2218,33,19,57.6,8,24.2,1413,8270,4299,56,49,9,27,10,1253,141,FRA-Ligue 1,2022,possession
FRA,DF,20,2002,5.0,276,31,101,138,38,6,276,1,1,100.0,0,0.0,182,741,262,2,2,0,0,1,151,9,FRA-Ligue 1,2022,possession
FRA,"DF,FW",17,2004,2.5,167,2,20,68,83,16,167,11,3,27.3,8,72.7,119,636,275,8,11,2,4,3,111,29,FRA-Ligue 1,2022,possession
MAR,"FW,MF",17,2005,11.7,583,2,38,284,272,40,583,36,14,38.9,14,38.9,459,2968,1211,31,28,8,39,22,440,93,FRA-Ligue 1,2022,possession
BEL,MF,20,2002,13.1,606,30,134,399,81,1,606,16,4,25.0,9,56.3,431,2218,889,5,13,0,9,12,363,10,FRA-Ligue 1,2022,possession
POR,"MF,FW",27,1995,3.8,218,3,30,74,118,22,218,13,4,30.8,8,61.5,168,1050,529,15,9,6,10,7,154,47,FRA-Ligue 1,2022,possession
CHI,DF,28,1994,24.0,1418,183,658,734,37,25,1418,6,1,16.7,4,66.7,1000,4754,2312,6,6,0,9,6,888,0,FRA-Ligue 1,2022,possession
SEN,"DF,FW",22,1999,12.4,749,24,145,311,299,41,749,12,5,41.7,6,50.0,483,2986,1332,39,31,8,17,7,493,109,FRA-Ligue 1,2022,possession
BRA,MF,24,1998,3.2,191,8,29,136,32,5,191,14,9,64.3,3,21.4,147,968,398,5,6,1,3,1,125,6,FRA-Ligue 1,2022,possession
GER,"FW,MF",30,1992,7.1,267,2,15,122,133,37,267,5,1,20.0,3,60.0,210,1030,270,6,6,5,19,7,213,60,FRA-Ligue 1,2022,possession
SEN,"MF,FW",23,1999,23.0,1011,13,93,367,560,88,1011,61,32,52.5,18,29.5,745,4532,2035,80,51,28,45,20,720,229,FRA-Ligue 1,2022,possession
FRA,"MF,FW",20,2002,4.5,210,4,23,85,105,17,210,13,6,46.2,7,53.8,172,897,351,9,5,2,8,7,161,42,FRA-Ligue 1,2022,possession
FRA,DF,23,1999,8.0,590,54,210,366,17,1,590,4,2,50.0,2,50.0,457,2591,1656,5,7,2,4,2,410,2,FRA-Ligue 1,2022,possession
MLI,MF,22,2000,24.4,1574,44,344,1028,223,6,1574,49,23,46.9,15,30.6,1236,6182,2831,28,29,1,36,26,1105,19,FRA-Ligue 1,2022,possession
NED,FW,21,2001,3.3,98,1,7,39,53,23,98,4,1,25.0,3,75.0,65,336,138,5,1,3,17,7,75,21,FRA-Ligue 1,2022,possession
FRA,DF,29,1993,13.0,975,44,210,463,305,24,975,14,7,50.0,6,42.9,637,3256,1501,29,23,3,14,4,573,78,FRA-Ligue 1,2022,possession
FRA,MF,22,2000,0.7,48,0,0,14,35,5,48,5,1,20.0,3,60.0,33,255,127,5,5,3,3,3,32,10,FRA-Ligue 1,2022,possession
FRA,MF,18,2003,0.9,47,1,12,31,5,0,47,2,1,50.0,1,50.0,29,147,68,0,1,0,1,0,23,1,FRA-Ligue 1,2022,possession
JPN,"MF,FW",27,1995,8.0,382,8,43,153,193,43,382,18,8,44.4,10,55.6,264,1684,696,26,12,11,29,11,244,66,FRA-Ligue 1,2022,possession
BRA,"DF,MF",21,2001,24.6,1689,60,350,766,583,51,1689,67,27,40.3,32,47.8,1098,6082,2745,50,37,9,37,21,966,175,FRA-Ligue 1,2022,possession
FRA,FW,31,1990,23.5,799,0,22,325,458,151,793,51,23,45.1,25,49.0,610,3251,1304,48,32,26,35,32,599,198,FRA-Ligue 1,2022,possession
FRA,MF,23,1999,34.3,2116,59,352,1340,454,37,2116,91,46,50.5,40,44.0,1600,9328,4753,81,90,9,48,41,1416,71,FRA-Ligue 1,2022,possession
FRA,FW,24,1998,26.7,954,14,123,389,464,109,954,98,38,38.8,30,30.6,741,5545,2781,109,63,37,62,42,688,181,FRA-Ligue 1,2022,possession
FRA,"DF,FW",30,1992,4.0,185,17,57,93,37,3,185,7,2,28.6,4,57.1,98,532,245,5,1,0,5,1,86,14,FRA-Ligue 1,2022,possession
FRA,"FW,MF",17,2005,0.3,13,0,1,1,11,0,13,0,0,,0,,8,25,11,0,1,0,1,0,9,6,FRA-Ligue 1,2022,possession
FRA,GK,31,1991,19.0,698,567,694,5,0,0,698,1,1,100.0,0,0.0,426,2516,1595,0,0,0,0,0,294,0,FRA-Ligue 1,2022,possession
SEN,GK,25,1996,4.5,143,120,143,0,0,0,143,0,0,,0,,86,416,244,0,0,0,0,0,57,0,FRA-Ligue 1,2022,possession
MLI,DF,25,1997,14.0,796,114,440,334,30,21,796,4,3,75.0,0,0.0,513,3101,1519,3,3,1,3,0,459,1,FRA-Ligue 1,2022,possession
CGO,"FW,MF",19,2002,2.2,67,2,6,28,36,11,67,9,2,22.2,7,77.8,49,424,181,9,4,0,4,5,46,17,FRA-Ligue 1,2022,possession
SEN,FW,23,1999,0.4,15,0,1,9,5,1,15,1,0,0.0,1,100.0,10,55,5,0,0,0,2,3,12,3,FRA-Ligue 1,2022,possession
FRA,DF,29,1993,29.9,1360,239,746,574,47,32,1360,5,5,100.0,0,0.0,850,4177,1890,2,4,1,15,4,755,6,FRA-Ligue 1,2022,possession
FRA,FW,19,2003,27.9,717,5,36,307,383,125,716,76,29,38.2,37,48.7,535,3721,1442,57,40,36,87,46,545,190,FRA-Ligue 1,2022,possession
CMR,DF,19,2002,12.2,687,46,190,301,204,9,687,13,4,30.8,7,53.8,399,2373,1198,25,26,2,14,7,377,57,FRA-Ligue 1,2022,possession
FRA,"FW,DF",24,1998,21.4,924,31,223,383,334,41,924,62,25,40.3,32,51.6,562,3630,1723,37,41,12,32,22,513,108,FRA-Ligue 1,2022,possession
MLI,DF,27,1995,28.7,1503,135,519,692,315,29,1503,36,17,47.2,15,41.7,962,6066,2873,50,36,6,33,13,820,70,FRA-Ligue 1,2022,possession
GUI,DF,28,1994,14.5,984,64,282,473,239,14,984,29,9,31.0,17,58.6,629,3648,1842,28,33,3,17,9,536,65,FRA-Ligue 1,2022,possession
SUI,GK,28,1994,13.0,450,365,448,2,0,0,450,1,0,0.0,1,100.0,298,1693,1024,0,0,0,0,0,172,0,FRA-Ligue 1,2022,possession
FRA,MF,30,1992,30.4,2237,59,542,1401,321,10,2237,55,20,36.4,22,40.0,1785,9143,4174,37,47,2,43,44,1610,42,FRA-Ligue 1,2022,possession
FRA,MF,20,2001,27.3,1339,98,409,765,178,14,1339,26,13,50.0,9,34.6,879,4089,1539,8,15,2,20,12,754,28,FRA-Ligue 1,2022,possession
FRA,MF,18,2004,8.0,438,11,99,274,73,5,438,16,8,50.0,4,25.0,318,1724,659,9,12,1,15,7,278,11,FRA-Ligue 1,2022,possession
FRA,MF,22,2000,13.2,692,23,184,401,123,19,692,30,11,36.7,15,50.0,467,2520,1176,14,15,3,27,14,398,25,FRA-Ligue 1,2022,possession
FRA,DF,32,1990,8.5,539,74,239,293,8,5,539,2,1,50.0,1,50.0,382,1940,1144,0,0,0,1,0,357,2,FRA-Ligue 1,2022,possession
POR,GK,23,1999,1.5,56,44,56,0,0,0,56,0,0,,0,,32,211,112,0,0,0,0,0,19,0,FRA-Ligue 1,2022,possession
FRA,DF,20,2002,18.3,944,146,515,408,27,12,944,6,4,66.7,2,33.3,607,3154,1667,9,4,0,4,4,522,1,FRA-Ligue 1,2022,possession
FRA,DF,23,1999,14.2,747,66,289,329,133,19,747,15,5,33.3,8,53.3,447,2740,1368,20,16,3,18,4,407,34,FRA-Ligue 1,2022,possession
POR,DF,31,1990,0.1,4,1,2,2,0,0,4,0,0,,0,,2,20,16,0,0,0,1,0,1,0,FRA-Ligue 1,2022,possession
FRA,"FW,MF",20,2002,0.2,19,0,6,9,4,1,19,0,0,,0,,9,30,8,1,0,1,0,0,8,0,FRA-Ligue 1,2022,possession
ENG,FW,24,1998,14.3,530,15,78,231,244,51,530,74,32,43.2,37,50.0,392,2852,1175,34,37,11,39,32,356,91,FRA-Ligue 1,2022,possession
FRA,DF,21,2001,0.1,9,1,3,3,3,0,9,0,0,,0,,7,42,8,0,0,0,1,0,6,1,FRA-Ligue 1,2022,possession
FRA,DF,23,1998,5.9,326,19,93,160,76,6,326,13,8,61.5,5,38.5,201,1032,417,5,9,1,9,4,183,36,FRA-Ligue 1,2022,possession
FRA,MF,30,1991,28.3,2067,41,289,1138,677,34,2061,138,72,52.2,42,30.4,1493,8500,3547,48,63,4,71,50,1379,117,FRA-Ligue 1,2022,possession
FRA,"FW,MF",32,1990,7.6,313,11,33,147,135,35,313,2,1,50.0,1,50.0,183,745,196,6,7,2,21,9,202,46,FRA-Ligue 1,2022,possession
TUN,"FW,MF",31,1991,18.2,713,23,101,361,271,64,713,61,28,45.9,24,39.3,516,3522,1530,40,17,22,49,30,472,91,FRA-Ligue 1,2022,possession
FRA,"FW,MF",28,1994,0.9,54,0,8,23,23,2,54,1,0,0.0,0,0.0,42,236,79,1,1,1,1,4,40,12,FRA-Ligue 1,2022,possession
FRA,GK,23,1999,37.0,1312,1112,1309,4,0,0,1312,3,1,33.3,2,66.7,864,4528,2496,1,0,0,2,0,547,0,FRA-Ligue 1,2022,possession
BRA,"DF,MF",30,1992,35.0,2260,303,982,1157,131,31,2260,10,3,30.0,6,60.0,1474,7367,3598,14,13,0,11,6,1341,7,FRA-Ligue 1,2022,possession
ALG,FW,30,1991,5.2,193,2,10,78,105,32,193,9,6,66.7,2,22.2,125,532,138,2,2,1,14,8,131,44,FRA-Ligue 1,2022,possession
MLI,DF,30,1992,5.4,288,30,123,129,38,2,288,2,0,0.0,0,0.0,159,729,332,2,3,0,3,0,134,8,FRA-Ligue 1,2022,possession
FRA,"DF,MF",30,1992,8.8,554,37,158,292,113,4,554,18,6,33.3,10,55.6,372,2193,1173,15,13,0,12,10,339,51,FRA-Ligue 1,2022,possession
CIV,"FW,MF",21,2001,14.0,510,10,73,233,219,48,510,77,37,48.1,33,42.9,381,3091,1313,46,24,8,49,31,354,97,FRA-Ligue 1,2022,possession
FRA,DF,26,1996,18.8,1217,87,331,564,332,13,1217,66,38,57.6,22,33.3,757,4676,2055,42,39,5,25,11,671,125,FRA-Ligue 1,2022,possession
FRA,MF,30,1991,12.1,690,14,100,345,251,20,690,27,10,37.0,13,48.1,484,2836,1151,25,11,2,19,13,449,67,FRA-Ligue 1,2022,possession
BRA,"DF,MF",32,1990,2.5,149,10,32,64,53,4,149,4,1,25.0,3,75.0,87,409,191,4,6,0,4,1,80,18,FRA-Ligue 1,2022,possession
CMR,"FW,MF",23,1999,16.9,507,13,53,227,237,80,507,30,10,33.3,18,60.0,342,2040,670,27,9,10,40,19,359,101,FRA-Ligue 1,2022,possession
ALG,DF,19,2003,8.9,593,30,161,303,141,13,593,44,29,65.9,12,27.3,380,2697,1302,22,20,6,15,14,329,39,FRA-Ligue 1,2022,possession
CMR,DF,27,1995,28.5,1650,164,691,876,89,24,1650,18,11,61.1,5,27.8,1112,5790,3067,19,22,0,20,7,959,20,FRA-Ligue 1,2022,possession
BRA,DF,24,1998,9.4,539,41,188,281,80,6,539,11,6,54.5,3,27.3,338,2231,1227,17,22,1,10,8,293,14,FRA-Ligue 1,2022,possession
FRA,"MF,FW",19,2002,1.0,92,5,20,59,14,1,92,2,1,50.0,1,50.0,63,355,201,2,3,0,0,0,54,1,FRA-Ligue 1,2022,possession
FRA,"MF,FW",24,1997,31.3,1627,10,154,785,723,103,1623,172,82,47.7,74,43.0,1235,8989,3850,122,69,39,90,76,1128,248,FRA-Ligue 1,2022,possession
FRA,"FW,MF",26,1996,7.1,347,13,74,152,131,22,347,15,7,46.7,8,53.3,232,1445,733,23,9,4,17,11,210,56,FRA-Ligue 1,2022,possession
FRA,FW,20,2002,0.4,25,0,4,11,10,0,25,1,0,0.0,1,100.0,21,134,75,2,2,0,0,1,19,1,FRA-Ligue 1,2022,possession
NGA,"FW,MF",27,1995,26.1,967,5,103,321,567,104,966,95,34,35.8,50,52.6,729,6355,3150,138,61,43,49,36,669,218,FRA-Ligue 1,2022,possession
EGY,FW,24,1997,21.5,607,37,64,259,288,107,607,39,21,53.8,15,38.5,355,1972,552,13,13,11,53,23,408,109,FRA-Ligue 1,2022,possession
FRA,MF,32,1989,21.3,963,32,189,562,240,25,963,36,15,41.7,19,52.8,700,4357,2141,33,30,4,29,18,618,70,FRA-Ligue 1,2022,possession
FRA,DF,17,2005,0.7,30,1,15,15,0,0,30,0,0,,0,,20,103,49,0,0,0,0,0,18,0,FRA-Ligue 1,2022,possession
FRA,DF,34,1987,24.6,1475,182,688,771,35,14,1475,9,7,77.8,2,22.2,1005,5025,2486,8,8,1,18,9,847,3,FRA-Ligue 1,2022,possession
ESP,MF,25,1997,22.5,1494,22,225,1071,206,10,1494,15,8,53.3,6,40.0,1196,5875,2375,15,18,1,5,6,1103,22,FRA-Ligue 1,2022,possession
FRA,DF,20,2002,19.9,1356,54,326,664,387,16,1356,39,22,56.4,14,35.9,886,5051,2457,43,40,7,25,10,793,96,FRA-Ligue 1,2022,possession
FRA,GK,26,1996,1.0,28,26,28,0,0,0,28,0,0,,0,,18,149,124,0,0,0,0,0,5,0,FRA-Ligue 1,2022,possession
COD,MF,25,1996,26.7,1459,43,275,950,254,33,1459,29,16,55.2,11,37.9,1079,5649,2735,41,29,4,24,19,967,45,FRA-Ligue 1,2022,possession
FRA,"DF,MF",18,2004,0.7,43,0,4,21,20,2,43,5,4,80.0,1,20.0,27,361,197,7,6,2,4,2,26,10,FRA-Ligue 1,2022,possession
FRA,DF,31,1990,8.7,468,27,116,200,162,10,468,11,3,27.3,2,18.2,288,1550,639,21,10,4,14,7,251,65,FRA-Ligue 1,2022,possession
WAL,MF,31,1990,17.6,1279,43,208,723,361,50,1279,24,14,58.3,5,20.8,980,4866,1934,29,34,8,24,32,902,84,FRA-Ligue 1,2022,possession
FRA,"MF,DF",21,2001,6.1,387,14,82,219,93,5,387,17,8,47.1,8,47.1,295,1911,864,13,12,3,12,8,262,23,FRA-Ligue 1,2022,possession
FRA,FW,24,1998,0.7,39,4,9,18,12,0,39,0,0,,0,,24,129,34,0,1,0,3,2,25,1,FRA-Ligue 1,2022,possession
ALG,"FW,MF",22,2000,2.5,99,3,12,35,52,7,99,3,0,0.0,2,66.7,75,470,179,8,3,2,7,5,79,18,FRA-Ligue 1,2022,possession
FRA,MF,17,2005,0.0,0,0,0,0,0,0,0,0,0,,0,,0,0,0,0,0,0,0,0,0,0,FRA-Ligue 1,2022,possession
ALG,FW,30,1991,8.7,309,7,21,150,141,37,306,12,4,33.3,7,58.3,224,1093,372,7,7,1,23,9,246,48,FRA-Ligue 1,2022,possession
SEN,DF,18,2004,5.8,394,22,122,186,88,9,394,4,3,75.0,1,25.0,266,1269,580,2,5,0,11,5,235,37,FRA-Ligue 1,2022,possession
MAR,"DF,FW",18,2004,3.3,210,10,69,93,50,1,210,4,2,50.0,1,25.0,165,761,396,6,5,0,3,1,156,18,FRA-Ligue 1,2022,possession
ALG,"FW,MF",17,2004,9.6,498,1,61,203,243,35,498,51,27,52.9,20,39.2,406,3033,1541,47,25,16,23,13,389,98,FRA-Ligue 1,2022,possession
ALG,"FW,MF",22,2000,8.9,487,1,45,198,250,27,487,34,18,52.9,13,38.2,385,2906,1354,41,23,9,27,12,383,100,FRA-Ligue 1,2022,possession
NED,FW,23,1998,2.4,119,0,14,47,61,6,119,10,6,60.0,3,30.0,105,727,332,10,11,1,6,3,100,16,FRA-Ligue 1,2022,possession
BRA,DF,38,1983,36.7,2991,346,1427,1505,75,31,2991,13,8,61.5,5,38.5,2374,11876,6155,12,11,0,15,9,2177,3,FRA-Ligue 1,2022,possession
AUT,DF,21,2001,1.0,71,3,23,28,20,1,71,0,0,,0,,45,234,129,2,2,0,1,0,43,3,FRA-Ligue 1,2022,possession
FRA,FW,28,1994,27.8,1031,21,109,423,507,153,1030,55,26,47.3,27,49.1,700,4021,1723,54,40,21,69,29,696,196,FRA-Ligue 1,2022,possession
ALG,MF,22,1999,20.8,1511,48,352,880,297,25,1511,67,29,43.3,32,47.8,1166,7025,3098,39,54,7,27,17,1070,55,FRA-Ligue 1,2022,possession
FRA,DF,22,1999,31.9,2514,304,1267,1222,57,24,2514,28,20,71.4,6,21.4,1980,11039,5931,21,13,0,23,10,1760,6,FRA-Ligue 1,2022,possession
ENG,"MF,DF",28,1993,2.0,119,4,27,58,36,5,119,2,0,0.0,2,100.0,82,438,182,2,6,0,3,0,73,16,FRA-Ligue 1,2022,possession
SUI,DF,23,1998,27.3,1720,93,506,857,385,20,1720,73,38,52.1,26,35.6,1131,7852,4210,82,72,6,40,24,1034,99,FRA-Ligue 1,2022,possession
DEN,GK,35,1986,36.0,1258,1119,1253,5,0,0,1258,0,0,,0,,860,3975,2015,0,0,0,2,0,604,0,FRA-Ligue 1,2022,possession
FRA,MF,21,2001,28.3,1667,64,365,946,396,61,1667,77,46,59.7,24,31.2,1322,8692,4400,92,78,18,31,35,1223,77,FRA-Ligue 1,2022,possession
POL,GK,22,1999,2.0,70,64,70,0,0,0,70,0,0,,0,,46,210,72,0,0,0,0,0,29,0,FRA-Ligue 1,2022,possession
GAB,"MF,DF",28,1993,9.3,724,39,204,451,73,6,724,16,11,68.8,5,31.3,579,2983,1278,14,14,0,4,1,549,10,FRA-Ligue 1,2022,possession
ITA,DF,20,2002,7.0,424,57,222,189,15,2,424,12,5,41.7,5,41.7,320,1547,749,1,5,0,2,2,296,1,FRA-Ligue 1,2022,possession
FRA,DF,21,2000,27.3,1820,93,603,837,409,26,1820,54,23,42.6,25,46.3,1191,6786,3208,61,60,8,23,16,1050,126,FRA-Ligue 1,2022,possession
CIV,"FW,MF",27,1995,16.6,918,3,88,392,455,90,915,76,34,44.7,33,43.4,752,4476,1872,48,29,26,45,52,724,151,FRA-Ligue 1,2022,possession
NED,"MF,DF",25,1997,19.6,1227,71,357,693,184,16,1227,19,7,36.8,10,52.6,940,4523,2232,18,19,0,22,11,885,42,FRA-Ligue 1,2022,possession
ROU,"MF,FW",19,2003,1.6,75,1,13,28,36,5,75,6,5,83.3,1,16.7,58,378,165,7,11,1,3,10,54,6,FRA-Ligue 1,2022,possession
MAR,MF,18,2004,2.0,135,3,41,92,9,1,135,5,5,100.0,0,0.0,113,643,318,3,4,1,3,5,97,1,FRA-Ligue 1,2022,possession
ENG,"MF,FW",28,1993,10.7,606,10,91,296,228,26,606,21,12,57.1,8,38.1,457,2573,1229,30,30,7,12,24,434,46,FRA-Ligue 1,2022,possession
FRA,"MF,FW",22,2000,13.6,876,14,133,431,324,34,876,49,22,44.9,24,49.0,695,4490,1888,55,35,10,39,21,638,91,FRA-Ligue 1,2022,possession
NGA,FW,23,1999,14.8,355,5,16,147,204,73,355,42,25,59.5,14,33.3,234,1552,632,25,15,14,25,20,240,77,FRA-Ligue 1,2022,possession
FRA,MF,21,2001,0.0,0,0,0,0,0,0,0,0,0,,0,,0,0,0,0,0,0,0,0,0,0,FRA-Ligue 1,2022,possession
ALG,"DF,MF",26,1996,8.7,632,22,149,295,202,18,632,43,19,44.2,22,51.2,443,2882,1605,38,29,8,10,5,402,63,FRA-Ligue 1,2022,possession
BDI,"MF,DF",23,1998,6.3,446,31,159,250,43,7,446,5,3,60.0,1,20.0,351,1768,937,7,10,1,9,3,320,5,FRA-Ligue 1,2022,possession
MAR,"DF,MF",23,1998,22.8,1772,49,361,716,713,82,1772,74,29,39.2,32,43.2,1414,7700,4281,85,66,22,29,23,1326,229,FRA-Ligue 1,2022,possession
FRA,GK,31,1990,0.1,4,4,4,0,0,0,4,0,0,,0,,3,13,1,0,0,0,0,0,3,0,FRA-Ligue 1,2022,possession
ESP,MF,25,1997,13.2,749,14,105,359,290,25,749,12,5,41.7,4,33.3,626,2884,1120,18,28,2,20,13,594,67,FRA-Ligue 1,2022,possession
POR,"DF,MF",30,1991,26.8,2277,193,695,1442,162,29,2277,15,10,66.7,5,33.3,1888,9953,5205,26,35,2,14,10,1748,11,FRA-Ligue 1,2022,possession
FRA,DF,17,2005,6.5,515,56,214,283,21,2,515,2,1,50.0,1,50.0,428,1642,610,1,3,0,2,2,396,8,FRA-Ligue 1,2022,possession
ESP,MF,26,1996,21.0,1971,53,411,1161,410,41,1971,30,18,60.0,12,40.0,1681,7230,3162,32,35,4,23,16,1580,86,FRA-Ligue 1,2022,possession
ITA,GK,23,1999,37.9,1021,909,1016,6,0,0,1021,1,1,100.0,0,0.0,695,3076,1895,0,0,0,0,0,447,0,FRA-Ligue 1,2022,possession
FRA,FW,20,2002,12.8,473,5,32,202,250,63,473,39,16,41.0,18,46.2,353,2225,764,23,19,7,28,18,337,84,FRA-Ligue 1,2022,possession
FRA,FW,17,2005,0.1,5,0,1,2,2,0,5,0,0,,0,,6,25,13,0,0,0,1,2,6,1,FRA-Ligue 1,2022,possession
ESP,"MF,FW",18,2004,0.6,47,1,3,25,20,2,47,6,5,83.3,1,16.7,42,298,160,3,1,0,1,1,39,8,FRA-Ligue 1,2022,possession
ESP,"DF,MF",29,1993,18.3,1170,43,286,543,348,64,1170,40,21,52.5,17,42.5,912,4433,1916,24,21,14,7,9,849,143,FRA-Ligue 1,2022,possession
FRA,FW,23,1998,31.3,1771,10,46,594,1149,302,1766,201,74,36.8,109,54.2,1583,9810,4725,165,126,86,63,42,1575,468,FRA-Ligue 1,2022,possession
ARG,MF,28,1994,0.6,75,2,10,57,8,0,75,0,0,,0,,64,320,203,1,3,0,0,0,62,0,FRA-Ligue 1,2022,possession
ARG,"FW,MF",35,1987,31.5,2401,5,98,1201,1132,159,2401,184,102,55.4,71,38.6,2053,11482,5063,114,126,42,52,77,2042,220,FRA-Ligue 1,2022,possession
ITA,MF,29,1992,24.4,2783,69,527,1743,538,26,2783,53,29,54.7,14,26.4,2376,11182,5529,40,79,5,17,33,2274,52,FRA-Ligue 1,2022,possession
BRA,DF,28,1994,30.2,2411,294,946,1359,117,39,2411,2,0,0.0,2,100.0,1974,9280,4747,4,18,2,12,6,1869,15,FRA-Ligue 1,2022,possession
BRA,"MF,FW",30,1992,17.2,1470,3,124,774,591,73,1468,96,38,39.6,46,47.9,1289,7565,3392,69,77,12,50,37,1260,127,FRA-Ligue 1,2022,possession
FRA,DF,24,1997,12.6,801,50,236,387,189,29,801,24,6,25.0,12,50.0,588,3067,1363,19,10,3,12,12,548,57,FRA-Ligue 1,2022,possession
POR,DF,20,2002,17.2,1139,47,242,417,495,58,1139,66,27,40.9,34,51.5,876,4893,2466,51,35,19,30,17,794,195,FRA-Ligue 1,2022,possession
ESP,"FW,MF",30,1992,4.1,225,1,40,91,94,15,225,5,1,20.0,3,60.0,181,953,406,9,8,0,11,7,178,37,FRA-Ligue 1,2022,possession
FRA,DF,26,1995,8.1,567,59,203,327,39,7,567,3,2,66.7,0,0.0,430,2001,1090,4,8,0,4,5,407,4,FRA-Ligue 1,2022,possession
POR,MF,24,1997,8.0,753,17,106,479,179,18,753,22,13,59.1,7,31.8,648,3751,2154,30,26,4,13,8,625,25,FRA-Ligue 1,2022,possession
ESP,DF,36,1986,30.0,2774,310,1061,1566,159,30,2774,14,5,35.7,6,42.9,2313,11550,5696,15,20,3,8,6,2186,10,FRA-Ligue 1,2022,possession
FRA,DF,19,2002,2.9,113,4,30,43,41,7,113,5,4,80.0,1,20.0,72,397,227,4,2,2,4,1,68,20,FRA-Ligue 1,2022,possession
POR,MF,22,2000,27.2,2189,41,325,1299,584,38,2189,53,31,58.5,17,32.1,1872,9931,4552,50,74,5,33,33,1786,94,FRA-Ligue 1,2022,possession
FRA,"MF,DF",16,2006,10.3,726,26,123,426,192,21,726,29,16,55.2,11,37.9,584,3412,1522,23,22,4,11,14,545,54,FRA-Ligue 1,2022,possession
FRA,"FW,MF",22,2000,22.0,1331,32,233,590,525,54,1331,42,12,28.6,24,57.1,906,4374,1784,23,44,3,58,23,803,162,FRA-Ligue 1,2022,possession
GLP,DF,24,1998,11.5,566,58,236,260,80,6,566,12,7,58.3,3,25.0,370,2213,1183,18,12,1,11,4,307,14,FRA-Ligue 1,2022,possession
KVX,"FW,MF",27,1995,11.1,602,7,55,220,339,56,602,60,17,28.3,38,63.3,430,3137,1348,45,28,29,47,23,398,118,FRA-Ligue 1,2022,possession
NED,MF,24,1998,27.6,1915,100,541,1138,260,2,1915,23,16,69.6,5,21.7,1383,6842,3122,15,26,0,24,12,1203,18,FRA-Ligue 1,2022,possession
FRA,DF,20,2002,11.8,629,44,216,290,138,8,629,36,15,41.7,18,50.0,374,2771,1537,31,15,3,27,15,304,39,FRA-Ligue 1,2022,possession
FRA,DF,19,2003,7.6,372,32,171,190,14,5,372,3,2,66.7,0,0.0,268,1881,994,8,5,0,4,1,237,0,FRA-Ligue 1,2022,possession
SEN,MF,20,2002,15.3,935,41,209,533,211,12,935,36,16,44.4,15,41.7,696,4238,1717,17,22,1,30,17,612,38,FRA-Ligue 1,2022,possession
MLI,FW,20,2001,1.0,29,1,3,13,13,3,29,2,1,50.0,1,50.0,13,61,15,0,0,0,1,2,17,1,FRA-Ligue 1,2022,possession
CIV,DF,25,1997,26.5,1798,213,851,877,87,21,1798,14,8,57.1,6,42.9,1287,7671,3866,15,19,2,23,13,1087,8,FRA-Ligue 1,2022,possession
SEN,DF,18,2004,0.4,20,6,18,2,0,0,20,0,0,,0,,12,126,19,0,1,0,0,0,11,0,FRA-Ligue 1,2022,possession
USA,FW,21,2001,33.3,970,16,72,385,525,198,963,87,35,40.2,44,50.6,742,4561,1697,56,27,45,94,74,743,283,FRA-Ligue 1,2022,possession
GUI,DF,18,2003,1.5,83,4,30,32,23,1,83,3,1,33.3,1,33.3,46,264,96,0,1,0,1,1,37,6,FRA-Ligue 1,2022,possession
SWE,MF,22,1999,17.0,969,41,223,533,231,40,969,79,39,49.4,30,38.0,728,4226,2387,46,36,10,28,23,663,40,FRA-Ligue 1,2022,possession
JPN,FW,29,1993,32.4,1471,8,130,538,832,112,1471,141,62,44.0,62,44.0,1123,8281,4060,133,89,43,89,44,1076,338,FRA-Ligue 1,2022,possession
NED,"FW,MF",24,1998,2.4,91,3,10,28,54,15,91,5,2,40.0,2,40.0,71,352,130,5,4,1,5,5,70,29,FRA-Ligue 1,2022,possession
MLI,MF,19,2003,12.8,708,14,93,368,254,37,707,36,18,50.0,16,44.4,536,3098,1318,29,21,3,34,20,486,82,FRA-Ligue 1,2022,possession
FRA,FW,16,2005,0.2,10,0,2,4,4,1,10,2,1,50.0,1,50.0,6,35,24,1,0,0,2,0,4,1,FRA-Ligue 1,2022,possession
ZIM,MF,26,1996,30.0,1243,73,256,642,364,94,1243,44,20,45.5,18,40.9,818,4165,1792,33,17,9,53,16,732,87,FRA-Ligue 1,2022,possession
FRA,"MF,FW",18,2003,1.2,59,4,22,22,16,1,59,3,1,33.3,2,66.7,31,173,83,1,0,0,4,2,27,1,FRA-Ligue 1,2022,possession
BEL,DF,22,1999,11.6,728,41,185,369,180,10,728,25,7,28.0,14,56.0,462,2885,1442,25,21,3,16,5,407,44,FRA-Ligue 1,2022,possession
NED,"FW,DF",22,1999,10.1,437,10,57,158,239,37,437,38,14,36.8,23,60.5,314,2931,1489,51,44,15,24,11,275,89,FRA-Ligue 1,2022,possession
AUS,"FW,MF",18,2004,0.3,13,0,1,2,10,7,13,4,2,50.0,2,50.0,9,70,23,1,0,3,2,0,9,5,FRA-Ligue 1,2022,possession
COM,"MF,FW",23,1999,2.6,138,0,17,56,68,8,138,11,8,72.7,2,18.2,105,732,375,13,4,3,9,4,94,26,FRA-Ligue 1,2022,possession
COD,"FW,MF",20,2002,0.7,37,2,7,17,14,2,37,2,1,50.0,1,50.0,30,206,123,4,2,2,2,1,26,6,FRA-Ligue 1,2022,possession
NOR,"FW,MF",21,2001,2.2,86,6,17,49,21,5,86,9,3,33.3,6,66.7,60,325,109,1,2,0,5,6,58,8,FRA-Ligue 1,2022,possession
AUT,GK,25,1997,7.0,221,191,221,0,0,0,221,0,0,,0,,144,845,503,0,1,1,0,0,91,0,FRA-Ligue 1,2022,possession
FRA,FW,23,1999,0.0,3,1,2,1,0,0,3,0,0,,0,,1,7,0,0,0,0,0,1,0,0,FRA-Ligue 1,2022,possession
FRA,MF,17,2004,0.0,9,0,8,0,1,0,9,2,1,50.0,1,50.0,7,12,3,0,0,0,1,0,3,1,FRA-Ligue 1,2022,possession
BEL,DF,24,1998,19.5,1280,68,358,660,276,5,1280,14,5,35.7,8,57.1,813,4432,2019,39,32,1,19,8,723,89,FRA-Ligue 1,2022,possession
BEL,DF,27,1994,22.0,1442,61,368,657,429,35,1442,21,9,42.9,9,42.9,965,5402,2400,56,38,4,29,20,858,154,FRA-Ligue 1,2022,possession
FRA,MF,16,2005,1.9,76,5,21,32,24,8,76,5,0,0.0,3,60.0,50,319,135,5,3,2,3,4,45,6,FRA-Ligue 1,2022,possession
BEL,DF,24,1998,3.0,150,38,85,64,2,1,150,2,1,50.0,1,50.0,91,402,210,1,0,0,1,1,76,1,FRA-Ligue 1,2022,possession
FRA,GK,22,1999,31.0,1138,914,1131,7,0,0,1138,2,2,100.0,0,0.0,843,4099,2346,0,0,0,2,0,543,0,FRA-Ligue 1,2022,possession
MAR,DF,34,1987,37.0,2459,241,1088,1275,123,39,2459,37,21,56.8,14,37.8,1723,10871,6123,40,21,3,27,23,1499,10,FRA-Ligue 1,2022,possession
FRA,DF,20,2001,21.7,1656,65,410,790,467,30,1656,46,21,45.7,19,41.3,1071,5984,2659,55,53,9,27,14,979,166,FRA-Ligue 1,2022,possession
GAB,FW,20,2002,0.2,3,1,1,2,0,0,3,0,0,,0,,4,15,2,0,0,0,0,1,4,0,FRA-Ligue 1,2022,possession
ALG,"FW,MF",22,2000,28.0,1071,12,74,439,576,145,1071,80,33,41.3,44,55.0,805,4749,1815,63,40,26,72,36,784,205,FRA-Ligue 1,2022,possession
FRA,FW,20,2002,20.5,659,12,48,278,343,104,659,55,25,45.5,26,47.3,490,2803,825,36,21,25,58,37,490,193,FRA-Ligue 1,2022,possession
BEL,DF,22,2000,34.7,2856,222,1081,1644,141,40,2856,14,7,50.0,7,50.0,2313,14175,8082,37,35,0,15,5,2163,4,FRA-Ligue 1,2022,possession
FRA,MF,27,1995,20.1,1499,41,271,1023,218,16,1499,17,9,52.9,7,41.2,1122,5728,2726,17,37,1,30,11,1024,21,FRA-Ligue 1,2022,possession
FRA,"MF,FW",28,1994,34.1,2305,53,274,1149,904,80,2303,33,14,42.4,17,51.5,1716,8088,3068,40,72,4,32,18,1602,250,FRA-Ligue 1,2022,possession
NOR,DF,27,1994,13.4,925,37,196,480,253,20,925,22,5,22.7,15,68.2,629,4173,2046,37,27,4,11,9,566,74,FRA-Ligue 1,2022,possession
CMR,DF,20,2001,11.2,722,70,290,419,15,8,722,2,2,100.0,0,0.0,572,3208,1774,6,2,0,7,1,541,0,FRA-Ligue 1,2022,possession
ENG,DF,21,2000,6.4,394,23,102,204,98,8,394,27,15,55.6,9,33.3,268,1767,909,21,16,5,14,4,240,18,FRA-Ligue 1,2022,possession
TUR,GK,19,2002,4.5,154,117,154,0,0,0,154,0,0,,0,,102,490,229,0,0,0,1,0,67,0,FRA-Ligue 1,2022,possession
FRA,"MF,FW",17,2005,12.4,651,10,61,351,254,34,651,79,48,60.8,23,29.1,502,3396,1508,39,33,9,33,32,463,83,FRA-Ligue 1,2022,possession
FRA,MF,29,1993,18.7,1268,29,143,803,336,44,1268,45,22,48.9,17,37.8,1056,6119,2800,52,46,13,25,29,962,56,FRA-Ligue 1,2022,possession
FRA,FW,28,1994,2.8,92,2,3,41,51,24,92,2,2,100.0,0,0.0,61,349,150,8,4,4,11,4,59,20,FRA-Ligue 1,2022,possession
CIV,"FW,MF",19,2002,0.1,11,0,2,6,3,0,11,0,0,,0,,8,36,9,0,0,0,0,0,8,0,FRA-Ligue 1,2022,possession
MLI,DF,30,1992,28.1,2083,90,426,1130,537,64,2083,18,9,50.0,9,50.0,1512,7652,3415,55,63,8,26,9,1399,162,FRA-Ligue 1,2022,possession
MAR,"FW,MF",20,2001,2.5,154,2,24,59,75,5,154,18,13,72.2,5,27.8,121,1086,469,13,11,1,5,4,109,27,FRA-Ligue 1,2022,possession
FRA,DF,17,2005,5.6,353,24,123,191,41,4,353,4,2,50.0,1,25.0,248,1242,543,8,5,1,4,2,223,21,FRA-Ligue 1,2022,possession
BEL,"MF,FW",20,2002,14.3,744,5,71,292,419,89,744,159,96,60.4,49,30.8,643,5774,3010,101,70,47,44,24,576,156,FRA-Ligue 1,2022,possession
WAL,DF,24,1997,15.7,1175,96,487,667,25,13,1175,3,3,100.0,0,0.0,920,4658,2308,5,3,0,5,2,863,0,FRA-Ligue 1,2022,possession
GHA,"FW,MF",20,2002,3.6,230,2,19,82,133,25,230,32,15,46.9,14,43.8,189,1486,540,17,10,10,13,12,170,57,FRA-Ligue 1,2022,possession
CMR,"FW,MF",29,1992,10.8,378,5,23,183,176,51,378,19,12,63.2,7,36.8,295,1905,764,30,23,16,18,15,295,87,FRA-Ligue 1,2022,possession
FRA,MF,18,2004,14.8,790,36,172,546,80,7,790,22,14,63.6,6,27.3,611,3424,1453,11,16,4,6,11,557,11,FRA-Ligue 1,2022,possession
TOG,DF,22,2000,2.9,200,15,51,110,42,6,200,5,1,20.0,3,60.0,122,727,411,10,7,2,4,2,105,13,FRA-Ligue 1,2022,possession
CRO,"MF,FW",24,1998,18.5,1187,18,142,572,493,62,1186,45,28,62.2,13,28.9,929,6297,3028,66,64,8,46,31,842,115,FRA-Ligue 1,2022,possession
FRA,DF,22,2000,1.0,67,7,35,31,2,2,67,0,0,,0,,51,277,100,0,0,0,0,0,51,0,FRA-Ligue 1,2022,possession
FRA,"FW,MF",25,1997,14.7,782,12,65,361,362,85,782,26,9,34.6,14,53.8,580,3282,1254,34,33,9,26,15,591,137,FRA-Ligue 1,2022,possession
FRA,"FW,MF",19,2003,1.2,37,1,1,15,22,15,37,0,0,,0,,27,174,105,4,1,2,10,1,27,11,FRA-Ligue 1,2022,possession
GUI,MF,26,1996,0.3,13,1,1,3,9,5,13,0,0,,0,,9,43,0,0,0,0,0,1,8,6,FRA-Ligue 1,2022,possession
FRA,GK,37,1985,33.5,1267,922,1251,17,0,0,1267,1,1,100.0,0,0.0,916,4101,2479,0,0,0,2,0,649,0,FRA-Ligue 1,2022,possession
COM,DF,22,2000,15.1,1106,88,475,613,27,8,1106,4,3,75.0,0,0.0,867,5133,2601,4,9,0,7,4,820,0,FRA-Ligue 1,2022,possession
POR,MF,27,1994,6.1,380,12,74,248,61,6,380,6,1,16.7,3,50.0,276,1285,559,5,8,0,13,3,242,13,FRA-Ligue 1,2022,possession
FRA,MF,28,1993,10.4,640,9,88,305,249,50,640,16,8,50.0,6,37.5,481,2357,930,15,17,3,21,18,453,73,FRA-Ligue 1,2022,possession
GHA,DF,27,1994,29.7,1873,241,878,932,74,26,1873,6,4,66.7,2,33.3,1173,6156,2955,4,9,1,8,7,1035,4,FRA-Ligue 1,2022,possession
FRA,"DF,MF",23,1998,10.6,617,22,148,258,220,20,617,25,11,44.0,12,48.0,402,2384,1286,26,21,5,9,10,361,48,FRA-Ligue 1,2022,possession
HAI,"DF,MF",19,2002,0.1,13,0,1,4,8,0,13,1,0,0.0,1,100.0,9,74,21,1,1,0,1,1,8,2,FRA-Ligue 1,2022,possession
FRA,"DF,MF",34,1988,17.1,1169,35,291,514,379,9,1169,27,10,37.0,15,55.6,733,3725,1516,24,39,2,28,10,664,111,FRA-Ligue 1,2022,possession
UKR,DF,27,1995,9.7,479,19,97,230,156,8,479,25,11,44.0,9,36.0,300,1781,771,16,15,2,12,7,277,54,FRA-Ligue 1,2022,possession
FRA,DF,18,2003,0.8,36,1,13,12,11,0,36,1,1,100.0,0,0.0,14,46,11,0,0,0,1,2,13,2,FRA-Ligue 1,2022,possession
FRA,DF,27,1994,16.2,1065,51,251,571,264,8,1065,35,15,42.9,16,45.7,618,3388,1483,21,25,1,23,6,528,52,FRA-Ligue 1,2022,possession
FRA,DF,25,1997,17.5,1008,128,472,503,43,18,1008,15,10,66.7,4,26.7,719,4492,2479,13,9,0,11,2,634,3,FRA-Ligue 1,2022,possession
SEN,FW,27,1995,32.0,1007,34,90,430,494,192,1003,71,29,40.8,39,54.9,665,3878,1285,40,28,20,118,35,768,203,FRA-Ligue 1,2022,possession
SEN,"MF,FW",18,2004,18.1,867,12,132,413,336,41,867,62,25,40.3,25,40.3,649,4270,2145,68,44,18,37,21,574,89,FRA-Ligue 1,2022,possession
MLI,MF,24,1997,14.6,803,40,177,464,176,28,803,17,8,47.1,8,47.1,543,2796,1159,18,23,1,22,19,480,41,FRA-Ligue 1,2022,possession
FRA,"DF,MF",19,2003,25.5,1340,85,467,784,108,3,1340,45,29,64.4,12,26.7,953,5737,2683,27,25,2,21,20,830,20,FRA-Ligue 1,2022,possession
CIV,MF,28,1994,14.4,799,26,131,483,194,27,799,34,14,41.2,14,41.2,538,2906,1220,25,18,9,34,15,477,37,FRA-Ligue 1,2022,possession
FRA,"MF,FW",24,1998,26.9,1589,30,219,833,569,45,1589,111,57,51.4,32,28.8,1129,8275,4230,104,97,16,64,44,1035,110,FRA-Ligue 1,2022,possession
POL,DF,24,1998,0.5,46,1,3,19,25,5,46,0,0,,0,,36,237,191,4,1,2,1,0,32,4,FRA-Ligue 1,2022,possession
FRA,FW,35,1987,23.3,946,7,71,431,454,102,944,49,19,38.8,24,49.0,723,4243,1691,48,51,17,47,27,693,158,FRA-Ligue 1,2022,possession
RSA,"FW,MF",26,1996,4.8,157,5,11,76,71,12,157,9,3,33.3,4,44.4,110,618,198,7,4,2,15,7,116,30,FRA-Ligue 1,2022,possession
FRA,DF,23,1998,19.6,1006,90,423,501,89,18,1006,12,6,50.0,3,25.0,702,4038,2243,13,12,1,6,4,607,14,FRA-Ligue 1,2022,possession
FRA,FW,28,1994,8.6,336,8,32,172,136,50,335,5,3,60.0,2,40.0,225,901,202,2,7,1,19,10,262,55,FRA-Ligue 1,2022,possession
TOG,DF,21,2001,0.1,7,2,4,1,2,0,7,0,0,,0,,4,30,11,1,0,0,0,0,3,0,FRA-Ligue 1,2022,possession
BEL,GK,30,1992,38.0,1082,936,1076,8,0,0,1082,0,0,,0,,685,3758,2281,0,0,0,1,0,432,0,FRA-Ligue 1,2022,possession
FRA,DF,32,1989,22.4,1405,177,627,720,74,12,1405,17,15,88.2,1,5.9,969,5240,2725,10,19,0,11,4,854,4,FRA-Ligue 1,2022,possession
FRA,MF,27,1994,15.8,843,11,115,479,265,36,843,46,17,37.0,19,41.3,641,4176,1880,43,49,12,34,23,585,70,FRA-Ligue 1,2022,possession
FRA,"MF,FW",20,2001,1.1,87,1,11,33,46,5,87,13,6,46.2,7,53.8,69,536,294,9,10,3,5,3,61,9,FRA-Ligue 1,2022,possession
FRA,DF,24,1998,7.3,464,34,132,220,114,9,464,16,11,68.8,5,31.3,289,1665,774,16,17,1,10,6,252,35,FRA-Ligue 1,2022,possession
BIH,MF,28,1993,18.1,1218,54,292,708,235,7,1218,20,14,70.0,5,25.0,893,4698,1921,14,35,1,9,7,791,14,FRA-Ligue 1,2022,possession
FRA,"DF,MF",30,1992,11.9,642,28,148,267,239,20,642,27,12,44.4,11,40.7,415,2770,1239,38,27,9,18,5,374,92,FRA-Ligue 1,2022,possession
JPN,"FW,MF",20,2001,0.4,23,1,2,10,12,4,23,3,2,66.7,1,33.3,14,135,52,3,1,2,3,0,16,6,FRA-Ligue 1,2022,possession
JPN,FW,26,1995,12.0,438,7,42,202,198,35,438,15,6,40.0,8,53.3,334,1810,619,11,11,6,24,26,355,86,FRA-Ligue 1,2022,possession
FRA,DF,21,2001,36.8,2451,369,1282,1113,69,33,2451,10,3,30.0,5,50.0,1683,8531,4632,10,8,1,23,5,1513,6,FRA-Ligue 1,2022,possession
NED,MF,27,1995,32.1,2457,43,385,1362,726,38,2453,38,19,50.0,14,36.8,1758,8854,3811,48,54,7,32,12,1682,102,FRA-Ligue 1,2022,possession
BEL,MF,31,1991,20.1,879,21,114,478,303,43,879,50,19,38.0,25,50.0,649,3832,1521,36,26,5,35,18,613,96,FRA-Ligue 1,2022,possession
FRA,DF,17,2005,1.1,56,5,11,34,11,0,56,1,0,0.0,1,100.0,39,195,113,1,2,0,0,0,35,1,FRA-Ligue 1,2022,possession
AUS,MF,23,1999,7.3,435,18,106,208,126,16,435,23,8,34.8,14,60.9,289,1596,677,9,14,2,14,6,263,34,FRA-Ligue 1,2022,possession
ALG,"FW,MF",19,2002,26.0,1314,48,194,606,531,86,1314,36,12,33.3,21,58.3,997,5316,2412,71,41,18,54,24,970,212,FRA-Ligue 1,2022,possession
CHI,DF,24,1997,14.0,976,57,306,483,199,15,976,34,22,64.7,11,32.4,697,4072,2110,26,34,2,16,10,611,66,FRA-Ligue 1,2022,possession
GUI,DF,28,1994,15.2,1027,56,261,448,332,17,1027,34,10,29.4,22,64.7,668,4225,2097,51,44,5,23,34,576,107,FRA-Ligue 1,2022,possession
CMR,DF,18,2004,4.0,198,13,69,84,49,3,198,10,1,10.0,7,70.0,118,619,225,5,10,1,8,5,96,18,FRA-Ligue 1,2022,possession
CPV,DF,21,2001,4.6,280,40,150,119,15,8,280,3,1,33.3,1,33.3,207,1138,632,5,3,1,5,0,186,0,FRA-Ligue 1,2022,possession
FRA,GK,29,1993,38.0,1372,1064,1364,7,1,1,1372,2,2,100.0,0,0.0,941,5150,3364,0,0,0,2,0,686,0,FRA-Ligue 1,2022,possession
DEN,DF,27,1995,25.1,1855,94,457,936,477,33,1855,51,27,52.9,16,31.4,1269,6952,3217,59,56,9,40,17,1146,127,FRA-Ligue 1,2022,possession
MLI,DF,21,2000,13.6,789,56,296,344,153,8,789,24,9,37.5,13,54.2,546,3188,1480,21,22,1,23,5,489,43,FRA-Ligue 1,2022,possession
FIN,MF,20,2002,0.3,14,1,2,7,5,3,14,0,0,,0,,11,93,49,1,0,0,1,0,10,2,FRA-Ligue 1,2022,possession
CMR,FW,22,2000,1.0,40,0,6,14,20,0,40,3,1,33.3,2,66.7,27,167,27,1,2,0,0,2,25,7,FRA-Ligue 1,2022,possession
SWE,"DF,MF",20,2001,1.6,89,8,25,31,33,3,89,6,3,50.0,2,33.3,51,251,121,4,0,0,3,0,45,12,FRA-Ligue 1,2022,possession
BRA,"FW,MF",26,1995,20.6,1084,17,160,478,464,72,1084,85,38,44.7,37,43.5,856,5513,2196,61,40,16,57,31,783,216,FRA-Ligue 1,2022,possession
DEN,DF,25,1997,33.3,2130,328,1123,960,55,33,2130,15,9,60.0,3,20.0,1500,8417,4790,21,9,2,7,6,1353,4,FRA-Ligue 1,2022,possession
WAL,FW,27,1994,0.7,24,0,2,7,15,8,24,0,0,,0,,19,94,21,1,0,1,3,2,23,7,FRA-Ligue 1,2022,possession
BIH,FW,21,2000,1.2,24,0,0,15,10,1,24,5,3,60.0,2,40.0,22,188,27,1,1,0,3,4,20,3,FRA-Ligue 1,2022,possession
NED,MF,26,1996,34.7,2428,96,582,1532,340,20,2428,40,16,40.0,13,32.5,1843,8655,3759,31,41,4,27,25,1616,30,FRA-Ligue 1,2022,possession
GRE,MF,21,2000,0.1,5,0,0,4,1,0,5,0,0,,0,,3,9,3,0,0,0,0,0,3,0,FRA-Ligue 1,2022,possession
NED,FW,21,2000,26.1,719,24,43,341,341,110,719,24,10,41.7,9,37.5,517,2700,742,23,21,8,40,18,574,174,FRA-Ligue 1,2022,possession
SRB,"FW,MF",24,1998,4.9,240,7,37,90,116,21,240,22,5,22.7,12,54.5,182,1095,521,21,13,11,13,3,169,50,FRA-Ligue 1,2022,possession
SUI,MF,26,1995,7.4,485,16,100,296,92,6,485,8,6,75.0,1,12.5,343,1717,666,7,10,2,6,7,313,13,FRA-Ligue 1,2022,possession
NOR,DF,21,2000,7.4,431,28,138,187,109,7,431,18,10,55.6,5,27.8,293,1715,1007,22,22,4,6,6,252,28,FRA-Ligue 1,2022,possession
MAR,"FW,MF",21,2001,0.7,29,0,7,11,11,2,29,2,1,50.0,1,50.0,22,91,32,1,1,0,6,1,21,3,FRA-Ligue 1,2022,possession
MAR,"FW,MF",22,2000,27.5,1163,32,156,456,571,151,1163,109,42,38.5,57,52.3,901,6003,2662,100,48,44,83,36,843,276,FRA-Ligue 1,2022,possession
POR,DF,24,1998,14.6,869,48,285,385,206,19,869,17,2,11.8,14,82.4,591,3294,1623,32,21,6,9,6,542,91,FRA-Ligue 1,2022,possession
FRA,DF,36,1985,17.7,909,182,521,367,31,9,909,10,4,40.0,4,40.0,634,3097,1427,4,7,0,7,0,551,2,FRA-Ligue 1,2022,possession
FRA,"FW,MF",18,2003,0.8,25,0,2,13,11,0,25,3,2,66.7,0,0.0,20,121,46,1,1,0,1,1,23,4,FRA-Ligue 1,2022,possession
SWE,FW,18,2004,0.2,18,0,3,8,7,0,18,1,1,100.0,0,0.0,12,74,21,0,1,0,4,2,12,2,FRA-Ligue 1,2022,possession
DEN,"DF,FW",23,1999,18.1,777,40,203,302,279,24,777,38,16,42.1,18,47.4,507,3086,1264,47,23,8,23,3,453,117,FRA-Ligue 1,2022,possession
CRO,MF,22,2000,0.3,20,1,3,12,5,1,20,0,0,,0,,12,48,16,0,0,0,0,0,8,0,FRA-Ligue 1,2022,possession
FRA,MF,17,2004,0.2,8,2,3,4,1,1,8,0,0,,0,,5,30,16,1,0,0,0,1,4,1,FRA-Ligue 1,2022,possession
USA,DF,25,1997,35.5,1784,375,1073,684,40,16,1784,15,7,46.7,4,26.7,1256,6680,3173,6,7,2,12,15,1097,0,FRA-Ligue 1,2022,possession
FRA,MF,30,1992,11.2,870,36,218,503,158,11,867,12,7,58.3,3,25.0,650,3120,1385,20,22,4,12,12,584,17,FRA-Ligue 1,2022,possession
FRA,GK,29,1993,29.6,1055,954,1053,2,0,0,1055,0,0,,0,,620,3049,1706,0,1,1,0,0,386,0,FRA-Ligue 1,2022,possession
CAN,"FW,MF",23,1998,9.9,222,7,19,125,79,22,222,17,6,35.3,11,64.7,138,758,271,9,4,6,18,7,152,34,FRA-Ligue 1,2022,possession
ECU,DF,21,2000,18.0,851,118,463,348,47,22,851,11,7,63.6,4,36.4,545,2845,1222,6,5,1,10,7,484,4,FRA-Ligue 1,2022,possession
FRA,MF,24,1998,2.6,159,2,33,96,36,1,159,17,10,58.8,7,41.2,126,949,518,10,13,0,3,13,121,8,FRA-Ligue 1,2022,possession
CMR,MF,21,2001,0.2,13,0,0,9,4,0,13,1,0,0.0,1,100.0,11,37,7,0,0,0,1,1,11,0,FRA-Ligue 1,2022,possession
FRA,"MF,FW",17,2004,2.4,77,0,7,32,41,8,77,11,5,45.5,4,36.4,61,541,280,12,8,4,9,4,60,18,FRA-Ligue 1,2022,possession
FRA,MF,20,2002,12.2,893,45,276,480,143,13,893,13,5,38.5,5,38.5,646,3160,1227,9,10,0,9,11,590,10,FRA-Ligue 1,2022,possession
GNB,FW,26,1995,29.6,1009,21,120,498,422,125,1007,124,56,45.2,54,43.5,687,4596,1725,51,29,25,122,68,681,179,FRA-Ligue 1,2022,possession
COL,"MF,DF",25,1996,0.1,8,0,4,3,1,0,8,1,0,0.0,0,0.0,5,30,0,0,0,0,0,2,5,0,FRA-Ligue 1,2022,possession
POL,GK,25,1997,8.3,342,271,339,3,0,0,342,0,0,,0,,212,1132,727,0,0,0,1,0,132,0,FRA-Ligue 1,2022,possession
FRA,DF,18,2003,0.8,44,2,14,16,14,0,44,1,0,0.0,1,100.0,28,186,28,0,0,0,2,0,27,7,FRA-Ligue 1,2022,possession
MTN,"DF,MF",22,2000,6.3,421,16,91,187,146,11,421,17,6,35.3,9,52.9,292,1885,1032,29,20,3,9,5,273,45,FRA-Ligue 1,2022,possession
FRA,"FW,MF",29,1993,14.7,689,13,85,336,278,55,689,42,11,26.2,26,61.9,471,2766,1121,28,17,8,31,20,481,104,FRA-Ligue 1,2022,possession
MLI,MF,25,1996,29.6,1698,113,505,1002,230,19,1698,71,50,70.4,15,21.1,1340,8361,3627,59,47,4,38,25,1180,36,FRA-Ligue 1,2022,possession
POR,"MF,FW",26,1995,26.1,1124,19,154,538,454,57,1124,85,45,52.9,33,38.8,805,5307,2266,61,49,13,46,37,755,117,FRA-Ligue 1,2022,possession
FRA,DF,18,2004,0.7,39,6,28,11,0,0,39,1,0,0.0,1,100.0,25,196,72,0,0,0,1,0,23,0,FRA-Ligue 1,2022,possession
FRA,DF,19,2003,5.7,291,56,186,95,12,1,291,3,2,66.7,1,33.3,194,766,353,0,2,0,1,2,167,3,FRA-Ligue 1,2022,possession
FRA,"DF,MF",20,2002,23.9,1138,85,395,425,339,34,1138,67,36,53.7,22,32.8,765,5808,2996,66,51,11,38,15,650,118,FRA-Ligue 1,2022,possession
CMR,MF,31,1991,1.1,88,0,9,41,38,5,88,2,1,50.0,1,50.0,66,263,123,1,1,1,1,1,61,4,FRA-Ligue 1,2022,possession
FRA,"MF,FW",17,2004,19.6,765,11,112,325,353,52,765,95,33,34.7,57,60.0,610,5160,2530,72,49,25,47,27,564,132,FRA-Ligue 1,2022,possession
FRA,MF,31,1991,27.0,1337,72,427,677,240,38,1337,17,9,52.9,5,29.4,939,4366,1543,18,21,5,24,12,840,49,FRA-Ligue 1,2022,possession
ALG,"DF,MF",21,2001,20.0,1073,72,324,485,289,26,1073,87,38,43.7,42,48.3,730,5119,2569,72,49,14,43,37,643,113,FRA-Ligue 1,2022,possession
GUF,DF,29,1992,29.4,1764,252,871,821,89,20,1764,13,6,46.2,5,38.5,1235,7197,3568,24,23,3,9,7,1082,9,FRA-Ligue 1,2022,possession
