nation,pos,age,born,90s,Total,Total,Total,Total,Total,Short,Short,Short,Medium,Medium,Medium,Long,Long,Long,Ast,xAG,Expected,Expected,KP,1/3,PPA,CrsPA,PrgP,league,season,stat_type
,,,,,Cmp,Att,Cmp%,TotDist,PrgDist,Cmp,Att,Cmp%,Cmp,Att,Cmp%,Cmp,Att,Cmp%,,,xA,A-xAG,,,,,,,,
NGA,"FW,MF",27-173,1997,19.7,538,739,72.8,7587,2152,338,392,86.2,139,195,71.3,35,77,45.5,5,5.3,6.3,-0.3,50,25,27,8,53,ITA-Serie A,2024,passing
ITA,MF,19-290,2005,0.1,11,12,91.7,196,29,5,6,83.3,6,6,100.0,0,0,,0,0.0,0.0,0.0,0,4,0,0,0,ITA-Serie A,2024,passing
ENG,DF,27-086,1998,0.3,8,10,80.0,122,16,5,5,100.0,2,3,66.7,1,1,100.0,0,0.0,0.0,0.0,0,2,0,0,1,ITA-Serie A,2024,passing
ALB,DF,32-051,1993,23.9,1213,1375,88.2,21462,5919,470,510,92.2,623,678,91.9,93,131,71.0,2,1.3,0.6,0.7,10,62,9,3,91,ITA-Serie A,2024,passing
BEL,"MF,FW",24-032,2001,19.9,646,852,75.8,9596,2533,377,445,84.7,209,278,75.2,40,64,62.5,5,5.3,4.1,-0.3,34,70,44,9,114,ITA-Serie A,2024,passing
ITA,"FW,MF",23-182,2001,1.1,23,36,63.9,301,44,17,23,73.9,4,5,80.0,1,1,100.0,0,0.0,0.1,0.0,0,1,1,0,2,ITA-Serie A,2024,passing
ITA,DF,32-304,1992,18.2,776,932,83.3,12191,3841,428,460,93.0,281,341,82.4,48,87,55.2,2,1.9,2.6,0.1,21,45,32,21,82,ITA-Serie A,2024,passing
ITA,"MF,FW",19-069,2006,0.2,5,6,83.3,54,9,5,5,100.0,0,1,0.0,0,0,,0,0.0,0.0,0.0,0,0,0,0,1,ITA-Serie A,2024,passing
ITA,FW,26-100,1999,0.1,1,1,100.0,8,0,1,1,100.0,0,0,,0,0,,0,0.0,0.0,0.0,0,0,0,0,0,ITA-Serie A,2024,passing
ITA,DF,21-121,2003,3.0,165,195,84.6,2779,1088,78,87,89.7,67,75,89.3,13,20,65.0,0,0.0,0.1,0.0,0,14,2,0,20,ITA-Serie A,2024,passing
GHA,MF,21-324,2003,1.4,98,111,88.3,1698,362,40,45,88.9,50,55,90.9,6,6,100.0,0,0.0,0.1,0.0,0,12,0,0,6,ITA-Serie A,2024,passing
SWE,DF,26-088,1999,20.9,979,1089,89.9,19026,5932,277,311,89.1,603,641,94.1,90,109,82.6,0,0.1,0.1,-0.1,1,36,0,0,42,ITA-Serie A,2024,passing
COL,"DF,MF",36-320,1988,7.6,375,478,78.5,6459,1695,198,229,86.5,132,165,80.0,41,65,63.1,2,1.4,1.7,0.6,16,27,19,2,48,ITA-Serie A,2024,passing
ARG,GK,30-340,1994,1.0,17,33,51.5,486,331,2,2,100.0,9,9,100.0,6,22,27.3,0,0.0,0.0,0.0,0,0,0,0,0,ITA-Serie A,2024,passing
SRB,"MF,FW",23-046,2002,11.6,495,631,78.4,8608,2025,251,285,88.1,172,224,76.8,62,97,63.9,1,1.7,3.2,-0.7,29,51,26,3,79,ITA-Serie A,2024,passing
ITA,MF,25-081,2000,9.3,270,344,78.5,3715,718,174,194,89.7,84,109,77.1,5,16,31.3,2,0.9,0.7,1.1,6,21,8,2,27,ITA-Serie A,2024,passing
ITA,GK,24-284,2000,28.0,656,880,74.5,18042,11996,87,87,100.0,381,382,99.7,187,408,45.8,0,0.2,0.0,-0.2,1,8,0,0,0,ITA-Serie A,2024,passing
ITA,DF,20-039,2005,1.2,53,71,74.6,745,242,32,39,82.1,18,22,81.8,1,4,25.0,0,0.1,0.3,-0.1,2,5,1,1,4,ITA-Serie A,2024,passing
CRO,MF,30-061,1995,17.7,1015,1155,87.9,17751,5009,419,462,90.7,496,545,91.0,83,108,76.9,3,3.0,1.8,0.0,27,113,19,1,116,ITA-Serie A,2024,passing
NED,"MF,DF",34-013,1991,28.0,1629,1877,86.8,30185,9269,603,665,90.7,847,933,90.8,149,224,66.5,3,1.8,2.2,1.2,20,196,21,3,205,ITA-Serie A,2024,passing
ITA,FW,25-347,1999,19.9,341,441,77.3,4777,662,210,245,85.7,103,128,80.5,15,25,60.0,4,3.2,1.6,0.8,27,20,4,0,30,ITA-Serie A,2024,passing
ITA,DF,22-274,2002,17.0,969,1144,84.7,15169,4001,543,586,92.7,358,410,87.3,51,100,51.0,2,1.7,1.5,0.3,20,59,20,18,95,ITA-Serie A,2024,passing
NED,MF,24-295,2000,0.2,7,9,77.8,109,22,2,3,66.7,5,5,100.0,0,1,0.0,0,0.0,0.0,0.0,0,1,0,0,1,ITA-Serie A,2024,passing
ITA,"FW,MF",25-283,1999,4.0,85,102,83.3,1138,252,53,58,91.4,25,33,75.8,3,6,50.0,2,0.5,0.6,1.5,7,5,5,0,13,ITA-Serie A,2024,passing
CIV,DF,24-097,2001,8.0,407,465,87.5,7371,2542,167,184,90.8,194,215,90.2,40,52,76.9,0,0.0,0.1,0.0,1,34,2,0,29,ITA-Serie A,2024,passing
ITA,DF,34-183,1990,3.8,216,243,88.9,3428,1071,108,115,93.9,96,103,93.2,10,17,58.8,0,0.2,0.5,-0.2,3,17,5,0,22,ITA-Serie A,2024,passing
ITA,DF,24-329,2000,21.2,794,1029,77.2,12604,3619,408,454,89.9,319,405,78.8,51,107,47.7,6,3.1,3.7,2.9,24,36,20,16,73,ITA-Serie A,2024,passing
POR,GK,37-055,1988,2.0,55,62,88.7,1307,770,10,10,100.0,38,38,100.0,7,14,50.0,0,0.0,0.0,0.0,0,0,0,0,0,ITA-Serie A,2024,passing
BIH,DF,31-295,1993,20.7,1106,1261,87.7,17039,5978,596,638,93.4,443,500,88.6,45,74,60.8,2,1.8,1.5,0.2,17,105,12,2,141,ITA-Serie A,2024,passing
AUT,DF,27-332,1997,3.8,179,217,82.5,2858,1024,101,104,97.1,65,75,86.7,11,28,39.3,0,0.0,0.1,0.0,0,20,2,0,19,ITA-Serie A,2024,passing
SRB,"FW,MF",21-019,2004,0.7,4,6,66.7,44,0,4,6,66.7,0,0,,0,0,,0,0.1,0.1,-0.1,2,0,0,0,0,ITA-Serie A,2024,passing
BRA,MF,25-278,1999,26.6,1411,1626,86.8,26040,7049,543,615,88.3,712,764,93.2,139,188,73.9,1,3.7,4.4,-2.7,29,156,35,5,173,ITA-Serie A,2024,passing
ARG,FW,21-204,2003,10.9,223,284,78.5,3010,523,155,176,88.1,53,66,80.3,9,16,56.3,2,0.4,0.9,1.6,6,9,12,1,26,ITA-Serie A,2024,passing
GRE,DF,31-171,1993,9.6,426,593,71.8,8451,2819,160,186,86.0,209,266,78.6,52,116,44.8,4,1.5,1.8,2.5,16,39,10,9,42,ITA-Serie A,2024,passing
SUI,FW,24-168,2000,20.0,454,613,74.1,7076,1557,259,304,85.2,151,197,76.6,29,56,51.8,3,2.3,1.7,0.7,20,31,22,2,65,ITA-Serie A,2024,passing
ITA,DF,28-126,1996,4.9,268,326,82.2,4595,1632,127,139,91.4,110,123,89.4,26,44,59.1,1,0.9,0.3,0.1,10,22,8,3,34,ITA-Serie A,2024,passing
SWE,DF,24-333,2000,10.8,498,642,77.6,9450,3033,208,240,86.7,231,280,82.5,56,102,54.9,1,0.4,0.6,0.6,7,45,10,4,45,ITA-Serie A,2024,passing
ESP,FW,21-230,2003,0.1,7,8,87.5,84,6,5,5,100.0,2,2,100.0,0,0,,0,0.2,0.2,-0.2,2,0,0,0,0,ITA-Serie A,2024,passing
ITA,GK,25-151,1999,8.7,271,340,79.7,6637,4377,51,51,100.0,158,158,100.0,60,129,46.5,0,0.0,0.0,0.0,1,10,0,0,0,ITA-Serie A,2024,passing
ITA,MF,22-087,2003,9.8,128,174,73.6,1882,259,76,92,82.6,46,57,80.7,3,10,30.0,1,1.1,0.2,-0.1,6,10,5,1,12,ITA-Serie A,2024,passing
DEN,"MF,FW",26-011,1999,19.2,355,475,74.7,5206,1285,206,233,88.4,117,161,72.7,19,37,51.4,1,1.8,1.4,-0.8,15,31,15,3,44,ITA-Serie A,2024,passing
SWE,FW,26-260,1998,3.3,72,96,75.0,962,159,42,53,79.2,27,31,87.1,1,4,25.0,0,0.1,0.1,-0.1,2,2,2,1,6,ITA-Serie A,2024,passing
COL,DF,26-289,1998,22.9,1495,1643,91.0,28269,8759,541,578,93.6,775,808,95.9,156,223,70.0,1,0.3,0.6,0.7,7,93,0,0,86,ITA-Serie A,2024,passing
ESP,DF,25-082,2000,20.6,1164,1548,75.2,22682,8120,430,481,89.4,567,685,82.8,153,331,46.2,6,5.1,4.6,0.9,45,124,43,26,126,ITA-Serie A,2024,passing
POL,MF,20-216,2004,2.7,106,126,84.1,1689,395,52,60,86.7,44,46,95.7,7,10,70.0,0,0.5,0.3,-0.5,9,14,5,1,15,ITA-Serie A,2024,passing
SCO,MF,25-230,1999,7.9,396,457,86.7,6838,1537,176,192,91.7,186,206,90.3,28,39,71.8,1,0.9,0.6,0.1,10,41,5,0,34,ITA-Serie A,2024,passing
ITA,DF,36-323,1988,8.5,324,405,80.0,5687,2360,142,162,87.7,152,186,81.7,25,42,59.5,0,0.3,0.3,-0.3,5,28,5,4,32,ITA-Serie A,2024,passing
CRO,DF,27-077,1998,3.2,198,217,91.2,4223,1313,49,52,94.2,120,128,93.8,27,34,79.4,0,0.0,0.0,0.0,0,12,0,0,11,ITA-Serie A,2024,passing
SUI,MF,28-095,1997,5.7,261,296,88.2,4614,1080,119,128,93.0,110,120,91.7,27,34,79.4,0,0.3,0.6,-0.3,7,29,3,1,26,ITA-Serie A,2024,passing
ITA,FW,24-104,2000,3.6,97,133,72.9,1381,383,56,67,83.6,31,41,75.6,5,8,62.5,3,1.7,1.5,1.3,7,7,9,5,15,ITA-Serie A,2024,passing
ITA,DF,27-056,1998,7.7,348,397,87.7,6856,2297,107,121,88.4,212,228,93.0,27,33,81.8,0,0.3,0.3,-0.3,2,15,1,0,18,ITA-Serie A,2024,passing
CRO,MF,27-030,1998,12.3,599,745,80.4,11724,3081,231,271,85.2,258,307,84.0,95,139,68.3,2,0.8,1.0,1.2,19,91,9,2,89,ITA-Serie A,2024,passing
MAR,MF,23-317,2001,0.1,3,4,75.0,55,0,1,1,100.0,2,2,100.0,0,0,,0,0.0,0.0,0.0,0,0,0,0,0,ITA-Serie A,2024,passing
SUI,MF,32-361,1992,29.0,1435,1632,87.9,23774,6047,657,709,92.7,664,729,91.1,83,132,62.9,2,1.3,1.4,0.7,31,170,22,4,178,ITA-Serie A,2024,passing
ITA,FW,28-077,1997,16.1,358,520,68.8,6351,1904,168,199,84.4,142,205,69.3,38,71,53.5,3,3.2,2.5,-0.2,26,31,25,9,61,ITA-Serie A,2024,passing
NED,DF,26-145,1998,28.5,1572,1823,86.2,31688,9914,461,516,89.3,941,1002,93.9,158,269,58.7,1,0.9,1.0,0.1,10,146,10,3,135,ITA-Serie A,2024,passing
ENG,"FW,MF",21-189,2003,1.3,62,87,71.3,1038,245,30,35,85.7,25,34,73.5,5,12,41.7,0,0.1,0.2,-0.1,1,4,3,1,7,ITA-Serie A,2024,passing
ARG,FW,20-194,2004,23.7,329,426,77.2,6016,904,135,165,81.8,138,164,84.1,39,51,76.5,4,2.3,1.5,1.7,26,22,6,0,36,ITA-Serie A,2024,passing
AUT,DF,27-332,1997,7.9,396,505,78.4,7784,2928,144,174,82.8,181,211,85.8,65,96,67.7,0,0.7,0.5,-0.7,10,40,11,7,36,ITA-Serie A,2024,passing
NED,"FW,MF",24-251,2000,7.9,137,191,71.7,1906,293,82,107,76.6,38,53,71.7,7,10,70.0,0,0.4,0.2,-0.4,7,8,3,0,10,ITA-Serie A,2024,passing
ITA,MF,25-270,1999,10.3,296,355,83.4,4806,1249,147,165,89.1,128,146,87.7,15,30,50.0,2,1.3,0.8,0.7,10,38,4,2,30,ITA-Serie A,2024,passing
POL,GK,33-341,1991,22.3,702,907,77.4,18931,12181,90,90,100.0,413,421,98.1,197,391,50.4,0,0.0,0.0,0.0,0,15,0,0,0,ITA-Serie A,2024,passing
SVK,DF,22-231,2002,10.4,347,460,75.4,5724,2329,177,202,87.6,140,167,83.8,24,57,42.1,1,0.4,0.2,0.6,10,33,4,1,46,ITA-Serie A,2024,passing
ALB,GK,27-117,1997,6.0,149,198,75.3,3658,2598,38,38,100.0,73,74,98.6,37,85,43.5,0,0.0,0.0,0.0,1,2,0,0,0,ITA-Serie A,2024,passing
ITA,MF,29-253,1995,12.6,301,415,72.5,5178,1340,140,173,80.9,128,164,78.0,26,43,60.5,1,0.6,0.6,0.4,3,34,6,1,31,ITA-Serie A,2024,passing
CGO,MF,26-267,1998,18.9,827,929,89.0,13300,3260,407,428,95.1,369,400,92.3,38,69,55.1,1,0.4,0.7,0.6,3,57,10,3,76,ITA-Serie A,2024,passing
ITA,GK,23-229,2001,12.0,315,476,66.2,9918,7921,35,35,100.0,149,152,98.0,130,288,45.1,0,0.0,0.0,0.0,0,6,0,0,0,ITA-Serie A,2024,passing
ROU,"FW,MF",27-001,1998,1.8,45,55,81.8,604,191,28,32,87.5,15,17,88.2,0,2,0.0,0,0.0,0.0,0.0,1,3,1,0,4,ITA-Serie A,2024,passing
ITA,DF,25-110,1999,27.5,1084,1397,77.6,18385,9045,510,564,90.4,479,592,80.9,79,173,45.7,0,3.1,3.1,-3.1,24,102,22,13,113,ITA-Serie A,2024,passing
ITA,"MF,FW",24-341,2000,9.8,213,299,71.2,3526,945,111,140,79.3,66,95,69.5,28,40,70.0,3,1.2,1.6,1.8,19,23,12,0,35,ITA-Serie A,2024,passing
PER,"FW,MF",35-063,1990,3.4,38,63,60.3,433,77,30,40,75.0,6,12,50.0,0,3,0.0,0,0.1,0.2,-0.1,3,3,1,0,7,ITA-Serie A,2024,passing
ARG,DF,35-096,1990,7.1,309,374,82.6,5918,2298,102,114,89.5,169,191,88.5,32,53,60.4,0,0.0,0.1,0.0,0,16,2,0,23,ITA-Serie A,2024,passing
ZAM,"MF,FW",22-096,2003,0.9,14,20,70.0,166,14,10,13,76.9,3,5,60.0,0,0,,0,0.0,0.0,0.0,0,1,0,0,0,ITA-Serie A,2024,passing
ITA,"FW,MF",36-136,1988,3.8,82,135,60.7,1045,323,52,75,69.3,22,35,62.9,1,5,20.0,0,1.0,0.7,-1.0,9,8,6,0,17,ITA-Serie A,2024,passing
POL,DF,28-059,1997,2.0,82,95,86.3,1672,723,19,21,90.5,56,60,93.3,6,11,54.5,0,0.2,0.2,-0.2,1,3,1,0,5,ITA-Serie A,2024,passing
ITA,MF,21-104,2003,5.4,157,215,73.0,3163,890,56,67,83.6,74,89,83.1,25,53,47.2,0,0.7,0.4,-0.7,6,17,4,1,17,ITA-Serie A,2024,passing
ITA,"MF,FW",23-359,2001,9.7,178,258,69.0,2324,747,122,156,78.2,46,62,74.2,5,14,35.7,3,1.0,0.7,2.0,9,11,3,0,18,ITA-Serie A,2024,passing
FRA,MF,24-266,2000,20.3,640,764,83.8,10118,2948,329,381,86.4,271,306,88.6,28,48,58.3,1,2.0,0.9,-1.0,16,71,10,2,76,ITA-Serie A,2024,passing
ITA,"DF,FW",25-296,1999,24.0,444,659,67.4,7286,2410,239,295,81.0,158,220,71.8,38,83,45.8,0,1.9,1.9,-1.9,22,32,26,18,44,ITA-Serie A,2024,passing
ITA,"MF,FW",35-181,1989,12.1,262,410,63.9,4685,1861,134,162,82.7,75,123,61.0,43,88,48.9,1,1.8,2.5,-0.8,24,33,10,2,44,ITA-Serie A,2024,passing
BRA,DF,30-270,1994,4.7,126,180,70.0,2228,889,58,74,78.4,53,69,76.8,12,29,41.4,0,0.9,0.7,-0.9,5,7,6,4,13,ITA-Serie A,2024,passing
ITA,FW,24-074,2001,28.8,289,433,66.7,3858,686,179,244,73.4,91,122,74.6,6,11,54.5,1,0.9,0.5,0.1,13,30,5,0,32,ITA-Serie A,2024,passing
ROU,MF,28-323,1996,12.7,480,623,77.0,8719,2802,223,256,87.1,195,230,84.8,55,115,47.8,2,3.0,3.0,-1.0,30,51,17,2,71,ITA-Serie A,2024,passing
ITA,DF,28-217,1996,31.0,1172,1392,84.2,21971,7400,391,423,92.4,688,756,91.0,85,187,45.5,3,1.3,0.7,1.7,8,78,5,1,86,ITA-Serie A,2024,passing
ITA,GK,28-315,1996,13.0,286,407,70.3,8534,6695,48,49,98.0,125,126,99.2,113,229,49.3,0,0.0,0.0,0.0,0,5,0,0,0,ITA-Serie A,2024,passing
ITA,"DF,FW",30-224,1994,23.5,899,1273,70.6,15656,6556,434,491,88.4,373,505,73.9,88,204,43.1,5,3.9,4.0,1.1,32,62,33,24,95,ITA-Serie A,2024,passing
COL,DF,30-200,1994,25.1,1098,1283,85.6,20268,7691,410,453,90.5,587,648,90.6,87,149,58.4,0,0.3,0.7,-0.3,4,57,6,1,70,ITA-Serie A,2024,passing
ANG,"FW,MF",23-033,2002,13.3,142,240,59.2,2107,569,90,115,78.3,42,76,55.3,8,23,34.8,1,1.6,1.0,-0.6,11,13,9,4,24,ITA-Serie A,2024,passing
ITA,FW,28-360,1996,1.0,15,23,65.2,184,7,10,16,62.5,2,4,50.0,1,1,100.0,0,0.0,0.1,0.0,0,0,0,0,0,ITA-Serie A,2024,passing
ITA,DF,26-180,1998,20.3,894,1020,87.6,16693,5441,310,336,92.3,507,547,92.7,65,110,59.1,2,0.7,0.4,1.3,5,33,1,0,36,ITA-Serie A,2024,passing
ESP,DF,32-280,1992,15.7,729,878,83.0,12744,4389,318,347,91.6,335,385,87.0,61,108,56.5,0,1.0,1.4,-1.0,16,54,18,10,64,ITA-Serie A,2024,passing
ITA,"FW,MF",30-275,1994,1.2,23,40,57.5,358,80,11,17,64.7,12,13,92.3,0,2,0.0,1,0.8,0.2,0.2,4,2,1,0,5,ITA-Serie A,2024,passing
ITA,"DF,FW",34-069,1991,4.2,162,215,75.3,3009,899,64,75,85.3,75,90,83.3,20,40,50.0,0,0.2,0.2,-0.2,3,6,3,3,6,ITA-Serie A,2024,passing
IRQ,"FW,DF",21-081,2004,0.1,7,9,77.8,71,35,6,6,100.0,1,3,33.3,0,0,,0,0.0,0.0,0.0,0,2,0,0,1,ITA-Serie A,2024,passing
GAM,"FW,DF",23-159,2001,17.7,428,572,74.8,6049,1609,243,274,88.7,137,188,72.9,22,40,55.0,3,3.9,1.9,-0.9,22,13,24,5,35,ITA-Serie A,2024,passing
GRE,FW,25-252,1999,2.2,29,38,76.3,351,65,21,24,87.5,5,7,71.4,2,3,66.7,0,0.1,0.2,-0.1,2,2,0,0,1,ITA-Serie A,2024,passing
ITA,FW,31-112,1993,6.6,90,120,75.0,1072,178,59,71,83.1,17,25,68.0,4,6,66.7,0,0.4,0.1,-0.4,7,5,1,0,9,ITA-Serie A,2024,passing
SEN,"FW,MF",19-216,2005,12.0,212,269,78.8,2896,636,132,155,85.2,65,74,87.8,7,11,63.6,1,0.4,0.5,0.6,8,10,13,0,33,ITA-Serie A,2024,passing
CIV,MF,25-028,2000,0.6,23,24,95.8,452,148,8,9,88.9,13,13,100.0,2,2,100.0,0,0.0,0.0,0.0,0,3,1,0,3,ITA-Serie A,2024,passing
ITA,MF,33-030,1992,0.2,24,27,88.9,437,123,7,8,87.5,16,17,94.1,1,2,50.0,0,0.0,0.0,0.0,0,2,0,0,4,ITA-Serie A,2024,passing
ENG,MF,29-000,1996,0.1,3,3,100.0,21,4,2,2,100.0,0,0,,0,0,,0,0.0,0.0,0.0,0,0,0,0,0,ITA-Serie A,2024,passing
ITA,DF,31-160,1993,22.1,1027,1200,85.6,19088,7215,395,417,94.7,530,583,90.9,85,158,53.8,0,0.1,0.3,-0.1,3,62,5,1,59,ITA-Serie A,2024,passing
IDN,GK,28-083,1997,8.0,209,253,82.6,4830,3117,51,51,100.0,118,120,98.3,40,82,48.8,0,0.0,0.0,0.0,0,1,0,0,0,ITA-Serie A,2024,passing
ITA,DF,31-222,1993,4.8,258,292,88.4,4163,1406,132,143,92.3,106,117,90.6,15,26,57.7,0,0.0,0.0,0.0,0,18,2,0,25,ITA-Serie A,2024,passing
BRA,DF,19-089,2006,1.9,77,98,78.6,1441,479,37,40,92.5,27,32,84.4,12,17,70.6,0,0.1,0.0,-0.1,1,6,1,0,8,ITA-Serie A,2024,passing
BRA,"FW,MF",27-358,1997,24.7,744,988,75.3,11529,2989,412,463,89.0,218,285,76.5,65,132,49.2,3,3.0,3.0,0.0,47,58,24,7,91,ITA-Serie A,2024,passing
BEL,DF,23-010,2002,11.8,470,578,81.3,7156,2207,253,275,92.0,187,230,81.3,18,39,46.2,1,0.5,0.4,0.5,9,24,5,3,33,ITA-Serie A,2024,passing
CRO,DF,24-237,2000,6.0,287,351,81.8,5176,1601,135,149,90.6,114,133,85.7,35,63,55.6,0,0.1,0.1,-0.1,1,17,3,0,23,ITA-Serie A,2024,passing
FRA,GK,29-307,1995,13.0,436,542,80.4,11472,8104,79,80,98.8,228,230,99.1,128,229,55.9,0,0.0,0.0,0.0,0,13,0,0,1,ITA-Serie A,2024,passing
FRA,FW,26-344,1998,2.3,48,62,77.4,696,125,30,37,81.1,16,20,80.0,1,1,100.0,0,0.0,0.0,0.0,1,5,0,0,4,ITA-Serie A,2024,passing
ITA,MF,29-147,1995,3.7,156,197,79.2,2770,917,73,80,91.3,60,75,80.0,19,29,65.5,1,0.6,0.6,0.4,6,21,4,0,27,ITA-Serie A,2024,passing
FRA,MF,23-306,2001,22.4,1081,1289,83.9,17631,4733,546,598,91.3,401,452,88.7,91,165,55.2,1,2.6,3.5,-1.6,39,95,21,7,104,ITA-Serie A,2024,passing
GER,DF,30-073,1995,23.1,1212,1388,87.3,21242,8018,517,557,92.8,582,625,93.1,93,162,57.4,0,1.2,1.1,-1.2,10,96,9,1,75,ITA-Serie A,2024,passing
ITA,DF,25-311,1999,2.9,115,152,75.7,1728,523,61,67,91.0,43,55,78.2,5,17,29.4,0,0.1,0.2,-0.1,1,8,2,1,16,ITA-Serie A,2024,passing
AUT,MF,23-015,2002,3.0,128,146,87.7,2154,616,60,64,93.8,55,61,90.2,10,16,62.5,0,0.0,0.0,0.0,0,13,0,0,18,ITA-Serie A,2024,passing
FRA,MF,25-055,2000,7.5,263,318,82.7,4189,1683,144,163,88.3,92,110,83.6,22,30,73.3,3,1.1,0.5,1.9,13,44,10,1,39,ITA-Serie A,2024,passing
ARG,MF,22-094,2003,15.2,880,977,90.1,14134,4705,447,471,94.9,355,385,92.2,56,77,72.7,2,1.5,1.0,0.5,23,71,11,0,71,ITA-Serie A,2024,passing
KVX,DF,30-069,1995,2.0,124,152,81.6,2183,717,52,55,94.5,60,70,85.7,10,21,47.6,1,1.2,0.1,-0.2,4,9,2,1,13,ITA-Serie A,2024,passing
ARG,"MF,FW",20-215,2004,24.0,784,973,80.6,11004,3197,476,534,89.1,236,278,84.9,39,80,48.8,5,4.7,3.1,0.3,46,86,34,2,132,ITA-Serie A,2024,passing
DEN,MF,28-305,1996,0.1,1,1,100.0,21,7,0,0,,1,1,100.0,0,0,,0,0.0,0.0,0.0,0,0,0,0,0,ITA-Serie A,2024,passing
ITA,FW,27-098,1998,20.3,303,436,69.5,3973,614,185,237,78.1,87,118,73.7,7,19,36.8,3,2.0,1.9,1.0,18,15,9,2,26,ITA-Serie A,2024,passing
ESP,GK,42-223,1982,10.0,234,311,75.2,6015,4357,55,55,100.0,112,115,97.4,67,141,47.5,0,0.0,0.0,0.0,0,3,0,0,0,ITA-Serie A,2024,passing
ESP,MF,33-063,1992,7.6,451,499,90.4,5970,1405,298,321,92.8,124,128,96.9,13,19,68.4,1,0.7,0.5,0.3,15,28,5,0,35,ITA-Serie A,2024,passing
ITA,"MF,FW",32-273,1992,1.3,31,60,51.7,576,243,16,24,66.7,10,15,66.7,5,15,33.3,0,0.5,0.6,-0.5,6,2,3,3,5,ITA-Serie A,2024,passing
GER,"MF,DF",24-063,2001,12.0,563,637,88.4,8722,2155,292,316,92.4,226,243,93.0,27,40,67.5,1,1.4,1.4,-0.4,11,37,2,0,51,ITA-Serie A,2024,passing
ESP,DF,20-351,2004,7.9,379,444,85.4,5894,2103,202,217,93.1,152,168,90.5,17,34,50.0,0,0.4,0.3,-0.4,6,28,7,3,30,ITA-Serie A,2024,passing
ITA,MF,30-035,1995,18.9,495,659,75.1,8378,2640,206,251,82.1,251,313,80.2,26,60,43.3,0,0.8,0.6,-0.8,6,47,6,0,54,ITA-Serie A,2024,passing
ALB,DF,28-193,1996,22.9,686,799,85.9,13855,4670,161,180,89.4,455,498,91.4,66,109,60.6,0,0.0,0.1,0.0,0,6,0,0,24,ITA-Serie A,2024,passing
CIV,"FW,MF",27-126,1997,5.6,93,153,60.8,1277,304,53,83,63.9,26,47,55.3,6,7,85.7,0,0.7,0.6,-0.7,8,9,8,1,13,ITA-Serie A,2024,passing
COL,GK,26-334,1998,25.0,527,865,60.9,15650,11575,72,72,100.0,258,268,96.3,197,522,37.7,0,0.0,0.1,0.0,0,21,1,0,0,ITA-Serie A,2024,passing
SWE,"MF,FW",22-290,2002,2.1,30,44,68.2,444,85,17,24,70.8,11,14,78.6,1,1,100.0,0,0.1,0.1,-0.1,2,2,2,0,5,ITA-Serie A,2024,passing
GHA,"DF,FW",31-090,1994,29.1,681,877,77.7,10422,3671,367,423,86.8,249,309,80.6,40,74,54.1,1,0.5,1.4,0.5,10,37,12,6,40,ITA-Serie A,2024,passing
ENG,MF,23-139,2001,10.9,309,382,80.9,5431,1868,139,163,85.3,139,156,89.1,24,42,57.1,3,1.6,1.1,1.4,16,37,13,1,50,ITA-Serie A,2024,passing
ITA,FW,37-248,1987,0.1,2,2,100.0,26,0,1,1,100.0,1,1,100.0,0,0,,0,0.0,0.0,0.0,0,0,0,0,0,ITA-Serie A,2024,passing
ITA,"DF,FW",27-133,1997,26.0,683,1022,66.8,11335,4800,341,408,83.6,266,377,70.6,59,155,38.1,3,3.5,3.6,-0.5,29,42,23,17,65,ITA-Serie A,2024,passing
CIV,"FW,MF",19-013,2006,0.7,9,21,42.9,166,39,5,14,35.7,3,5,60.0,1,1,100.0,0,0.0,0.0,0.0,0,2,0,0,2,ITA-Serie A,2024,passing
ITA,MF,19-296,2005,0.3,6,11,54.5,113,46,4,4,100.0,1,3,33.3,1,2,50.0,0,0.0,0.0,0.0,0,1,0,0,1,ITA-Serie A,2024,passing
ITA,"MF,FW",22-026,2003,8.9,164,224,73.2,2511,732,87,103,84.5,60,76,78.9,9,21,42.9,0,0.2,0.3,-0.2,5,14,3,0,25,ITA-Serie A,2024,passing
ITA,GK,20-053,2005,1.0,14,22,63.6,384,277,1,1,100.0,9,10,90.0,4,10,40.0,0,0.0,0.0,0.0,0,0,0,0,0,ITA-Serie A,2024,passing
FRA,"DF,FW",28-216,1996,3.4,86,129,66.7,1504,722,34,44,77.3,42,55,76.4,6,23,26.1,0,0.2,0.2,-0.2,4,10,7,5,18,ITA-Serie A,2024,passing
SCO,MF,28-351,1996,21.6,586,810,72.3,10241,3270,241,298,80.9,269,332,81.0,53,137,38.7,2,2.9,2.2,-0.9,27,69,18,8,83,ITA-Serie A,2024,passing
NZL,"DF,MF",24-196,2000,19.4,518,748,69.3,8796,3620,236,283,83.4,204,274,74.5,53,131,40.5,2,1.2,1.1,0.8,19,44,12,5,55,ITA-Serie A,2024,passing
ITA,"FW,MF",23-034,2002,21.9,304,454,67.0,4408,886,171,221,77.4,87,128,68.0,22,43,51.2,2,2.8,0.8,-0.8,18,20,10,2,37,ITA-Serie A,2024,passing
ITA,DF,19-072,2006,0.0,4,4,100.0,72,24,0,0,,4,4,100.0,0,0,,0,0.0,0.0,0.0,0,0,0,0,0,ITA-Serie A,2024,passing
ITA,DF,20-262,2004,7.4,216,280,77.1,4475,1899,68,77,88.3,104,113,92.0,37,75,49.3,0,0.2,0.2,-0.2,2,18,1,1,14,ITA-Serie A,2024,passing
ITA,GK,34-040,1991,5.0,94,148,63.5,3026,2507,19,19,100.0,33,34,97.1,42,95,44.2,0,0.0,0.0,0.0,0,8,0,0,0,ITA-Serie A,2024,passing
ITA,DF,32-173,1992,8.5,233,299,77.9,4506,1744,86,97,88.7,116,145,80.0,28,47,59.6,0,0.2,0.2,-0.2,3,12,4,2,18,ITA-Serie A,2024,passing
ITA,DF,23-077,2002,21.8,711,887,80.2,13076,4616,249,289,86.2,349,394,88.6,78,156,50.0,0,0.2,0.1,-0.2,3,59,1,0,68,ITA-Serie A,2024,passing
SUI,MF,29-078,1996,3.2,99,121,81.8,1517,372,51,62,82.3,39,44,88.6,5,9,55.6,0,0.1,0.0,-0.1,2,5,0,0,9,ITA-Serie A,2024,passing
NOR,"MF,FW",26-216,1998,6.9,95,143,66.4,1510,468,50,71,70.4,34,45,75.6,6,12,50.0,0,0.4,0.2,-0.4,7,9,4,1,16,ITA-Serie A,2024,passing
SVN,MF,29-186,1995,0.0,1,3,33.3,9,4,1,1,100.0,0,1,0.0,0,1,0.0,0,0.0,0.0,0.0,0,0,0,0,0,ITA-Serie A,2024,passing
ITA,FW,24-025,2001,4.6,50,72,69.4,725,123,24,29,82.8,21,25,84.0,1,2,50.0,0,0.6,0.2,-0.6,7,3,2,0,8,ITA-Serie A,2024,passing
GEO,DF,20-290,2004,23.3,608,780,77.9,12221,4101,185,214,86.4,342,392,87.2,77,151,51.0,0,0.1,0.1,-0.1,2,36,0,0,35,ITA-Serie A,2024,passing
POL,DF,25-006,2000,2.0,48,62,77.4,874,473,21,26,80.8,18,21,85.7,7,11,63.6,0,0.1,0.0,-0.1,1,6,1,0,8,ITA-Serie A,2024,passing
ITA,"MF,FW",22-283,2002,20.3,361,609,59.3,5457,2224,190,266,71.4,107,169,63.3,35,79,44.3,0,1.9,1.8,-1.9,30,47,21,2,71,ITA-Serie A,2024,passing
POL,MF,27-198,1997,1.2,27,33,81.8,338,109,15,15,100.0,9,10,90.0,0,2,0.0,0,0.0,0.0,0.0,0,0,1,0,1,ITA-Serie A,2024,passing
ITA,FW,17-041,2008,0.3,9,13,69.2,127,0,3,6,50.0,4,4,100.0,0,0,,0,0.0,0.0,0.0,0,0,0,0,0,ITA-Serie A,2024,passing
NGA,DF,29-116,1995,0.3,15,19,78.9,201,112,9,10,90.0,5,7,71.4,0,0,,0,0.0,0.0,0.0,0,0,1,1,0,ITA-Serie A,2024,passing
UKR,"MF,DF",29-056,1996,0.6,22,28,78.6,359,56,7,10,70.0,13,16,81.3,1,1,100.0,0,0.0,0.0,0.0,0,3,0,0,3,ITA-Serie A,2024,passing
MAR,MF,26-232,1998,16.8,398,560,71.1,6528,2261,194,240,80.8,145,196,74.0,36,74,48.6,1,0.9,0.4,0.1,12,62,11,2,72,ITA-Serie A,2024,passing
ISL,"MF,FW",27-300,1997,10.9,288,354,81.4,4231,896,151,163,92.6,104,125,83.2,12,28,42.9,0,1.1,0.6,-1.1,10,26,2,0,31,ITA-Serie A,2024,passing
ITA,MF,22-192,2002,0.2,9,12,75.0,191,17,3,5,60.0,5,5,100.0,1,1,100.0,0,0.0,0.0,0.0,0,1,0,0,0,ITA-Serie A,2024,passing
MAR,MF,23-077,2002,8.1,350,403,86.8,5496,1219,166,178,93.3,158,178,88.8,15,21,71.4,0,0.2,0.3,-0.2,6,33,3,0,32,ITA-Serie A,2024,passing
ITA,"FW,MF",25-335,1999,15.7,360,447,80.5,5676,1174,203,218,93.1,123,154,79.9,25,52,48.1,1,1.3,1.3,-0.3,17,18,15,1,56,ITA-Serie A,2024,passing
CZE,MF,30-129,1994,0.6,17,20,85.0,228,77,8,10,80.0,8,9,88.9,0,0,,0,0.3,0.1,-0.3,3,1,1,0,2,ITA-Serie A,2024,passing
ITA,MF,20-258,2004,2.8,95,123,77.2,1377,284,51,67,76.1,38,44,86.4,2,3,66.7,0,0.0,0.1,0.0,1,6,1,1,11,ITA-Serie A,2024,passing
CIV,"FW,MF",27-126,1997,6.9,137,197,69.5,2017,386,73,94,77.7,42,60,70.0,12,17,70.6,1,1.5,0.7,-0.5,9,10,4,1,16,ITA-Serie A,2024,passing
ITA,DF,32-222,1992,4.8,259,309,83.8,4734,1698,107,115,93.0,122,132,92.4,26,51,51.0,0,0.3,0.5,-0.3,6,16,3,2,15,ITA-Serie A,2024,passing
ITA,MF,30-248,1994,16.2,709,839,84.5,11968,3802,328,361,90.9,310,342,90.6,53,103,51.5,0,0.6,0.6,-0.6,13,73,9,2,78,ITA-Serie A,2024,passing
ESP,GK,34-155,1990,28.0,663,916,72.4,20706,15647,87,87,100.0,291,295,98.6,284,526,54.0,1,0.4,0.0,0.6,3,18,0,0,0,ITA-Serie A,2024,passing
BRA,DF,26-145,1998,29.6,1144,1476,77.5,20544,6442,458,533,85.9,580,699,83.0,91,180,50.6,4,3.7,3.8,0.3,30,74,33,19,110,ITA-Serie A,2024,passing
ITA,"MF,FW",22-330,2002,9.5,282,344,82.0,4672,1058,139,159,87.4,112,125,89.6,24,32,75.0,2,1.5,0.8,0.5,11,18,4,0,37,ITA-Serie A,2024,passing
ITA,"DF,MF",24-153,2000,9.0,277,346,80.1,4546,1480,144,163,88.3,107,132,81.1,19,29,65.5,0,0.8,0.8,-0.8,4,21,7,2,34,ITA-Serie A,2024,passing
FRA,"FW,MF",26-344,1998,3.7,86,102,84.3,1227,271,52,57,91.2,26,32,81.3,3,4,75.0,0,0.1,0.4,-0.1,2,7,4,0,13,ITA-Serie A,2024,passing
ITA,DF,25-353,1999,28.6,1256,1459,86.1,23909,8689,446,476,93.7,652,698,93.4,140,238,58.8,2,1.5,1.2,0.5,11,60,7,3,62,ITA-Serie A,2024,passing
ARG,"MF,FW",24-013,2001,17.7,403,514,78.4,6194,1281,210,248,84.7,145,176,82.4,25,43,58.1,4,2.9,1.8,1.1,27,35,15,3,55,ITA-Serie A,2024,passing
ARG,DF,28-336,1996,3.9,226,255,88.6,4391,1769,78,83,94.0,121,132,91.7,26,36,72.2,0,0.0,0.1,0.0,1,15,0,0,14,ITA-Serie A,2024,passing
ITA,FW,19-059,2006,0.1,5,6,83.3,66,21,4,4,100.0,1,2,50.0,0,0,,0,0.0,0.0,0.0,0,0,0,0,1,ITA-Serie A,2024,passing
CRO,DF,27-212,1997,10.0,397,447,88.8,7928,2816,108,121,89.3,233,245,95.1,47,63,74.6,0,0.2,0.2,-0.2,5,24,2,0,15,ITA-Serie A,2024,passing
ARG,DF,21-199,2003,1.6,58,71,81.7,1022,367,24,28,85.7,26,29,89.7,5,7,71.4,0,0.0,0.0,0.0,1,5,2,0,6,ITA-Serie A,2024,passing
ITA,"FW,MF",27-063,1998,5.9,135,188,71.8,2106,622,61,71,85.9,53,71,74.6,11,21,52.4,0,0.6,0.5,-0.6,3,13,5,2,20,ITA-Serie A,2024,passing
ITA,"DF,FW",20-275,2004,1.4,43,68,63.2,688,215,21,25,84.0,20,28,71.4,2,11,18.2,0,0.2,0.0,-0.2,1,4,1,0,8,ITA-Serie A,2024,passing
ITA,FW,25-042,2000,26.0,199,284,70.1,3101,492,112,139,80.6,65,98,66.3,14,16,87.5,3,1.8,1.0,1.2,16,10,8,1,23,ITA-Serie A,2024,passing
ITA,MF,24-058,2001,5.6,236,290,81.4,4000,1194,110,123,89.4,90,105,85.7,26,44,59.1,2,1.5,1.3,0.5,8,20,6,0,26,ITA-Serie A,2024,passing
ITA,FW,25-283,1999,2.9,34,52,65.4,549,111,16,20,80.0,14,21,66.7,2,4,50.0,0,0.1,0.2,-0.1,2,3,0,0,4,ITA-Serie A,2024,passing
ESP,DF,31-223,1993,5.2,187,209,89.5,3340,1317,67,73,91.8,107,111,96.4,11,19,57.9,0,0.0,0.0,0.0,0,6,0,0,10,ITA-Serie A,2024,passing
ITA,DF,20-050,2005,21.6,929,1085,85.6,19230,5426,234,267,87.6,563,613,91.8,124,176,70.5,0,0.5,0.2,-0.5,5,49,2,0,58,ITA-Serie A,2024,passing
ITA,GK,35-034,1990,3.0,70,89,78.7,1552,957,18,18,100.0,40,40,100.0,11,30,36.7,0,0.0,0.0,0.0,0,0,0,0,0,ITA-Serie A,2024,passing
ITA,"FW,MF",25-312,1999,9.3,196,278,70.5,3011,484,107,132,81.1,80,108,74.1,7,22,31.8,1,0.9,1.0,0.1,12,5,12,4,18,ITA-Serie A,2024,passing
GER,DF,30-280,1994,22.9,850,1117,76.1,14543,5723,390,458,85.2,389,496,78.4,63,120,52.5,4,1.9,1.5,2.1,22,61,28,10,84,ITA-Serie A,2024,passing
ITA,MF,27-286,1997,14.8,500,638,78.4,9154,2842,207,235,88.1,236,287,82.2,51,91,56.0,2,2.0,1.6,0.0,17,53,11,5,55,ITA-Serie A,2024,passing
MAR,MF,28-233,1996,2.0,112,133,84.2,2140,528,46,50,92.0,50,59,84.7,13,20,65.0,0,0.1,0.1,-0.1,2,10,0,0,14,ITA-Serie A,2024,passing
ITA,MF,18-152,2006,0.1,1,3,33.3,22,19,0,0,,1,3,33.3,0,0,,0,0.0,0.1,0.0,1,0,0,0,1,ITA-Serie A,2024,passing
FRA,MF,24-256,2000,12.5,654,804,81.3,12894,4220,275,303,90.8,263,293,89.8,108,179,60.3,4,2.2,2.0,1.8,21,80,10,3,97,ITA-Serie A,2024,passing
ESP,DF,27-354,1997,28.2,1017,1410,72.1,18987,7400,410,464,88.4,456,585,77.9,133,305,43.6,4,4.6,5.4,-0.6,56,67,24,16,82,ITA-Serie A,2024,passing
URU,DF,20-182,2004,10.0,280,359,78.0,5637,1806,72,89,80.9,181,205,88.3,25,50,50.0,0,0.2,0.3,-0.2,3,10,4,2,15,ITA-Serie A,2024,passing
ITA,DF,22-198,2002,0.5,12,20,60.0,236,47,3,4,75.0,8,13,61.5,1,1,100.0,0,0.0,0.0,0.0,0,0,0,0,1,ITA-Serie A,2024,passing
ITA,DF,26-209,1998,7.9,266,341,78.0,5278,2121,97,110,88.2,128,152,84.2,35,64,54.7,0,0.0,0.2,0.0,1,35,4,3,26,ITA-Serie A,2024,passing
ITA,"FW,DF",24-190,2000,17.3,305,457,66.7,5019,1559,157,191,82.2,118,169,69.8,21,53,39.6,0,1.6,1.0,-1.6,19,9,20,12,26,ITA-Serie A,2024,passing
ITA,FW,25-327,1999,26.8,354,567,62.4,5116,865,191,263,72.6,120,189,63.5,19,35,54.3,1,1.6,1.2,-0.6,13,20,7,2,39,ITA-Serie A,2024,passing
ENG,"DF,MF",21-089,2004,2.3,58,78,74.4,883,355,30,38,78.9,25,32,78.1,2,4,50.0,0,0.0,0.0,0.0,1,2,0,0,6,ITA-Serie A,2024,passing
GHA,FW,31-019,1994,5.4,63,88,71.6,933,160,33,48,68.8,25,28,89.3,2,5,40.0,3,0.7,0.2,2.3,7,6,1,0,7,ITA-Serie A,2024,passing
NGA,"FW,MF",23-056,2002,0.5,6,7,85.7,53,28,3,4,75.0,1,1,100.0,0,0,,0,0.0,0.0,0.0,0,0,1,0,1,ITA-Serie A,2024,passing
NOR,MF,26-030,1999,1.8,69,86,80.2,1180,161,30,38,78.9,33,35,94.3,4,5,80.0,0,0.1,0.0,-0.1,3,1,0,0,5,ITA-Serie A,2024,passing
ITA,"MF,FW",21-251,2003,17.8,404,545,74.1,7038,1983,195,222,87.8,149,182,81.9,43,95,45.3,3,2.0,2.1,1.0,21,24,13,2,53,ITA-Serie A,2024,passing
ITA,MF,21-065,2004,0.1,4,6,66.7,55,19,2,3,66.7,2,2,100.0,0,1,0.0,0,0.0,0.0,0.0,0,0,0,0,0,ITA-Serie A,2024,passing
ITA,"MF,FW",26-052,1999,1.0,9,16,56.3,197,105,2,2,100.0,6,8,75.0,1,2,50.0,1,0.5,0.2,0.5,1,1,1,0,1,ITA-Serie A,2024,passing
URU,MF,29-304,1995,0.3,11,15,73.3,139,33,4,5,80.0,3,4,75.0,1,1,100.0,0,0.0,0.0,0.0,0,1,0,0,2,ITA-Serie A,2024,passing
ITA,DF,17-047,2008,0.9,12,17,70.6,275,122,3,5,60.0,7,7,100.0,2,4,50.0,0,0.0,0.0,0.0,0,0,0,0,2,ITA-Serie A,2024,passing
CMR,MF,25-093,2000,1.8,60,74,81.1,1013,216,29,33,87.9,24,32,75.0,6,7,85.7,0,0.1,0.0,-0.1,2,4,0,0,7,ITA-Serie A,2024,passing
ITA,"FW,MF",18-151,2006,7.3,95,142,66.9,1241,381,54,73,74.0,26,39,66.7,4,6,66.7,1,1.0,0.5,0.0,10,8,4,0,14,ITA-Serie A,2024,passing
MEX,DF,26-171,1998,28.4,1253,1475,84.9,23846,7562,389,437,89.0,749,802,93.4,101,190,53.2,0,0.3,0.4,-0.3,7,61,6,2,82,ITA-Serie A,2024,passing
BRA,"MF,FW",33-333,1991,6.0,105,157,66.9,1829,594,51,63,81.0,41,62,66.1,11,23,47.8,1,0.3,0.3,0.7,5,16,5,1,22,ITA-Serie A,2024,passing
BEL,DF,22-303,2002,18.1,828,964,85.9,14696,4827,312,348,89.7,442,486,90.9,56,93,60.2,0,0.2,0.1,-0.2,3,31,2,1,47,ITA-Serie A,2024,passing
ISR,"MF,FW",19-196,2005,1.8,43,50,86.0,853,310,16,18,88.9,18,21,85.7,7,9,77.8,0,0.1,0.1,-0.1,2,6,1,0,6,ITA-Serie A,2024,passing
ITA,"FW,MF",18-293,2006,0.7,13,26,50.0,237,38,6,11,54.5,5,5,100.0,1,4,25.0,0,0.2,0.1,-0.2,2,0,3,1,2,ITA-Serie A,2024,passing
ITA,"FW,MF",34-242,1990,0.7,4,15,26.7,102,18,1,5,20.0,2,5,40.0,1,3,33.3,0,0.0,0.0,0.0,0,0,0,0,1,ITA-Serie A,2024,passing
ITA,DF,31-122,1993,14.8,678,778,87.1,13729,4959,179,199,89.9,415,446,93.0,79,120,65.8,0,0.2,0.2,-0.2,2,16,2,1,23,ITA-Serie A,2024,passing
CIV,"FW,MF",28-196,1996,2.6,49,71,69.0,752,162,33,40,82.5,13,18,72.2,3,5,60.0,1,0.6,0.7,0.4,5,2,3,2,4,ITA-Serie A,2024,passing
CRO,MF,36-045,1989,14.9,619,767,80.7,10698,3510,276,323,85.4,274,305,89.8,53,104,51.0,0,1.1,0.9,-1.1,12,70,9,0,80,ITA-Serie A,2024,passing
DEN,MF,24-004,2001,29.5,913,1079,84.6,13710,2827,486,538,90.3,357,407,87.7,33,55,60.0,0,0.7,0.6,-0.7,10,67,9,0,91,ITA-Serie A,2024,passing
NOR,MF,28-341,1996,18.1,298,448,66.5,3906,1529,180,239,75.3,83,129,64.3,11,16,68.8,1,1.9,1.1,-0.9,23,43,10,1,53,ITA-Serie A,2024,passing
ITA,GK,32-053,1993,24.0,552,780,70.8,15367,10747,105,106,99.1,273,276,98.9,174,396,43.9,0,0.0,0.0,0.0,0,6,0,0,0,ITA-Serie A,2024,passing
ITA,MF,24-074,2001,10.2,301,400,75.3,4784,1078,145,174,83.3,121,147,82.3,24,47,51.1,0,0.1,0.3,-0.1,4,24,3,2,31,ITA-Serie A,2024,passing
ITA,GK,30-024,1995,7.0,206,250,82.4,5777,4236,34,34,100.0,108,108,100.0,64,108,59.3,0,0.0,0.0,0.0,0,3,0,0,0,ITA-Serie A,2024,passing
UKR,"MF,FW",31-342,1993,4.3,164,201,81.6,2906,846,82,94,87.2,62,73,84.9,18,28,64.3,2,1.5,0.7,0.5,8,22,9,0,32,ITA-Serie A,2024,passing
ITA,DF,32-088,1993,19.3,656,974,67.4,12569,6332,246,280,87.9,325,439,74.0,73,196,37.2,1,1.5,1.2,-0.5,15,67,25,11,72,ITA-Serie A,2024,passing
POR,"FW,MF",25-027,2000,10.5,130,213,61.0,2005,523,69,91,75.8,50,72,69.4,8,19,42.1,2,2.7,1.4,-0.7,11,9,8,5,14,ITA-Serie A,2024,passing
NED,"MF,FW",27-088,1998,5.1,160,202,79.2,2324,580,96,106,90.6,54,69,78.3,6,15,40.0,2,0.4,0.6,1.6,4,16,3,2,21,ITA-Serie A,2024,passing
ITA,"FW,MF",18-171,2006,0.1,6,8,75.0,90,18,4,6,66.7,2,2,100.0,0,0,,0,0.0,0.0,0.0,0,1,0,0,1,ITA-Serie A,2024,passing
SWE,FW,24-031,2001,15.5,244,346,70.5,3228,640,141,179,78.8,69,91,75.8,9,16,56.3,1,2.0,0.8,-1.0,18,21,12,1,30,ITA-Serie A,2024,passing
FRA,MF,25-320,1999,3.4,74,101,73.3,1275,449,32,41,78.0,35,46,76.1,5,9,55.6,0,0.2,0.1,-0.2,4,12,2,0,14,ITA-Serie A,2024,passing
DEN,"FW,MF",24-314,2000,15.4,186,270,68.9,2684,474,98,125,78.4,61,82,74.4,12,26,46.2,1,0.9,1.1,0.1,11,10,8,1,27,ITA-Serie A,2024,passing
SEN,MF,25-082,2000,6.4,137,171,80.1,2242,384,65,82,79.3,54,65,83.1,12,14,85.7,0,0.0,0.2,0.0,1,15,1,0,17,ITA-Serie A,2024,passing
CPV,"FW,MF",23-342,2001,9.1,76,143,53.1,1031,254,44,72,61.1,21,35,60.0,3,7,42.9,1,0.9,0.8,0.1,7,8,3,1,12,ITA-Serie A,2024,passing
POR,MF,25-000,2000,4.5,194,235,82.6,3055,966,105,120,87.5,66,74,89.2,14,27,51.9,0,0.1,0.1,-0.1,3,18,1,0,25,ITA-Serie A,2024,passing
COL,FW,25-173,1999,11.7,169,250,67.6,2145,426,111,150,74.0,41,56,73.2,4,10,40.0,1,1.3,0.8,-0.3,12,12,4,0,21,ITA-Serie A,2024,passing
ENG,DF,22-098,2003,1.1,32,46,69.6,421,208,19,20,95.0,10,18,55.6,0,3,0.0,0,0.0,0.0,0.0,0,1,1,0,2,ITA-Serie A,2024,passing
ITA,DF,22-095,2003,16.6,484,602,80.4,9603,3443,163,183,89.1,264,294,89.8,55,112,49.1,0,0.2,0.4,-0.2,4,42,2,2,39,ITA-Serie A,2024,passing
SRB,"DF,FW",34-208,1990,15.5,294,476,61.8,4766,1797,158,200,79.0,108,173,62.4,23,73,31.5,3,3.4,1.8,-0.4,18,17,15,7,35,ITA-Serie A,2024,passing
ITA,DF,33-168,1991,2.9,65,95,68.4,1056,387,34,39,87.2,23,38,60.5,6,13,46.2,0,0.1,0.1,-0.1,2,6,3,3,3,ITA-Serie A,2024,passing
ITA,DF,21-104,2003,26.5,753,930,81.0,14779,5447,210,256,82.0,480,522,92.0,59,126,46.8,0,0.1,0.2,-0.1,3,27,0,0,41,ITA-Serie A,2024,passing
CRO,DF,25-122,1999,16.1,424,575,73.7,7257,2342,212,245,86.5,162,208,77.9,43,87,49.4,0,1.7,1.7,-1.7,18,24,13,9,33,ITA-Serie A,2024,passing
GER,"FW,MF",23-267,2001,0.8,16,20,80.0,198,42,7,7,100.0,4,6,66.7,1,2,50.0,0,0.0,0.0,0.0,1,0,1,1,1,ITA-Serie A,2024,passing
AUT,DF,23-349,2001,10.0,335,395,84.8,5280,2428,169,183,92.3,144,164,87.8,17,32,53.1,0,0.1,0.1,-0.1,2,24,3,1,34,ITA-Serie A,2024,passing
ITA,DF,29-189,1995,11.8,317,393,80.7,6348,2269,100,119,84.0,184,201,91.5,32,67,47.8,0,0.0,0.1,0.0,1,22,0,0,31,ITA-Serie A,2024,passing
CYP,"MF,FW",27-071,1998,9.0,199,288,69.1,3337,1194,100,128,78.1,67,92,72.8,24,45,53.3,1,1.6,0.9,-0.6,10,28,7,1,32,ITA-Serie A,2024,passing
CMR,"DF,MF",23-209,2001,28.2,673,893,75.4,10305,3308,385,444,86.7,240,301,79.7,35,91,38.5,2,1.8,2.0,0.2,27,33,20,13,60,ITA-Serie A,2024,passing
CIV,FW,20-182,2004,0.1,4,4,100.0,74,18,1,1,100.0,3,3,100.0,0,0,,0,0.0,0.0,0.0,0,0,0,0,1,ITA-Serie A,2024,passing
ITA,GK,29-050,1996,30.0,438,909,48.2,15998,13560,57,57,100.0,161,164,98.2,220,677,32.5,0,0.0,0.1,0.0,0,31,0,0,1,ITA-Serie A,2024,passing
DEN,DF,27-097,1998,3.7,115,169,68.0,1871,620,60,66,90.9,44,62,71.0,8,32,25.0,0,0.1,0.0,-0.1,4,8,1,0,10,ITA-Serie A,2024,passing
FRA,"FW,MF",19-092,2006,0.6,9,14,64.3,131,27,6,7,85.7,3,4,75.0,0,1,0.0,0,0.1,0.1,-0.1,1,0,0,0,0,ITA-Serie A,2024,passing
ARG,DF,24-005,2001,6.0,137,209,65.6,3226,1638,36,46,78.3,65,79,82.3,35,76,46.1,0,0.1,0.0,-0.1,3,24,1,0,17,ITA-Serie A,2024,passing
SVK,MF,30-127,1994,20.9,705,907,77.7,12683,3994,337,374,90.1,253,311,81.4,91,178,51.1,2,2.9,2.3,-0.9,28,81,20,5,78,ITA-Serie A,2024,passing
POL,"DF,MF",29-326,1995,17.0,580,696,83.3,10582,3695,227,246,92.3,290,329,88.1,51,94,54.3,0,0.0,0.2,0.0,0,45,1,0,36,ITA-Serie A,2024,passing
MAR,MF,20-314,2004,18.4,587,701,83.7,8987,2976,321,357,89.9,215,242,88.8,31,66,47.0,2,1.0,0.6,1.0,16,71,10,0,73,ITA-Serie A,2024,passing
ITA,GK,30-094,1995,1.0,9,23,39.1,367,314,0,0,,3,4,75.0,6,19,31.6,0,0.0,0.0,0.0,0,1,0,0,0,ITA-Serie A,2024,passing
GER,MF,28-000,1997,10.7,260,342,76.0,4375,1214,120,147,81.6,108,128,84.4,23,34,67.6,1,0.9,0.5,0.1,8,33,3,1,37,ITA-Serie A,2024,passing
SVK,"MF,FW",22-308,2002,20.5,345,470,73.4,6702,1828,145,171,84.8,134,164,81.7,58,101,57.4,0,1.8,1.6,-1.8,25,36,21,1,77,ITA-Serie A,2024,passing
FRA,DF,22-109,2002,0.0,0,2,0.0,0,0,0,0,,0,1,0.0,0,1,0.0,0,0.0,0.0,0.0,0,0,0,0,0,ITA-Serie A,2024,passing
ITA,DF,25-363,1999,23.9,1793,2016,88.9,33313,10313,758,794,95.5,803,861,93.3,207,302,68.5,4,2.3,2.7,1.7,26,121,48,23,155,ITA-Serie A,2024,passing
FRA,DF,29-014,1996,16.4,1003,1098,91.3,18291,5383,392,414,94.7,504,536,94.0,94,119,79.0,1,0.8,0.9,0.2,8,84,8,2,89,ITA-Serie A,2024,passing
BRA,"DF,FW",26-094,1999,13.0,634,739,85.8,10247,2545,318,343,92.7,275,304,90.5,31,59,52.5,1,1.3,1.1,-0.3,6,36,8,3,47,ITA-Serie A,2024,passing
ITA,MF,25-171,1999,10.4,248,301,82.4,3660,778,142,156,91.0,93,112,83.0,11,14,78.6,1,0.7,0.7,0.3,4,19,4,0,27,ITA-Serie A,2024,passing
NED,"DF,FW",28-358,1996,19.6,530,727,72.9,8580,2689,284,326,87.1,202,297,68.0,38,65,58.5,2,2.6,2.5,-0.6,20,21,18,8,45,ITA-Serie A,2024,passing
ITA,"DF,FW",27-152,1997,20.4,804,1059,75.9,13674,3886,399,459,86.9,319,398,80.2,73,153,47.7,6,5.2,4.1,0.8,40,39,35,17,71,ITA-Serie A,2024,passing
ITA,DF,37-060,1988,15.4,992,1066,93.1,18590,5305,333,356,93.5,573,594,96.5,76,93,81.7,1,0.5,0.9,0.5,8,44,5,3,52,ITA-Serie A,2024,passing
TUR,MF,31-062,1994,16.7,1151,1325,86.9,21959,6699,443,485,91.3,540,589,91.7,146,210,69.5,4,4.4,4.3,-0.4,36,116,22,7,135,ITA-Serie A,2024,passing
ARM,MF,36-080,1989,24.7,1249,1427,87.5,20391,5219,628,685,91.7,506,566,89.4,89,110,80.9,4,2.7,4.1,1.3,29,151,50,5,190,ITA-Serie A,2024,passing
ARG,"FW,MF",30-241,1994,3.5,128,154,83.1,1904,463,70,80,87.5,46,52,88.5,9,10,90.0,2,1.5,0.3,0.5,6,10,3,0,19,ITA-Serie A,2024,passing
ESP,GK,26-319,1998,3.0,107,131,81.7,2739,1743,20,20,100.0,63,64,98.4,24,47,51.1,0,0.1,0.0,-0.1,1,0,0,0,0,ITA-Serie A,2024,passing
ALB,MF,23-033,2002,7.9,649,721,90.0,12312,3608,243,254,95.7,319,337,94.7,79,111,71.2,2,1.6,1.7,0.4,13,58,16,6,47,ITA-Serie A,2024,passing
ARG,FW,27-232,1997,25.8,426,568,75.0,6687,1457,240,294,81.6,134,175,76.6,38,51,74.5,3,4.0,4.2,-1.0,33,37,21,1,62,ITA-Serie A,2024,passing
FRA,FW,27-248,1997,24.2,383,524,73.1,4898,1052,231,303,76.2,103,131,78.6,14,22,63.6,4,4.3,4.0,-0.3,38,23,25,3,52,ITA-Serie A,2024,passing
AUT,FW,35-357,1989,3.4,62,94,66.0,789,145,41,54,75.9,17,23,73.9,1,2,50.0,1,0.5,0.3,0.5,4,3,4,0,10,ITA-Serie A,2024,passing
ITA,DF,35-130,1989,14.8,626,756,82.8,10964,2849,267,296,90.2,297,340,87.4,49,85,57.6,2,1.4,1.1,0.6,12,33,10,5,32,ITA-Serie A,2024,passing
IRN,FW,32-267,1992,6.3,142,176,80.7,1934,359,80,88,90.9,52,61,85.2,1,2,50.0,1,1.1,0.9,-0.1,12,10,5,0,22,ITA-Serie A,2024,passing
POL,DF,23-078,2002,1.3,46,59,78.0,661,173,26,30,86.7,15,18,83.3,2,5,40.0,1,0.5,0.9,0.5,4,2,4,4,3,ITA-Serie A,2024,passing
ITA,MF,28-063,1997,23.2,1227,1492,82.2,21632,6227,554,625,88.6,531,617,86.1,120,182,65.9,6,4.1,4.6,1.9,49,136,42,11,188,ITA-Serie A,2024,passing
POL,MF,30-326,1994,9.3,531,599,88.6,8230,2557,286,297,96.3,206,231,89.2,29,52,55.8,2,0.9,1.0,1.1,13,68,5,0,57,ITA-Serie A,2024,passing
NED,DF,33-065,1992,15.2,1042,1120,93.0,19284,6371,327,347,94.2,646,676,95.6,60,82,73.2,0,0.0,0.3,0.0,1,59,1,0,66,ITA-Serie A,2024,passing
CAN,"DF,FW",26-062,1999,1.1,40,48,83.3,509,151,27,28,96.4,13,16,81.3,0,2,0.0,0,0.1,0.1,-0.1,1,2,0,0,2,ITA-Serie A,2024,passing
ARG,DF,21-348,2003,0.1,15,15,100.0,243,75,10,10,100.0,4,4,100.0,1,1,100.0,0,0.0,0.0,0.0,0,2,0,0,3,ITA-Serie A,2024,passing
GER,DF,24-133,2000,13.5,848,927,91.5,14289,3697,348,367,94.8,448,475,94.3,37,55,67.3,2,0.6,1.0,1.4,6,56,4,1,64,ITA-Serie A,2024,passing
SUI,GK,36-115,1988,28.0,949,1082,87.7,22371,14081,190,190,100.0,544,549,99.1,213,335,63.6,0,0.0,0.0,0.0,0,4,0,0,1,ITA-Serie A,2024,passing
POR,DF,21-194,2003,1.1,75,84,89.3,1125,244,42,45,93.3,25,29,86.2,3,3,100.0,0,0.0,0.0,0.0,0,6,1,0,6,ITA-Serie A,2024,passing
ITA,"DF,FW",25-050,2000,20.4,1282,1428,89.8,21405,4465,621,660,94.1,538,582,92.4,95,122,77.9,1,2.2,1.6,-1.2,29,73,25,8,96,ITA-Serie A,2024,passing
BRA,DF,33-270,1991,6.5,519,573,90.6,9844,3059,186,197,94.4,271,287,94.4,59,80,73.8,1,0.4,0.6,0.6,3,51,2,0,45,ITA-Serie A,2024,passing
ITA,FW,18-278,2006,0.1,2,2,100.0,28,0,2,2,100.0,0,0,,0,0,,0,0.1,0.0,-0.1,1,0,0,0,0,ITA-Serie A,2024,passing
BRA,MF,26-337,1998,5.4,356,411,86.6,6449,1511,165,180,91.7,141,157,89.8,45,66,68.2,0,0.8,0.9,-0.8,13,18,8,1,33,ITA-Serie A,2024,passing
SRB,FW,25-073,2000,18.2,222,324,68.5,3428,354,127,162,78.4,74,106,69.8,16,23,69.6,2,1.1,0.7,0.9,13,10,5,0,18,ITA-Serie A,2024,passing
ITA,DF,26-291,1998,24.3,1387,1460,95.0,25073,7810,482,497,97.0,839,863,97.2,60,81,74.1,0,0.5,0.3,-0.5,6,58,3,0,73,ITA-Serie A,2024,passing
POR,"FW,MF",22-118,2002,11.7,331,425,77.9,5591,834,164,198,82.8,140,161,87.0,22,41,53.7,3,4.0,4.3,-1.0,21,12,17,9,25,ITA-Serie A,2024,passing
BRA,DF,28-024,1997,6.0,468,504,92.9,9245,3225,142,149,95.3,279,295,94.6,46,57,80.7,0,0.0,0.1,0.0,0,26,0,0,21,ITA-Serie A,2024,passing
SWE,DF,21-094,2004,2.3,126,159,79.2,2022,643,63,67,94.0,55,69,79.7,7,16,43.8,0,0.0,0.0,0.0,0,9,0,0,9,ITA-Serie A,2024,passing
COL,DF,24-093,2001,5.1,307,350,87.7,5087,1427,149,159,93.7,139,153,90.8,17,27,63.0,0,0.0,0.3,0.0,1,20,3,2,17,ITA-Serie A,2024,passing
TUR,"FW,MF",19-342,2005,22.8,710,894,79.4,10910,2754,405,452,89.6,246,305,80.7,43,93,46.2,2,3.9,3.7,-1.9,39,55,41,11,90,ITA-Serie A,2024,passing
FRA,MF,24-016,2001,20.2,994,1120,88.8,15449,3625,535,577,92.7,388,428,90.7,47,69,68.1,4,3.3,1.4,0.7,20,98,11,0,91,ITA-Serie A,2024,passing
ENG,DF,26-187,1998,6.3,343,412,83.3,5816,1693,156,170,91.8,156,177,88.1,22,51,43.1,0,0.0,0.1,0.0,1,36,1,0,22,ITA-Serie A,2024,passing
ITA,FW,20-044,2005,0.1,4,4,100.0,82,12,2,2,100.0,1,1,100.0,1,1,100.0,0,0.0,0.0,0.0,0,0,0,0,1,ITA-Serie A,2024,passing
ITA,MF,27-093,1998,24.6,1711,1943,88.1,32365,10875,681,739,92.2,804,884,91.0,204,273,74.7,2,1.0,1.8,1.0,18,256,22,1,233,ITA-Serie A,2024,passing
ITA,GK,32-152,1992,5.0,145,182,79.7,3391,1965,30,30,100.0,92,92,100.0,23,60,38.3,0,0.0,0.0,0.0,0,2,0,0,0,ITA-Serie A,2024,passing
ITA,GK,27-258,1997,26.0,616,787,78.3,15926,11016,141,142,99.3,310,315,98.4,164,328,50.0,0,0.5,0.0,-0.5,1,17,0,0,0,ITA-Serie A,2024,passing
ARG,"FW,MF",27-005,1998,13.6,323,434,74.4,5148,1016,164,197,83.2,132,158,83.5,18,33,54.5,2,0.8,0.8,1.2,13,24,13,1,41,ITA-Serie A,2024,passing
ITA,MF,24-058,2001,6.3,370,418,88.5,6360,1203,168,182,92.3,168,182,92.3,27,43,62.8,0,0.1,0.5,-0.1,4,36,8,0,41,ITA-Serie A,2024,passing
ITA,DF,22-023,2003,15.8,901,1005,89.7,15033,4347,422,441,95.7,412,449,91.8,53,87,60.9,1,1.2,0.9,-0.2,15,53,12,9,54,ITA-Serie A,2024,passing
FRA,DF,24-310,2000,21.3,1729,1843,93.8,28720,8492,812,851,95.4,811,840,96.5,84,116,72.4,0,0.2,0.4,-0.2,8,108,8,3,89,ITA-Serie A,2024,passing
FRA,FW,26-127,1998,7.2,81,120,67.5,1065,144,44,57,77.2,25,37,67.6,2,4,50.0,1,0.6,0.4,0.4,10,6,5,0,9,ITA-Serie A,2024,passing
POR,DF,21-256,2003,5.6,271,308,88.0,5360,1744,86,91,94.5,161,170,94.7,24,44,54.5,0,0.0,0.1,0.0,0,18,1,0,18,ITA-Serie A,2024,passing
BEL,FW,21-085,2004,7.8,229,268,85.4,3005,589,151,168,89.9,62,75,82.7,7,10,70.0,3,1.4,0.8,1.6,15,15,10,4,17,ITA-Serie A,2024,passing
NED,"MF,FW",27-042,1998,21.4,735,922,79.7,11716,3031,376,418,90.0,280,322,87.0,56,134,41.8,3,2.9,3.7,0.1,38,61,17,3,86,ITA-Serie A,2024,passing
USA,"FW,DF",25-048,2000,15.2,566,677,83.6,8986,2241,287,312,92.0,244,273,89.4,24,50,48.0,2,1.5,1.1,0.5,16,34,12,6,46,ITA-Serie A,2024,passing
MNE,"MF,FW",18-334,2006,0.3,12,16,75.0,202,22,6,8,75.0,5,6,83.3,1,1,100.0,0,0.0,0.0,0.0,0,1,1,0,1,ITA-Serie A,2024,passing
USA,"MF,DF",26-226,1998,20.3,749,893,83.9,11389,2855,428,480,89.2,252,290,86.9,46,68,67.6,3,2.5,2.5,0.5,24,58,16,1,81,ITA-Serie A,2024,passing
MNE,DF,32-176,1992,20.3,837,986,84.9,13053,4182,434,470,92.3,343,400,85.8,44,85,51.8,0,0.4,0.4,-0.4,9,51,9,6,61,ITA-Serie A,2024,passing
ITA,DF,30-089,1995,22.7,1238,1345,92.0,21513,7280,487,515,94.6,670,697,96.1,63,99,63.6,0,0.2,0.2,-0.2,6,67,2,0,60,ITA-Serie A,2024,passing
GER,MF,19-121,2005,0.1,3,4,75.0,31,0,3,4,75.0,0,0,,0,0,,0,0.0,0.0,0.0,0,0,0,0,0,ITA-Serie A,2024,passing
SEN,"MF,FW",28-146,1996,19.6,405,479,84.6,6511,943,198,233,85.0,160,175,91.4,30,36,83.3,3,3.3,1.3,-0.3,21,29,7,0,44,ITA-Serie A,2024,passing
GRE,GK,23-206,2001,2.0,57,90,63.3,1731,1081,8,9,88.9,23,23,100.0,26,58,44.8,0,0.0,0.0,0.0,0,1,1,0,0,ITA-Serie A,2024,passing
ALB,DF,31-050,1994,3.1,147,177,83.1,2555,624,71,78,91.0,58,71,81.7,17,21,81.0,2,0.9,0.9,1.1,5,10,4,3,7,ITA-Serie A,2024,passing
NGA,"MF,FW",24-064,2001,9.1,290,328,88.4,4083,666,175,194,90.2,95,102,93.1,9,11,81.8,1,0.8,0.8,0.2,10,22,4,1,24,ITA-Serie A,2024,passing
ITA,"MF,FW",28-053,1997,1.6,66,78,84.6,1057,235,37,45,82.2,25,26,96.2,4,4,100.0,0,0.7,0.0,-0.7,2,7,0,0,10,ITA-Serie A,2024,passing
DEN,FW,23-357,2001,20.8,515,669,77.0,8795,1510,259,290,89.3,195,245,79.6,52,92,56.5,2,1.8,2.6,0.2,30,16,22,10,36,ITA-Serie A,2024,passing
ITA,GK,31-025,1994,29.0,865,1118,77.4,24564,16820,121,121,100.0,428,432,99.1,315,560,56.3,0,0.3,0.1,-0.3,3,25,2,0,4,ITA-Serie A,2024,passing
FRA,"FW,MF",21-215,2003,7.1,164,233,70.4,2479,524,96,116,82.8,53,75,70.7,10,25,40.0,0,0.6,0.7,-0.6,10,9,8,1,18,ITA-Serie A,2024,passing
ITA,DF,26-035,1999,6.9,286,390,73.3,5037,2017,141,159,88.7,118,162,72.8,26,56,46.4,1,0.8,0.6,0.2,11,38,10,4,38,ITA-Serie A,2024,passing
ITA,DF,31-133,1993,14.8,570,720,79.2,8980,2547,281,315,89.2,244,298,81.9,26,58,44.8,1,1.0,1.2,0.0,15,35,18,12,62,ITA-Serie A,2024,passing
ESP,DF,24-225,2000,25.2,1520,1656,91.8,29587,9485,487,515,94.6,855,891,96.0,163,212,76.9,0,0.5,0.8,-0.5,11,109,6,0,116,ITA-Serie A,2024,passing
ITA,FW,29-299,1995,24.6,714,945,75.6,11562,3203,377,416,90.6,256,338,75.7,61,136,44.9,6,3.9,3.5,2.1,49,46,34,4,101,ITA-Serie A,2024,passing
FRA,MF,25-362,1999,29.3,1553,1727,89.9,28746,8002,612,647,94.6,780,831,93.9,148,196,75.5,3,2.9,2.3,0.1,33,229,26,3,253,ITA-Serie A,2024,passing
URU,MF,33-230,1991,7.5,254,313,81.2,4327,1129,111,138,80.4,119,133,89.5,19,25,76.0,2,2.2,1.6,-0.2,9,25,3,0,23,ITA-Serie A,2024,passing
ITA,DF,27-056,1998,1.5,100,110,90.9,2040,595,27,30,90.0,59,62,95.2,13,17,76.5,0,0.0,0.0,0.0,0,12,0,0,6,ITA-Serie A,2024,passing
ITA,MF,23-128,2001,24.3,1490,1663,89.6,27222,6783,582,613,94.9,754,803,93.9,130,197,66.0,2,1.9,1.7,0.1,25,126,15,2,121,ITA-Serie A,2024,passing
POR,DF,25-075,2000,17.2,746,939,79.4,11871,4586,414,461,89.8,262,328,79.9,52,104,50.0,8,4.4,4.4,3.6,31,66,40,20,96,ITA-Serie A,2024,passing
DEN,DF,21-311,2003,0.3,11,12,91.7,156,85,8,8,100.0,2,3,66.7,1,1,100.0,0,0.0,0.0,0.0,0,1,0,0,0,ITA-Serie A,2024,passing
ESP,DF,31-359,1993,6.7,356,403,88.3,7390,2194,100,108,92.6,208,215,96.7,44,71,62.0,0,0.0,0.1,0.0,1,23,2,1,30,ITA-Serie A,2024,passing
ESP,"FW,MF",37-257,1987,9.6,347,423,82.0,5495,1146,192,212,90.6,119,142,83.8,26,40,65.0,1,1.0,1.2,0.0,14,36,14,1,49,ITA-Serie A,2024,passing
MAR,MF,20-314,2004,2.0,75,83,90.4,1138,316,42,47,89.4,27,27,100.0,4,5,80.0,0,0.0,0.0,0.0,0,7,0,0,9,ITA-Serie A,2024,passing
FRA,DF,31-181,1993,5.6,203,227,89.4,3398,819,92,99,92.9,102,108,94.4,7,14,50.0,0,0.0,0.0,0.0,0,10,0,0,9,ITA-Serie A,2024,passing
NED,"FW,MF",25-278,1999,9.0,175,234,74.8,2491,539,102,118,86.4,55,75,73.3,9,14,64.3,2,1.4,0.9,0.6,10,12,9,4,14,ITA-Serie A,2024,passing
ARG,FW,26-190,1998,19.7,266,407,65.4,3704,925,152,206,73.8,89,132,67.4,9,19,47.4,3,2.5,2.0,0.5,19,37,12,2,49,ITA-Serie A,2024,passing
FRA,DF,25-030,2000,1.4,27,34,79.4,525,145,12,12,100.0,11,14,78.6,4,6,66.7,0,0.0,0.0,0.0,0,0,0,0,1,ITA-Serie A,2024,passing
CRO,"FW,MF",31-202,1993,6.7,151,241,62.7,2126,725,90,121,74.4,38,61,62.3,12,24,50.0,0,1.8,1.2,-1.8,16,13,11,3,29,ITA-Serie A,2024,passing
ITA,DF,25-096,2000,22.5,668,995,67.1,12716,5511,256,308,83.1,322,449,71.7,83,197,42.1,2,2.5,2.4,-0.5,37,61,25,20,81,ITA-Serie A,2024,passing
FRA,MF,24-331,2000,14.9,563,667,84.4,8752,2745,297,322,92.2,208,230,90.4,39,81,48.1,0,0.3,0.5,-0.3,8,60,4,1,69,ITA-Serie A,2024,passing
POR,"DF,FW",22-198,2002,1.1,34,53,64.2,628,192,15,19,78.9,17,22,77.3,2,11,18.2,0,0.1,0.1,-0.1,3,4,3,2,2,ITA-Serie A,2024,passing
ITA,DF,28-203,1996,31.0,1201,1389,86.5,24509,8504,368,403,91.3,651,709,91.8,174,255,68.2,0,0.1,0.3,-0.1,3,41,2,0,54,ITA-Serie A,2024,passing
POL,MF,23-091,2002,0.2,4,5,80.0,60,6,2,3,66.7,2,2,100.0,0,0,,0,0.0,0.0,0.0,0,0,0,0,0,ITA-Serie A,2024,passing
FRA,DF,30-108,1994,22.9,864,1119,77.2,15966,6843,362,417,86.8,386,469,82.3,102,181,56.4,1,1.7,2.0,-0.7,17,70,21,14,76,ITA-Serie A,2024,passing
FRA,DF,25-051,2000,15.3,724,859,84.3,12242,5126,307,331,92.7,340,383,88.8,51,101,50.5,0,0.1,0.1,-0.1,1,33,1,1,42,ITA-Serie A,2024,passing
TUN,MF,26-009,1999,11.8,409,527,77.6,6442,2203,216,245,88.2,146,180,81.1,32,67,47.8,0,1.4,1.3,-1.4,16,47,15,6,51,ITA-Serie A,2024,passing
SWE,FW,26-260,1998,3.6,87,122,71.3,1318,283,58,68,85.3,21,30,70.0,7,17,41.2,0,0.4,0.2,-0.4,5,5,8,4,9,ITA-Serie A,2024,passing
ITA,DF,28-327,1996,0.7,37,42,88.1,645,238,18,18,100.0,17,19,89.5,2,5,40.0,0,0.0,0.0,0.0,0,2,0,0,1,ITA-Serie A,2024,passing
ANG,DF,27-196,1997,17.0,614,717,85.6,12888,4306,166,182,91.2,356,390,91.3,89,131,67.9,1,0.4,0.6,0.6,5,18,0,0,20,ITA-Serie A,2024,passing
CIV,FW,24-166,2000,1.4,22,31,71.0,296,32,14,16,87.5,6,11,54.5,1,3,33.3,0,0.1,0.0,-0.1,3,0,0,0,1,ITA-Serie A,2024,passing
ZAM,"FW,MF",24-072,2001,6.1,106,139,76.3,1568,302,65,73,89.0,32,44,72.7,6,15,40.0,1,0.9,0.7,0.1,9,1,6,4,6,ITA-Serie A,2024,passing
MLI,MF,29-001,1996,23.1,646,780,82.8,11273,2804,284,320,88.8,273,314,86.9,69,96,71.9,0,0.5,0.4,-0.5,9,53,5,0,71,ITA-Serie A,2024,passing
ITA,DF,25-311,1999,0.3,18,27,66.7,250,68,11,11,100.0,7,13,53.8,0,2,0.0,0,0.0,0.0,0.0,0,2,1,0,4,ITA-Serie A,2024,passing
ALB,MF,21-172,2003,6.2,259,323,80.2,5393,1809,94,105,89.5,108,129,83.7,55,79,69.6,1,0.4,0.7,0.6,8,40,5,1,36,ITA-Serie A,2024,passing
FRA,MF,23-166,2001,2.8,94,121,77.7,1604,460,47,56,83.9,43,50,86.0,4,11,36.4,0,0.0,0.0,0.0,1,11,1,0,13,ITA-Serie A,2024,passing
ITA,"MF,FW",33-213,1991,0.7,18,22,81.8,294,98,11,12,91.7,4,5,80.0,3,5,60.0,0,0.0,0.1,0.0,1,2,0,0,1,ITA-Serie A,2024,passing
MNE,FW,25-006,2000,28.9,379,563,67.3,5652,1210,213,298,71.5,134,172,77.9,21,41,51.2,3,2.7,1.5,0.3,27,34,13,0,50,ITA-Serie A,2024,passing
DEN,"DF,FW",20-167,2004,20.4,580,748,77.5,9714,2661,280,324,86.4,231,275,84.0,51,96,53.1,1,1.5,1.0,-0.5,19,42,21,8,54,ITA-Serie A,2024,passing
ROU,FW,21-070,2004,0.2,4,6,66.7,43,0,4,5,80.0,0,0,,0,1,0.0,0,0.0,0.0,0.0,0,0,0,0,0,ITA-Serie A,2024,passing
FRA,"MF,FW",28-144,1996,3.3,96,143,67.1,1996,648,35,46,76.1,38,46,82.6,21,40,52.5,0,0.6,1.1,-0.6,6,9,5,2,13,ITA-Serie A,2024,passing
ARG,FW,24-008,2001,17.2,246,351,70.1,3326,894,155,192,80.7,69,95,72.6,10,17,58.8,2,1.8,1.1,0.2,22,21,9,3,29,ITA-Serie A,2024,passing
ESP,FW,28-128,1996,18.6,448,596,75.2,7502,2276,228,253,90.1,157,204,77.0,44,80,55.0,1,1.0,0.9,0.0,20,44,20,9,82,ITA-Serie A,2024,passing
FRA,DF,24-294,2000,2.0,42,55,76.4,745,342,20,22,90.9,17,23,73.9,5,9,55.6,0,0.1,0.1,-0.1,2,5,2,1,5,ITA-Serie A,2024,passing
ITA,GK,29-364,1995,31.0,606,958,63.3,18158,14108,104,106,98.1,276,281,98.2,223,563,39.6,0,0.0,0.0,0.0,0,15,0,0,0,ITA-Serie A,2024,passing
ALB,MF,28-364,1996,17.8,656,788,83.2,11637,3282,287,323,88.9,282,322,87.6,75,115,65.2,1,1.1,0.4,-0.1,14,49,3,0,55,ITA-Serie A,2024,passing
ISL,MF,24-195,2000,9.5,186,290,64.1,3678,1125,75,101,74.3,72,92,78.3,35,71,49.3,3,1.0,0.8,2.0,19,18,11,3,32,ITA-Serie A,2024,passing
ESP,"DF,FW",19-338,2005,9.1,315,397,79.3,5356,1210,145,172,84.3,145,168,86.3,22,36,61.1,0,0.9,1.0,-0.9,8,28,8,4,31,ITA-Serie A,2024,passing
BEL,"DF,FW",25-288,1999,1.0,66,78,84.6,1070,288,40,41,97.6,16,22,72.7,8,12,66.7,0,0.1,0.3,-0.1,2,5,1,0,4,ITA-Serie A,2024,passing
ITA,MF,21-157,2003,0.0,1,2,50.0,8,7,1,1,100.0,0,1,0.0,0,0,,0,0.0,0.0,0.0,0,0,0,0,0,ITA-Serie A,2024,passing
USA,"FW,MF",26-205,1998,20.9,627,825,76.0,9270,2329,366,411,89.1,211,277,76.2,30,84,35.7,7,5.2,4.9,1.8,56,44,32,8,88,ITA-Serie A,2024,passing
ITA,DF,19-103,2005,0.6,21,29,72.4,316,93,14,16,87.5,5,9,55.6,2,3,66.7,0,0.1,0.1,-0.1,1,0,1,1,0,ITA-Serie A,2024,passing
ITA,DF,28-126,1996,3.5,193,223,86.5,3258,767,90,97,92.8,86,95,90.5,11,19,57.9,0,0.2,0.2,-0.2,1,23,2,2,24,ITA-Serie A,2024,passing
BRA,DF,26-087,1999,15.3,784,909,86.2,12560,3198,380,418,90.9,355,390,91.0,32,54,59.3,0,0.7,1.1,-0.7,15,44,14,5,68,ITA-Serie A,2024,passing
ENG,DF,27-113,1997,11.8,685,740,92.6,11977,4736,279,290,96.2,369,388,95.1,33,50,66.0,1,0.6,0.4,0.4,6,37,4,2,44,ITA-Serie A,2024,passing
ITA,"DF,MF",22-062,2003,5.9,224,254,88.2,3808,811,99,109,90.8,112,122,91.8,10,16,62.5,0,0.1,0.1,-0.1,2,21,1,1,14,ITA-Serie A,2024,passing
ITA,"FW,MF",17-032,2008,1.8,26,31,83.9,309,23,21,23,91.3,5,7,71.4,0,1,0.0,0,0.4,0.2,-0.4,2,1,0,0,0,ITA-Serie A,2024,passing
ALG,MF,27-131,1997,3.3,197,221,89.1,3629,937,84,90,93.3,87,92,94.6,22,33,66.7,0,0.1,0.3,-0.1,4,22,4,1,23,ITA-Serie A,2024,passing
POR,MF,25-152,1999,5.4,139,177,78.5,2102,688,91,105,86.7,38,43,88.4,9,16,56.3,0,0.7,0.9,-0.7,5,16,5,0,25,ITA-Serie A,2024,passing
ITA,MF,20-090,2005,0.1,9,9,100.0,133,28,5,5,100.0,4,4,100.0,0,0,,0,0.0,0.0,0.0,0,1,0,0,2,ITA-Serie A,2024,passing
ENG,DF,34-318,1990,6.7,333,383,86.9,5812,1736,142,147,96.6,169,188,89.9,21,42,50.0,0,0.7,0.4,-0.7,4,24,2,0,31,ITA-Serie A,2024,passing
SRB,"FW,MF",27-109,1997,2.3,48,59,81.4,748,223,24,27,88.9,22,27,81.5,2,2,100.0,0,0.7,0.5,-0.7,8,9,3,1,15,ITA-Serie A,2024,passing
GER,DF,23-246,2001,19.2,1137,1224,92.9,22332,7525,330,347,95.1,679,707,96.0,116,145,80.0,0,0.1,0.2,-0.1,4,86,0,0,86,ITA-Serie A,2024,passing
ITA,GK,32-336,1992,1.0,39,42,92.9,953,556,8,8,100.0,21,21,100.0,10,12,83.3,0,0.0,0.0,0.0,0,1,0,0,0,ITA-Serie A,2024,passing
ITA,DF,25-172,1999,17.0,973,1075,90.5,19506,5838,271,286,94.8,603,630,95.7,93,140,66.4,0,0.2,0.2,-0.2,2,73,2,1,72,ITA-Serie A,2024,passing
ITA,MF,18-005,2007,0.7,24,31,77.4,362,80,12,13,92.3,12,15,80.0,0,1,0.0,0,0.0,0.0,0.0,1,4,1,0,5,ITA-Serie A,2024,passing
FRA,GK,29-282,1995,30.0,1064,1242,85.7,26200,17099,182,186,97.8,624,626,99.7,255,423,60.3,0,0.8,0.0,-0.8,5,14,0,0,4,ITA-Serie A,2024,passing
SUI,FW,24-322,2000,4.6,77,105,73.3,1323,270,37,49,75.5,35,44,79.5,5,9,55.6,0,0.3,0.7,-0.3,4,4,7,2,12,ITA-Serie A,2024,passing
POR,FW,25-305,1999,22.2,562,749,75.0,9234,2429,288,355,81.1,225,280,80.4,38,70,54.3,7,6.9,5.8,0.1,55,35,48,10,83,ITA-Serie A,2024,passing
ITA,"FW,MF",25-312,1999,0.9,28,40,70.0,401,62,16,17,94.1,12,17,70.6,0,4,0.0,0,0.3,0.4,-0.3,2,1,1,1,0,ITA-Serie A,2024,passing
ENG,MF,29-078,1996,7.7,253,286,88.5,3859,740,138,155,89.0,97,107,90.7,12,15,80.0,0,1.4,0.6,-1.4,12,28,5,1,37,ITA-Serie A,2024,passing
NGA,"FW,MF",25-324,1999,9.4,290,387,74.9,5032,1004,140,160,87.5,123,159,77.4,25,51,49.0,0,2.3,2.1,-2.3,21,18,15,5,28,ITA-Serie A,2024,passing
MEX,FW,23-358,2001,6.3,63,77,81.8,780,154,39,45,86.7,18,22,81.8,0,1,0.0,1,0.7,0.4,0.3,4,4,2,1,5,ITA-Serie A,2024,passing
SRB,DF,23-322,2001,14.0,843,946,89.1,14590,5080,350,362,96.7,440,475,92.6,44,86,51.2,1,1.1,0.3,-0.1,6,76,4,1,77,ITA-Serie A,2024,passing
ENG,FW,27-191,1997,12.1,138,198,69.7,1757,475,83,109,76.1,44,69,63.8,2,4,50.0,3,2.0,1.2,1.0,12,10,10,0,23,ITA-Serie A,2024,passing
FRA,DF,27-187,1997,25.0,1164,1386,84.0,18494,5795,617,667,92.5,449,506,88.7,70,146,47.9,3,4.3,3.8,-1.3,41,88,31,11,123,ITA-Serie A,2024,passing
NED,MF,26-256,1998,27.8,1055,1215,86.8,17666,5093,495,548,90.3,449,492,91.3,83,119,69.7,3,2.9,3.2,0.1,41,115,45,1,186,ITA-Serie A,2024,passing
FRA,MF,21-208,2003,1.8,77,84,91.7,1248,261,37,40,92.5,36,39,92.3,3,3,100.0,0,0.1,0.1,-0.1,1,9,1,1,7,ITA-Serie A,2024,passing
FRA,MF,26-091,1999,24.1,1071,1249,85.7,18526,6106,466,532,87.6,516,568,90.8,74,119,62.2,4,2.5,1.7,1.5,18,128,18,1,155,ITA-Serie A,2024,passing
USA,"MF,FW",22-133,2002,15.7,558,647,86.2,9523,2230,255,284,89.8,250,283,88.3,42,54,77.8,2,1.6,1.4,0.4,22,56,16,7,79,ITA-Serie A,2024,passing
ESP,"FW,MF",32-170,1992,12.2,202,268,75.4,3147,538,118,149,79.2,55,74,74.3,19,28,67.9,0,0.8,0.3,-0.8,7,15,3,0,26,ITA-Serie A,2024,passing
ITA,MF,22-192,2002,22.4,966,1129,85.6,18824,4861,314,359,87.5,515,555,92.8,116,164,70.7,0,0.7,1.2,-0.7,15,104,15,3,104,ITA-Serie A,2024,passing
ITA,DF,24-066,2001,18.5,718,859,83.6,12178,3816,332,359,92.5,316,364,86.8,57,96,59.4,1,0.3,0.2,0.7,4,36,3,3,42,ITA-Serie A,2024,passing
ITA,FW,29-285,1995,3.0,40,62,64.5,612,54,22,28,78.6,13,19,68.4,4,6,66.7,0,0.0,0.0,0.0,0,2,0,0,1,ITA-Serie A,2024,passing
ITA,DF,33-040,1992,26.4,1273,1447,88.0,24262,7456,427,461,92.6,700,756,92.6,132,195,67.7,1,0.8,0.3,0.2,11,55,6,1,71,ITA-Serie A,2024,passing
SWE,DF,25-338,1999,1.2,56,66,84.8,1170,349,12,15,80.0,40,44,90.9,4,7,57.1,0,0.0,0.0,0.0,0,0,0,0,2,ITA-Serie A,2024,passing
ITA,"MF,FW",23-182,2001,14.5,261,382,68.3,4254,837,135,172,78.5,96,133,72.2,22,43,51.2,0,0.9,1.1,-0.9,12,14,8,2,34,ITA-Serie A,2024,passing
ITA,DF,36-214,1988,12.2,566,652,86.8,9736,3415,255,269,94.8,273,301,90.7,34,64,53.1,1,0.4,0.3,0.6,5,26,6,2,34,ITA-Serie A,2024,passing
POR,"MF,FW",26-344,1998,19.1,342,470,72.8,5360,913,184,229,80.3,120,156,76.9,24,37,64.9,2,1.6,1.6,0.4,19,24,17,5,44,ITA-Serie A,2024,passing
ITA,MF,28-053,1997,3.4,98,123,79.7,1456,416,61,65,93.8,31,39,79.5,4,8,50.0,0,0.2,0.5,-0.2,4,3,3,0,13,ITA-Serie A,2024,passing
ITA,"MF,FW",31-255,1993,12.4,374,474,78.9,5976,1389,192,209,91.9,129,160,80.6,35,67,52.2,1,1.5,1.6,-0.5,23,21,14,2,55,ITA-Serie A,2024,passing
GRE,DF,29-065,1996,25.9,858,1167,73.5,14119,5259,424,475,89.3,343,437,78.5,72,188,38.3,4,2.9,2.3,1.1,38,62,21,13,78,ITA-Serie A,2024,passing
CIV,"MF,DF",32-182,1992,4.5,133,170,78.2,2065,766,67,75,89.3,55,69,79.7,7,10,70.0,0,0.1,0.1,-0.1,2,7,2,1,12,ITA-Serie A,2024,passing
POL,MF,20-216,2004,4.6,188,217,86.6,3425,906,81,95,85.3,80,85,94.1,22,25,88.0,0,0.1,0.2,-0.1,3,26,1,0,36,ITA-Serie A,2024,passing
SEN,FW,30-034,1995,4.9,123,139,88.5,1792,316,65,69,94.2,46,51,90.2,6,9,66.7,0,0.0,0.3,0.0,2,11,5,2,21,ITA-Serie A,2024,passing
ITA,"MF,DF",20-070,2005,2.0,38,56,67.9,633,139,18,24,75.0,18,23,78.3,2,5,40.0,1,0.4,0.2,0.6,2,6,1,1,6,ITA-Serie A,2024,passing
ITA,MF,20-090,2005,3.5,60,82,73.2,913,192,34,43,79.1,23,31,74.2,3,5,60.0,0,0.1,0.0,-0.1,1,5,0,0,3,ITA-Serie A,2024,passing
ITA,DF,34-069,1991,5.8,328,368,89.1,6062,2383,129,137,94.2,167,183,91.3,29,42,69.0,0,0.0,0.2,0.0,1,13,1,0,13,ITA-Serie A,2024,passing
ITA,MF,27-355,1997,9.5,424,490,86.5,7412,1478,183,207,88.4,196,214,91.6,37,49,75.5,0,0.1,0.2,-0.1,4,31,4,1,28,ITA-Serie A,2024,passing
ITA,MF,31-217,1993,0.4,12,19,63.2,235,60,5,6,83.3,6,11,54.5,1,1,100.0,0,0.0,0.0,0.0,0,0,0,0,0,ITA-Serie A,2024,passing
BIH,FW,34-324,1990,14.1,131,266,49.2,1564,442,80,154,51.9,31,72,43.1,3,3,100.0,1,1.1,0.2,-0.1,5,16,2,0,21,ITA-Serie A,2024,passing
CRO,"FW,MF",29-330,1995,1.2,26,41,63.4,384,111,15,26,57.7,11,12,91.7,0,0,,0,0.0,0.1,0.0,1,1,3,1,3,ITA-Serie A,2024,passing
ENG,"MF,FW",20-265,2004,0.8,34,43,79.1,500,97,20,22,90.9,12,14,85.7,2,4,50.0,0,0.0,0.1,0.0,0,3,2,0,3,ITA-Serie A,2024,passing
ESP,DF,31-223,1993,18.1,997,1112,89.7,19296,6940,319,334,95.5,556,585,95.0,108,168,64.3,0,0.1,0.1,-0.1,3,50,0,0,58,ITA-Serie A,2024,passing
ITA,"MF,DF",30-061,1995,9.9,232,333,69.7,3923,1004,112,131,85.5,87,118,73.7,25,56,44.6,1,1.9,1.2,-0.9,9,14,4,3,21,ITA-Serie A,2024,passing
POR,DF,27-079,1998,24.1,671,860,78.0,11482,3458,304,345,88.1,297,361,82.3,55,103,53.4,3,1.4,1.1,1.6,11,34,13,9,42,ITA-Serie A,2024,passing
ITA,"MF,DF",31-004,1994,1.6,86,97,88.7,1485,355,43,44,97.7,34,37,91.9,7,13,53.8,0,0.2,0.0,-0.2,1,10,0,0,8,ITA-Serie A,2024,passing
ITA,"DF,MF",25-266,1999,9.8,258,347,74.4,4217,1093,138,158,87.3,97,131,74.0,21,37,56.8,0,1.1,0.8,-1.1,11,16,13,7,25,ITA-Serie A,2024,passing
ITA,MF,21-046,2004,4.9,110,150,73.3,1594,264,67,79,84.8,35,47,74.5,4,13,30.8,0,0.0,0.2,0.0,1,8,2,0,16,ITA-Serie A,2024,passing
ITA,GK,23-222,2001,4.3,108,142,76.1,3051,2195,20,20,100.0,47,48,97.9,39,72,54.2,0,0.0,0.0,0.0,0,0,0,0,0,ITA-Serie A,2024,passing
CGO,FW,28-293,1996,3.5,36,57,63.2,580,78,18,28,64.3,13,18,72.2,3,4,75.0,0,0.2,0.0,-0.2,1,3,0,0,4,ITA-Serie A,2024,passing
SRB,DF,21-092,2004,3.6,138,160,86.3,2363,748,54,60,90.0,74,80,92.5,9,17,52.9,0,0.0,0.0,0.0,0,14,0,0,15,ITA-Serie A,2024,passing
ITA,MF,29-249,1995,2.3,180,206,87.4,3495,1077,68,72,94.4,89,96,92.7,22,34,64.7,0,0.0,0.2,0.0,0,22,3,0,23,ITA-Serie A,2024,passing
ITA,GK,23-218,2001,26.7,695,973,71.4,19379,14742,140,142,98.6,329,333,98.8,224,491,45.6,0,0.0,0.0,0.0,0,10,0,0,0,ITA-Serie A,2024,passing
ARG,DF,21-348,2003,3.2,205,231,88.7,3679,1457,85,92,92.4,99,103,96.1,18,28,64.3,0,0.0,0.0,0.0,0,14,1,0,9,ITA-Serie A,2024,passing
FRA,MF,21-208,2003,18.0,547,615,88.9,8867,1641,267,289,92.4,240,256,93.8,28,43,65.1,0,0.3,0.5,-0.3,5,35,7,2,39,ITA-Serie A,2024,passing
ITA,DF,25-309,1999,20.7,1119,1234,90.7,19588,6208,445,478,93.1,603,630,95.7,60,101,59.4,0,0.6,0.6,-0.6,5,64,3,0,81,ITA-Serie A,2024,passing
ITA,"FW,DF",26-039,1999,0.0,0,0,,0,0,0,0,,0,0,,0,0,,0,0.0,0.0,0.0,0,0,0,0,0,ITA-Serie A,2024,passing
ITA,GK,28-020,1997,26.4,770,905,85.1,19352,11618,103,103,100.0,480,490,98.0,187,312,59.9,0,0.0,0.0,0.0,0,4,0,0,1,ITA-Serie A,2024,passing
KVX,DF,31-046,1994,30.8,1982,2167,91.5,39345,13508,654,689,94.9,1088,1140,95.4,224,300,74.7,2,0.6,0.6,1.4,6,159,6,0,139,ITA-Serie A,2024,passing
CMR,MF,29-146,1995,26.6,1055,1252,84.3,15744,4059,599,674,88.9,367,419,87.6,55,78,70.5,3,2.1,2.1,0.9,23,114,17,2,120,ITA-Serie A,2024,passing
SCO,MF,23-304,2001,8.6,494,563,87.7,8376,2270,220,243,90.5,224,245,91.4,38,55,69.1,1,0.9,0.8,0.1,9,43,9,1,51,ITA-Serie A,2024,passing
BEL,"FW,DF",24-320,2000,2.0,57,75,76.0,830,202,32,34,94.1,17,25,68.0,4,9,44.4,0,0.4,0.2,-0.4,3,5,1,1,7,ITA-Serie A,2024,passing
BRA,FW,28-039,1997,12.6,373,497,75.1,5415,1396,204,230,88.7,125,159,78.6,21,54,38.9,4,2.8,2.6,1.2,21,22,18,12,28,ITA-Serie A,2024,passing
ITA,GK,23-229,2001,3.6,81,98,82.7,2186,1425,12,12,100.0,45,45,100.0,24,40,60.0,0,0.0,0.0,0.0,0,2,0,0,0,ITA-Serie A,2024,passing
ITA,"FW,MF",25-052,2000,8.4,198,298,66.4,3546,1009,95,120,79.2,79,108,73.1,21,48,43.8,0,1.6,1.6,-1.6,22,16,4,1,32,ITA-Serie A,2024,passing
ITA,DF,31-250,1993,31.0,1547,1856,83.4,24400,8574,827,908,91.1,609,706,86.3,85,148,57.4,2,3.8,3.7,-1.8,36,151,48,7,199,ITA-Serie A,2024,passing
ARG,FW,29-280,1995,4.1,69,98,70.4,834,101,45,55,81.8,21,29,72.4,0,2,0.0,1,0.7,0.3,0.3,7,3,2,0,5,ITA-Serie A,2024,passing
BRA,DF,33-305,1991,11.1,725,807,89.8,14871,4750,203,216,94.0,426,452,94.2,94,127,74.0,1,0.0,0.1,1.0,1,40,2,0,48,ITA-Serie A,2024,passing
GEO,"FW,MF",24-058,2001,13.1,352,461,76.4,5985,1769,187,212,88.2,116,142,81.7,41,75,54.7,3,3.7,3.0,-0.7,28,31,23,4,57,ITA-Serie A,2024,passing
ITA,"DF,FW",32-017,1993,10.8,457,573,79.8,7699,2317,222,243,91.4,180,216,83.3,44,80,55.0,1,2.3,2.2,-1.3,17,35,20,6,50,ITA-Serie A,2024,passing
URU,DF,27-162,1997,19.7,915,1104,82.9,14398,5031,480,539,89.1,356,404,88.1,55,91,60.4,1,1.3,0.6,-0.3,21,86,9,3,99,ITA-Serie A,2024,passing
ITA,"FW,MF",31-251,1993,24.8,680,993,68.5,11410,3810,347,398,87.2,259,365,71.0,58,147,39.5,2,3.7,4.3,-1.7,42,54,44,16,111,ITA-Serie A,2024,passing
ITA,"FW,MF",27-063,1998,0.4,10,14,71.4,134,39,5,7,71.4,4,4,100.0,0,0,,0,0.0,0.0,0.0,0,0,0,0,0,ITA-Serie A,2024,passing
SUI,"FW,MF",24-322,2000,0.4,11,17,64.7,236,47,3,5,60.0,4,6,66.7,3,4,75.0,0,0.6,0.2,-0.6,3,2,1,1,1,ITA-Serie A,2024,passing
ITA,"DF,FW",29-258,1995,6.9,197,248,79.4,3051,893,106,116,91.4,79,99,79.8,9,20,45.0,0,0.4,0.4,-0.4,5,5,8,3,22,ITA-Serie A,2024,passing
DEN,MF,28-304,1996,1.2,24,36,66.7,335,95,16,22,72.7,2,3,66.7,3,3,100.0,0,0.1,0.0,-0.1,2,3,0,0,3,ITA-Serie A,2024,passing
ESP,DF,22-327,2002,0.1,3,3,100.0,40,12,2,2,100.0,1,1,100.0,0,0,,0,0.0,0.0,0.0,0,0,0,0,0,ITA-Serie A,2024,passing
BEL,FW,31-333,1993,25.2,297,417,71.2,3724,530,179,224,79.9,81,111,73.0,10,17,58.8,8,3.1,1.9,4.9,28,14,5,0,28,ITA-Serie A,2024,passing
SCO,MF,28-124,1996,25.6,606,719,84.3,10011,2243,296,334,88.6,237,273,86.8,53,72,73.6,2,1.6,1.2,0.4,18,53,18,0,88,ITA-Serie A,2024,passing
ITA,GK,28-315,1996,1.0,35,44,79.5,827,432,8,8,100.0,22,22,100.0,5,14,35.7,0,0.0,0.0,0.0,0,0,0,0,0,ITA-Serie A,2024,passing
SVK,MF,30-137,1994,25.6,1349,1498,90.1,23410,5697,604,673,89.7,615,650,94.6,106,130,81.5,1,1.1,1.7,-0.1,15,95,17,1,101,ITA-Serie A,2024,passing
MAR,FW,27-079,1998,0.1,2,3,66.7,28,14,1,2,50.0,1,1,100.0,0,0,,0,0.0,0.0,0.0,1,1,0,0,1,ITA-Serie A,2024,passing
POL,"FW,MF",24-138,2000,2.2,32,49,65.3,521,112,17,26,65.4,9,14,64.3,3,5,60.0,0,0.0,0.0,0.0,1,2,0,0,3,ITA-Serie A,2024,passing
ESP,MF,23-320,2001,14.2,723,864,83.7,13693,4749,292,322,90.7,319,363,87.9,95,145,65.5,0,1.0,1.2,-1.0,20,94,14,3,102,ITA-Serie A,2024,passing
AUS,DF,21-183,2003,4.0,149,170,87.6,2853,696,48,56,85.7,84,90,93.3,13,20,65.0,0,0.0,0.0,0.0,0,3,0,0,5,ITA-Serie A,2024,passing
ITA,DF,26-209,1998,7.5,391,427,91.6,7684,2755,140,145,96.6,204,214,95.3,43,60,71.7,0,0.1,0.1,-0.1,3,26,1,0,20,ITA-Serie A,2024,passing
FRA,FW,21-168,2003,21.9,352,465,75.7,5061,1001,183,224,81.7,115,141,81.6,21,29,72.4,3,2.1,1.6,0.9,25,26,14,2,43,ITA-Serie A,2024,passing
FRA,"DF,MF",23-052,2002,9.1,277,370,74.9,4375,1839,133,161,82.6,107,141,75.9,20,44,45.5,0,0.4,0.9,-0.4,4,22,10,4,28,ITA-Serie A,2024,passing
HUN,DF,22-309,2002,20.1,801,891,89.9,15754,4568,201,221,91.0,521,547,95.2,70,97,72.2,1,0.1,0.2,0.9,2,20,0,0,31,ITA-Serie A,2024,passing
ROU,"FW,MF",26-228,1998,21.6,617,776,79.5,8709,2186,391,456,85.7,162,195,83.1,38,64,59.4,4,4.2,2.7,-0.2,45,44,25,5,56,ITA-Serie A,2024,passing
CIV,"MF,FW",23-052,2002,4.4,122,165,73.9,1937,507,65,77,84.4,47,56,83.9,6,15,40.0,0,0.5,0.2,-0.5,3,15,3,0,25,ITA-Serie A,2024,passing
ITA,DF,26-125,1998,25.5,687,1003,68.5,12250,5448,297,353,84.1,304,438,69.4,66,157,42.0,4,3.5,2.3,0.5,31,60,25,15,82,ITA-Serie A,2024,passing
ITA,DF,25-152,1999,25.7,1086,1292,84.1,19404,6933,449,478,93.9,536,601,89.2,86,169,50.9,0,1.2,0.8,-1.2,12,57,6,2,70,ITA-Serie A,2024,passing
CGO,FW,25-329,1999,3.0,33,55,60.0,508,188,18,26,69.2,11,18,61.1,3,3,100.0,2,0.9,0.3,1.1,7,3,2,0,7,ITA-Serie A,2024,passing
ITA,DF,18-111,2006,8.0,382,430,88.8,6928,2309,145,159,91.2,207,225,92.0,30,43,69.8,0,0.0,0.0,0.0,0,19,0,0,17,ITA-Serie A,2024,passing
BRA,MF,31-015,1994,11.9,409,531,77.0,7185,2194,202,236,85.6,151,182,83.0,43,74,58.1,2,1.0,0.9,1.0,20,43,11,2,69,ITA-Serie A,2024,passing
SWE,"FW,MF",22-221,2002,1.5,38,51,74.5,478,157,28,31,90.3,5,8,62.5,2,9,22.2,0,0.0,0.1,0.0,1,1,1,0,4,ITA-Serie A,2024,passing
ARG,DF,26-087,1999,12.0,523,609,85.9,9993,3109,169,181,93.4,305,325,93.8,46,90,51.1,0,0.2,0.1,-0.2,3,18,2,1,20,ITA-Serie A,2024,passing
ARG,GK,35-015,1990,1.0,36,50,72.0,854,507,6,6,100.0,23,23,100.0,7,20,35.0,0,0.0,0.0,0.0,0,1,0,0,1,ITA-Serie A,2024,passing
BEL,MF,22-336,2002,14.2,487,538,90.5,7909,1975,239,249,96.0,208,230,90.4,30,41,73.2,2,1.0,0.7,1.0,15,45,3,0,38,ITA-Serie A,2024,passing
ARG,FW,24-041,2001,2.4,26,47,55.3,426,80,14,23,60.9,10,18,55.6,2,2,100.0,1,0.2,0.2,0.8,3,0,2,1,2,ITA-Serie A,2024,passing
POL,MF,19-264,2005,0.6,8,12,66.7,95,24,5,8,62.5,2,3,66.7,0,0,,0,0.0,0.0,0.0,0,1,0,0,0,ITA-Serie A,2024,passing
NOR,"DF,FW",21-126,2003,0.9,38,51,74.5,626,97,15,19,78.9,18,22,81.8,3,5,60.0,0,0.1,0.0,-0.1,1,1,1,0,1,ITA-Serie A,2024,passing
ITA,"FW,MF",23-058,2002,15.8,211,312,67.6,2943,842,124,164,75.6,66,88,75.0,9,28,32.1,0,0.7,0.7,-0.7,11,16,7,5,24,ITA-Serie A,2024,passing
BIH,FW,34-324,1990,2.1,22,44,50.0,233,75,15,29,51.7,4,9,44.4,0,1,0.0,0,0.0,0.0,0.0,0,2,2,0,4,ITA-Serie A,2024,passing
TUN,MF,20-016,2005,5.0,118,151,78.1,1736,541,55,65,84.6,43,52,82.7,7,14,50.0,2,1.2,0.7,0.8,9,12,6,3,13,ITA-Serie A,2024,passing
ARG,MF,29-148,1995,6.8,221,287,77.0,3879,1254,92,104,88.5,104,127,81.9,22,43,51.2,0,0.5,0.3,-0.5,5,26,1,0,29,ITA-Serie A,2024,passing
SWE,"FW,MF",25-275,1999,12.3,215,297,72.4,2758,504,150,184,81.5,46,65,70.8,7,12,58.3,1,1.3,0.9,-0.3,10,4,4,1,12,ITA-Serie A,2024,passing
SUI,MF,24-000,2001,27.1,904,1059,85.4,14319,3969,446,497,89.7,376,431,87.2,51,79,64.6,0,1.7,1.7,-1.7,17,103,22,3,126,ITA-Serie A,2024,passing
ROU,"FW,MF",25-068,2000,14.3,325,431,75.4,4879,1423,181,217,83.4,103,130,79.2,24,50,48.0,3,1.2,1.1,1.8,17,28,17,3,41,ITA-Serie A,2024,passing
FRA,DF,25-326,1999,12.0,514,593,86.7,7911,3030,274,295,92.9,206,239,86.2,23,38,60.5,1,0.9,0.8,0.1,8,44,4,0,41,ITA-Serie A,2024,passing
FRA,MF,30-073,1995,0.3,14,21,66.7,248,161,9,9,100.0,2,5,40.0,3,5,60.0,0,0.0,0.2,0.0,0,2,0,0,2,ITA-Serie A,2024,passing
VEN,DF,30-336,1994,1.9,104,119,87.4,1866,555,41,46,89.1,58,61,95.1,5,10,50.0,0,0.1,0.1,-0.1,1,1,0,0,3,ITA-Serie A,2024,passing
JPN,GK,22-233,2002,29.8,812,1173,69.2,21981,15928,147,149,98.7,432,439,98.4,229,579,39.6,0,0.0,0.1,0.0,0,31,1,0,0,ITA-Serie A,2024,passing
BEL,"DF,FW",25-288,1999,11.7,491,605,81.2,6949,1831,305,338,90.2,142,168,84.5,26,55,47.3,2,2.4,1.8,-0.4,19,24,17,5,46,ITA-Serie A,2024,passing
NED,DF,23-083,2002,1.7,86,103,83.5,1414,246,41,47,87.2,42,46,91.3,3,6,50.0,1,0.1,0.1,0.9,2,2,1,1,2,ITA-Serie A,2024,passing
ESP,DF,28-097,1997,28.3,1307,1656,78.9,23730,8486,559,630,88.7,596,713,83.6,135,257,52.5,1,2.6,2.9,-1.6,39,120,47,18,146,ITA-Serie A,2024,passing
UKR,FW,27-294,1997,23.0,275,374,73.5,2962,354,181,239,75.7,50,65,76.9,5,5,100.0,2,2.3,1.4,-0.3,20,13,4,0,15,ITA-Serie A,2024,passing
ITA,MF,30-039,1995,16.5,858,1014,84.6,15035,4215,367,411,89.3,410,451,90.9,69,109,63.3,2,1.0,1.0,1.0,13,108,13,0,112,ITA-Serie A,2024,passing
NED,DF,22-083,2003,3.9,177,210,84.3,2578,718,107,121,88.4,59,67,88.1,7,14,50.0,1,0.8,0.8,0.2,2,12,4,2,11,ITA-Serie A,2024,passing
UZB,FW,29-286,1995,6.9,148,194,76.3,1980,324,90,113,79.6,42,50,84.0,4,5,80.0,2,0.7,0.8,1.3,12,8,4,0,15,ITA-Serie A,2024,passing
FRA,MF,25-067,2000,3.5,226,263,85.9,3851,949,100,112,89.3,109,120,90.8,13,24,54.2,0,0.1,0.2,-0.1,3,26,2,0,28,ITA-Serie A,2024,passing
ITA,DF,28-359,1996,27.9,1391,1628,85.4,24948,8578,552,597,92.5,714,777,91.9,100,198,50.5,0,0.9,0.7,-0.9,14,116,16,4,126,ITA-Serie A,2024,passing
ARG,MF,30-286,1994,12.9,946,1082,87.4,17678,5511,366,386,94.8,458,487,94.0,112,183,61.2,1,1.4,1.3,-0.4,19,88,14,3,87,ITA-Serie A,2024,passing
ITA,MF,28-296,1996,16.2,471,592,79.6,7471,1622,222,254,87.4,183,215,85.1,37,78,47.4,1,2.1,2.3,-1.1,24,30,18,0,54,ITA-Serie A,2024,passing
FRA,MF,21-249,2003,1.9,81,90,90.0,1255,240,45,49,91.8,30,33,90.9,4,4,100.0,0,0.0,0.1,0.0,1,8,0,0,7,ITA-Serie A,2024,passing
FRA,MF,23-329,2001,21.9,916,1013,90.4,14568,3393,451,496,90.9,377,404,93.3,58,65,89.2,1,1.3,1.2,-0.3,14,79,9,1,106,ITA-Serie A,2024,passing
ESP,DF,29-297,1995,2.8,182,202,90.1,3429,979,67,74,90.5,100,106,94.3,15,19,78.9,0,0.0,0.1,0.0,0,17,2,1,14,ITA-Serie A,2024,passing
GER,DF,36-116,1988,10.2,388,436,89.0,7146,2568,140,149,94.0,219,234,93.6,26,40,65.0,0,0.1,0.1,-0.1,2,14,0,0,26,ITA-Serie A,2024,passing
ARG,"MF,FW",21-361,2003,13.1,553,673,82.2,8172,1864,325,356,91.3,165,208,79.3,38,63,60.3,1,3.1,2.4,-2.1,33,39,20,6,59,ITA-Serie A,2024,passing
SRB,GK,25-227,1999,31.0,954,1199,79.6,24027,13592,173,173,100.0,552,554,99.6,228,470,48.5,0,0.0,0.0,0.0,0,9,0,0,2,ITA-Serie A,2024,passing
ITA,MF,20-200,2004,12.4,449,536,83.8,7446,1774,210,235,89.4,199,227,87.7,30,48,62.5,1,0.7,1.0,0.3,10,63,8,2,59,ITA-Serie A,2024,passing
POL,"DF,FW",23-078,2002,5.9,194,265,73.2,3235,575,102,118,86.4,71,96,74.0,16,32,50.0,0,0.8,0.6,-0.8,10,10,14,7,17,ITA-Serie A,2024,passing
CIV,DF,25-234,1999,31.0,1940,2107,92.1,35003,11465,716,746,96.0,1069,1115,95.9,127,201,63.2,1,0.7,0.4,0.3,8,94,3,0,84,ITA-Serie A,2024,passing
ARG,"FW,MF",31-147,1993,15.7,596,729,81.8,9980,2382,315,346,91.0,177,213,83.1,72,114,63.2,3,5.0,5.2,-2.0,40,47,26,5,79,ITA-Serie A,2024,passing
SWE,"DF,MF",25-038,2000,0.5,24,28,85.7,268,95,22,23,95.7,2,4,50.0,0,1,0.0,0,0.0,0.0,0.0,0,2,1,0,2,ITA-Serie A,2024,passing
KSA,DF,25-267,1999,2.3,118,136,86.8,1766,368,65,69,94.2,49,55,89.1,2,6,33.3,1,0.2,0.2,0.8,2,4,4,2,9,ITA-Serie A,2024,passing
ITA,"DF,MF",32-166,1992,11.5,375,477,78.6,5323,1482,225,256,87.9,125,160,78.1,14,28,50.0,3,1.0,1.8,2.0,12,18,18,3,44,ITA-Serie A,2024,passing
ENG,FW,27-191,1997,0.0,1,3,33.3,44,32,0,1,0.0,0,1,0.0,1,1,100.0,0,0.0,0.0,0.0,0,1,0,0,1,ITA-Serie A,2024,passing
ITA,"MF,FW",22-019,2003,7.7,263,316,83.2,3411,617,167,185,90.3,81,96,84.4,3,8,37.5,1,0.9,0.8,0.1,8,20,6,0,21,ITA-Serie A,2024,passing
DEN,DF,26-179,1998,2.1,106,120,88.3,1908,447,36,41,87.8,65,71,91.5,5,8,62.5,0,0.0,0.0,0.0,0,7,0,0,4,ITA-Serie A,2024,passing
TUR,DF,28-053,1997,18.2,794,970,81.9,12689,4221,389,436,89.2,334,400,83.5,49,84,58.3,2,1.3,0.8,0.7,15,62,13,7,68,ITA-Serie A,2024,passing
ITA,MF,20-075,2005,0.0,0,0,,0,0,0,0,,0,0,,0,0,,0,0.0,0.0,0.0,0,0,0,0,0,ITA-Serie A,2024,passing
MAR,DF,31-099,1994,16.6,836,994,84.1,15392,5660,314,345,91.0,437,492,88.8,76,140,54.3,2,0.3,0.5,1.7,3,52,5,2,62,ITA-Serie A,2024,passing
CMR,"MF,DF",31-066,1994,6.7,240,281,85.4,3818,852,113,132,85.6,105,114,92.1,13,18,72.2,0,0.8,0.7,-0.8,6,10,6,1,23,ITA-Serie A,2024,passing
ITA,GK,32-225,1992,1.0,28,32,87.5,826,650,10,10,100.0,6,6,100.0,12,16,75.0,0,0.0,0.0,0.0,0,0,0,0,0,ITA-Serie A,2024,passing
FRA,DF,21-096,2004,1.4,49,62,79.0,774,263,22,28,78.6,23,27,85.2,2,3,66.7,0,0.0,0.0,0.0,1,2,1,1,6,ITA-Serie A,2024,passing
PAR,FW,29-038,1996,12.9,188,233,80.7,2544,436,109,131,83.2,60,71,84.5,7,12,58.3,1,0.5,0.7,0.5,9,13,3,0,17,ITA-Serie A,2024,passing
CRO,DF,27-080,1998,13.1,546,686,79.6,9165,2699,244,275,88.7,237,283,83.7,51,94,54.3,0,0.7,0.9,-0.7,11,43,22,12,51,ITA-Serie A,2024,passing
ITA,MF,22-091,2003,6.2,179,225,79.6,2800,502,96,121,79.3,70,82,85.4,10,17,58.8,1,0.2,0.2,0.8,4,16,3,1,17,ITA-Serie A,2024,passing
SCO,FW,28-272,1996,23.0,329,450,73.1,5081,968,177,228,77.6,109,137,79.6,26,39,66.7,3,1.9,2.7,1.1,24,26,5,0,30,ITA-Serie A,2024,passing
ITA,DF,32-222,1992,6.2,234,323,72.4,4078,1603,115,129,89.1,88,115,76.5,27,64,42.2,0,0.7,0.8,-0.7,10,20,5,3,16,ITA-Serie A,2024,passing
COL,FW,34-010,1991,6.5,87,126,69.0,1223,191,52,75,69.3,18,25,72.0,9,11,81.8,0,0.5,0.5,-0.5,9,4,4,1,7,ITA-Serie A,2024,passing
MKD,FW,25-199,1999,5.6,114,148,77.0,1767,345,60,74,81.1,43,52,82.7,7,11,63.6,0,0.3,0.4,-0.3,7,8,3,1,11,ITA-Serie A,2024,passing
SWE,"FW,MF",19-332,2005,4.4,63,95,66.3,942,197,39,54,72.2,18,28,64.3,4,7,57.1,0,0.4,0.3,-0.4,4,4,4,1,7,ITA-Serie A,2024,passing
CHI,DF,30-340,1994,19.0,864,991,87.2,17524,6127,219,255,85.9,555,588,94.4,86,132,65.2,1,0.6,0.7,0.4,4,53,4,0,72,ITA-Serie A,2024,passing
LTU,MF,20-361,2004,11.3,305,410,74.4,4969,1468,158,186,84.9,112,132,84.8,25,59,42.4,1,1.8,1.9,-0.8,19,25,6,2,28,ITA-Serie A,2024,passing
SRB,MF,24-025,2001,8.2,357,429,83.2,5815,1501,174,200,87.0,153,175,87.4,23,34,67.6,0,0.6,0.7,-0.6,6,32,13,2,33,ITA-Serie A,2024,passing
POL,MF,30-068,1995,14.3,409,485,84.3,7091,1736,199,218,91.3,157,182,86.3,44,61,72.1,0,0.2,0.4,-0.2,6,39,8,1,42,ITA-Serie A,2024,passing
NOR,DF,24-269,2000,13.2,307,427,71.9,4697,1163,170,202,84.2,110,139,79.1,19,40,47.5,0,0.4,0.3,-0.4,6,12,5,5,14,ITA-Serie A,2024,passing
KVX,DF,30-069,1995,12.3,662,792,83.6,12050,3725,270,303,89.1,314,354,88.7,69,108,63.9,0,0.4,0.9,-0.4,11,47,16,9,64,ITA-Serie A,2024,passing
CRO,"MF,FW",27-189,1997,19.4,507,643,78.8,7297,1930,287,333,86.2,178,223,79.8,19,31,61.3,4,2.0,1.8,2.0,22,42,21,3,81,ITA-Serie A,2024,passing
ITA,DF,24-329,2000,1.0,31,43,72.1,541,130,15,17,88.2,13,18,72.2,3,6,50.0,0,0.1,0.0,-0.1,1,1,0,0,0,ITA-Serie A,2024,passing
GEO,DF,23-069,2002,0.0,0,0,,0,0,0,0,,0,0,,0,0,,0,0.0,0.0,0.0,0,0,0,0,0,ITA-Serie A,2024,passing
ITA,MF,23-233,2001,28.3,1040,1186,87.7,18124,3750,445,490,90.8,503,553,91.0,74,107,69.2,1,0.5,1.0,0.5,11,87,11,0,99,ITA-Serie A,2024,passing
EQG,DF,26-061,1999,29.0,1248,1417,88.1,22944,6722,449,488,92.0,690,741,93.1,95,155,61.3,0,0.0,0.2,0.0,1,69,1,0,66,ITA-Serie A,2024,passing
POL,DF,25-006,2000,16.5,671,832,80.6,11427,3916,314,356,88.2,290,352,82.4,57,93,61.3,0,0.3,0.5,-0.3,3,69,12,4,74,ITA-Serie A,2024,passing
AUT,"DF,FW",29-018,1996,22.6,773,1034,74.8,12792,3676,390,446,87.4,310,393,78.9,61,150,40.7,6,3.1,3.1,2.9,27,43,20,13,64,ITA-Serie A,2024,passing
SRB,GK,28-050,1997,30.0,901,1341,67.2,27028,19016,128,131,97.7,463,470,98.5,309,731,42.3,0,0.1,0.2,-0.1,3,46,6,0,0,ITA-Serie A,2024,passing
FRA,"MF,FW",26-277,1998,10.8,175,262,66.8,2518,549,108,139,77.7,46,63,73.0,11,21,52.4,1,0.9,1.0,0.1,9,8,7,1,25,ITA-Serie A,2024,passing
CHI,FW,36-113,1988,3.9,103,129,79.8,1604,437,55,60,91.7,29,43,67.4,13,14,92.9,0,0.1,0.1,-0.1,2,10,5,0,16,ITA-Serie A,2024,passing
FRA,MF,22-087,2003,8.3,306,389,78.7,4896,1109,160,187,85.6,111,128,86.7,23,42,54.8,1,1.2,0.9,-0.2,11,25,4,1,35,ITA-Serie A,2024,passing
BRA,"MF,FW",25-085,2000,4.3,87,114,76.3,1480,357,43,47,91.5,31,38,81.6,12,21,57.1,2,0.5,0.1,1.5,5,5,1,1,7,ITA-Serie A,2024,passing
BEL,DF,34-046,1991,10.2,431,504,85.5,8358,2898,148,161,91.9,211,236,89.4,63,90,70.0,0,0.2,0.5,-0.2,5,40,1,0,40,ITA-Serie A,2024,passing
ITA,GK,39-168,1985,1.0,15,20,75.0,344,255,4,4,100.0,8,8,100.0,3,8,37.5,0,0.0,0.0,0.0,0,0,0,0,0,ITA-Serie A,2024,passing
CMR,DF,26-031,1999,1.0,48,55,87.3,897,201,16,20,80.0,26,28,92.9,5,6,83.3,0,0.0,0.0,0.0,1,7,0,0,5,ITA-Serie A,2024,passing
FRA,"FW,MF",32-075,1993,21.7,544,819,66.4,9660,3359,240,289,83.0,183,276,66.3,84,169,49.7,3,3.8,4.7,-0.8,39,58,43,20,90,ITA-Serie A,2024,passing
CIV,DF,31-037,1994,17.2,608,784,77.6,10942,3275,293,328,89.3,229,278,82.4,80,147,54.4,3,1.7,1.9,1.3,20,38,25,19,50,ITA-Serie A,2024,passing
ESP,"FW,MF",20-088,2005,6.0,120,151,79.5,1771,342,66,76,86.8,37,45,82.2,8,14,57.1,1,0.4,0.3,0.6,6,7,5,0,14,ITA-Serie A,2024,passing
SVN,DF,26-065,1999,29.0,1232,1479,83.3,26344,9169,304,354,85.9,748,811,92.2,173,285,60.7,0,0.5,0.6,-0.5,10,90,4,1,81,ITA-Serie A,2024,passing
IRL,"DF,MF",21-085,2004,1.0,36,46,78.3,614,206,13,15,86.7,18,21,85.7,3,8,37.5,0,0.0,0.0,0.0,0,2,0,0,4,ITA-Serie A,2024,passing
SWE,MF,29-294,1995,28.4,1064,1282,83.0,18713,5964,451,503,89.7,493,562,87.7,94,161,58.4,2,0.8,1.1,1.2,13,111,15,3,105,ITA-Serie A,2024,passing
ZIM,DF,25-148,1999,14.0,433,563,76.9,6834,2540,237,260,91.2,159,210,75.7,28,63,44.4,2,0.9,1.2,1.1,9,23,14,8,40,ITA-Serie A,2024,passing
NED,MF,25-006,2000,16.7,475,591,80.4,7342,1699,249,292,85.3,186,223,83.4,24,36,66.7,2,1.1,0.9,0.9,12,34,9,2,54,ITA-Serie A,2024,passing
ENG,FW,27-057,1998,7.9,152,197,77.2,2270,344,80,101,79.2,49,57,86.0,13,14,92.9,1,2.0,0.6,-1.0,15,11,8,0,20,ITA-Serie A,2024,passing
NED,DF,29-321,1995,23.1,643,842,76.4,11041,3485,303,353,85.8,272,342,79.5,54,103,52.4,1,1.9,1.7,-0.9,18,26,19,15,45,ITA-Serie A,2024,passing
ARG,DF,31-149,1993,9.3,306,372,82.3,5620,1987,102,113,90.3,165,195,84.6,31,51,60.8,0,0.1,0.3,-0.1,2,12,2,0,18,ITA-Serie A,2024,passing
ITA,FW,24-213,2000,23.9,223,349,63.9,3530,362,104,169,61.5,82,110,74.5,19,25,76.0,1,1.5,0.7,-0.5,13,17,0,0,16,ITA-Serie A,2024,passing
NGA,GK,25-226,1999,18.0,492,637,77.2,12740,9183,115,116,99.1,246,248,99.2,129,267,48.3,0,0.0,0.0,0.0,0,12,0,0,1,ITA-Serie A,2024,passing
ARG,MF,26-212,1998,12.6,307,384,79.9,5400,1122,136,148,91.9,129,149,86.6,33,61,54.1,1,1.0,0.9,0.0,9,38,7,6,42,ITA-Serie A,2024,passing
ARG,DF,24-291,2000,2.0,49,60,81.7,1023,477,21,24,87.5,17,19,89.5,10,14,71.4,0,0.0,0.0,0.0,0,5,0,0,4,ITA-Serie A,2024,passing
ESP,MF,26-097,1999,7.1,180,219,82.2,2932,700,93,100,93.0,66,77,85.7,16,26,61.5,0,0.4,0.6,-0.4,5,16,7,5,19,ITA-Serie A,2024,passing
FRA,DF,25-063,2000,11.6,646,722,89.5,12774,3641,225,238,94.5,321,343,93.6,99,127,78.0,1,0.5,0.4,0.5,9,31,5,1,38,ITA-Serie A,2024,passing
ROU,GK,22-294,2002,12.0,277,395,70.1,7197,4630,63,63,100.0,151,153,98.7,61,173,35.3,0,0.0,0.0,0.0,0,6,0,0,0,ITA-Serie A,2024,passing
ANG,"DF,MF",25-186,1999,3.3,115,160,71.9,1697,503,71,82,86.6,34,53,64.2,7,14,50.0,0,0.1,0.1,-0.1,3,6,3,3,8,ITA-Serie A,2024,passing
SVN,MF,27-014,1998,22.0,660,833,79.2,11898,3421,273,305,89.5,287,346,82.9,79,138,57.2,3,3.1,2.2,-0.1,30,76,17,4,104,ITA-Serie A,2024,passing
ITA,"MF,FW",19-056,2006,0.7,29,43,67.4,445,65,15,18,83.3,12,14,85.7,1,9,11.1,0,0.0,0.0,0.0,1,1,0,0,0,ITA-Serie A,2024,passing
FRA,DF,22-014,2003,8.1,474,517,91.7,8403,2159,197,210,93.8,230,240,95.8,44,57,77.2,0,0.0,0.2,0.0,2,34,4,1,26,ITA-Serie A,2024,passing
DEN,DF,23-084,2002,14.7,605,741,81.6,11736,4233,207,239,86.6,311,363,85.7,76,111,68.5,0,0.3,0.5,-0.3,4,49,4,2,56,ITA-Serie A,2024,passing
ITA,DF,22-198,2002,2.1,52,72,72.2,869,397,25,31,80.6,25,31,80.6,2,8,25.0,0,0.0,0.0,0.0,0,4,0,0,3,ITA-Serie A,2024,passing
ITA,DF,26-039,1999,10.0,248,375,66.1,4116,1751,121,147,82.3,99,144,68.8,22,51,43.1,0,1.0,1.3,-1.0,14,18,13,6,38,ITA-Serie A,2024,passing
GHA,MF,32-032,1993,10.4,401,492,81.5,6751,1873,190,215,88.4,167,186,89.8,32,62,51.6,0,1.1,1.0,-1.1,11,36,19,4,52,ITA-Serie A,2024,passing
ITA,DF,24-349,2000,11.2,299,403,74.2,4708,1990,158,183,86.3,120,162,74.1,15,35,42.9,1,0.8,0.5,0.2,9,26,6,6,27,ITA-Serie A,2024,passing
ITA,"FW,DF",21-024,2004,1.0,17,26,65.4,200,48,12,17,70.6,4,7,57.1,0,0,,0,0.1,0.2,-0.1,1,0,0,0,2,ITA-Serie A,2024,passing
ISL,"DF,MF",24-335,2000,1.8,78,89,87.6,1208,331,45,49,91.8,24,26,92.3,4,5,80.0,0,0.1,0.2,-0.1,1,5,4,4,10,ITA-Serie A,2024,passing
GUI,MF,24-259,2000,0.4,5,8,62.5,75,52,4,5,80.0,1,3,33.3,0,0,,0,0.0,0.0,0.0,1,0,0,0,2,ITA-Serie A,2024,passing
DEN,FW,34-340,1990,4.8,57,101,56.4,700,104,40,64,62.5,11,17,64.7,3,5,60.0,0,0.1,0.2,-0.1,3,4,3,0,4,ITA-Serie A,2024,passing
CZE,FW,22-233,2002,3.5,46,59,78.0,627,107,24,31,77.4,14,18,77.8,3,5,60.0,0,0.3,0.3,-0.3,6,4,3,0,8,ITA-Serie A,2024,passing
SVN,MF,29-144,1995,1.5,25,49,51.0,348,107,13,21,61.9,9,12,75.0,1,8,12.5,0,0.0,0.0,0.0,0,1,1,0,4,ITA-Serie A,2024,passing
GNB,DF,27-077,1998,10.0,449,553,81.2,7810,3204,207,218,95.0,196,225,87.1,42,92,45.7,1,0.5,0.1,0.5,2,32,0,0,25,ITA-Serie A,2024,passing
SRB,GK,23-045,2002,15.2,372,513,72.5,9405,6649,66,66,100.0,210,217,96.8,96,229,41.9,0,0.0,0.0,0.0,0,2,0,0,0,ITA-Serie A,2024,passing
ITA,DF,31-193,1993,17.8,395,542,72.9,6433,2039,211,241,87.6,149,207,72.0,28,58,48.3,2,0.8,0.7,1.2,12,25,15,5,39,ITA-Serie A,2024,passing
ITA,DF,22-007,2003,2.5,61,92,66.3,931,351,37,42,88.1,19,32,59.4,4,16,25.0,0,0.1,0.2,-0.1,2,3,3,2,6,ITA-Serie A,2024,passing
ITA,"MF,FW",22-195,2002,23.2,282,406,69.5,4564,1306,144,180,80.0,96,131,73.3,27,45,60.0,3,2.5,2.1,0.5,31,32,19,6,61,ITA-Serie A,2024,passing
USA,MF,22-318,2002,22.4,563,739,76.2,8857,2181,297,350,84.9,213,267,79.8,37,58,63.8,0,1.2,1.2,-1.2,23,36,22,4,79,ITA-Serie A,2024,passing
ITA,DF,26-245,1998,8.4,283,389,72.8,5113,1998,105,129,81.4,158,198,79.8,16,49,32.7,0,0.1,0.2,-0.1,1,15,2,1,20,ITA-Serie A,2024,passing
ITA,MF,24-297,2000,24.8,822,1042,78.9,14235,4790,401,447,89.7,306,368,83.2,87,160,54.4,2,1.4,1.5,0.6,22,86,12,1,103,ITA-Serie A,2024,passing
ROU,GK,27-318,1997,8.0,157,314,50.0,4455,3445,21,21,100.0,87,93,93.5,49,198,24.7,0,0.0,0.0,0.0,0,4,0,0,0,ITA-Serie A,2024,passing
CIV,MF,21-177,2003,8.3,162,216,75.0,2171,538,95,109,87.2,53,71,74.6,4,12,33.3,0,0.1,0.2,-0.1,3,14,1,0,21,ITA-Serie A,2024,passing
IDN,DF,24-313,2000,28.7,1225,1435,85.4,22004,7627,446,494,90.3,696,766,90.9,68,132,51.5,0,0.3,0.4,-0.3,5,54,3,1,68,ITA-Serie A,2024,passing
FIN,GK,32-021,1993,7.8,223,302,73.8,5362,3464,37,37,100.0,138,143,96.5,47,118,39.8,0,0.0,0.0,0.0,0,1,0,0,0,ITA-Serie A,2024,passing
FIN,FW,30-210,1994,17.8,211,350,60.3,3005,737,118,176,67.0,61,104,58.7,14,29,48.3,0,1.7,1.0,-1.7,15,25,7,0,29,ITA-Serie A,2024,passing
ECU,"FW,MF",24-292,2000,8.6,152,217,70.0,1973,520,98,121,81.0,38,49,77.6,7,15,46.7,1,0.7,0.7,0.3,11,7,7,0,23,ITA-Serie A,2024,passing
BEL,DF,22-242,2002,7.7,264,306,86.3,4079,1276,133,149,89.3,115,128,89.8,10,18,55.6,0,0.0,0.1,0.0,1,8,1,0,14,ITA-Serie A,2024,passing
ESP,MF,28-056,1997,8.0,287,395,72.7,5001,1936,140,162,86.4,99,122,81.1,33,77,42.9,0,1.1,1.2,-1.1,13,32,8,2,38,ITA-Serie A,2024,passing
DEN,MF,25-336,1999,7.7,247,309,79.9,3986,1038,118,135,87.4,103,114,90.4,18,40,45.0,1,0.5,0.6,0.5,9,18,3,0,24,ITA-Serie A,2024,passing
CRO,DF,27-066,1998,11.6,479,581,82.4,8510,3788,200,221,90.5,234,272,86.0,37,65,56.9,0,0.3,0.3,-0.3,2,38,5,0,37,ITA-Serie A,2024,passing
AUT,DF,26-178,1998,14.6,703,829,84.8,12684,4404,259,286,90.6,396,443,89.4,41,79,51.9,0,0.6,1.2,-0.6,5,44,2,0,43,ITA-Serie A,2024,passing
ISL,"DF,MF",23-031,2002,22.7,358,505,70.9,5383,1667,199,250,79.6,132,180,73.3,15,41,36.6,1,0.9,1.1,0.1,18,20,8,1,33,ITA-Serie A,2024,passing
CRO,FW,29-330,1995,3.5,68,90,75.6,932,218,36,49,73.5,23,25,92.0,2,4,50.0,0,0.0,0.0,0.0,0,6,1,0,7,ITA-Serie A,2024,passing
ITA,MF,26-248,1998,0.9,15,20,75.0,210,65,11,14,78.6,3,4,75.0,1,2,50.0,0,0.1,0.1,-0.1,2,1,0,0,2,ITA-Serie A,2024,passing
ITA,MF,24-257,2000,0.1,1,1,100.0,6,0,1,1,100.0,0,0,,0,0,,0,0.0,0.0,0.0,0,0,0,0,0,ITA-Serie A,2024,passing
BEL,DF,21-071,2004,1.6,24,31,77.4,291,114,17,19,89.5,7,9,77.8,0,3,0.0,0,0.0,0.0,0.0,0,2,0,0,2,ITA-Serie A,2024,passing
SUR,DF,31-303,1993,12.1,380,489,77.7,6466,2229,162,177,91.5,188,228,82.5,23,53,43.4,0,0.4,0.4,-0.4,5,29,10,5,44,ITA-Serie A,2024,passing
MAR,MF,19-261,2005,0.3,11,14,78.6,169,13,5,5,100.0,4,5,80.0,1,1,100.0,0,0.0,0.0,0.0,1,1,0,0,1,ITA-Serie A,2024,passing
