nation,pos,age,born,Playing Time,Playing Time,Playing Time,Playing Time,Performance,Performance,Performance,Performance,Performance,Performance,Performance,Performance,Expected,Expected,Expected,Expected,Progression,Progression,Progression,Per 90 Minutes,Per 90 Minutes,Per 90 Minutes,Per 90 Minutes,Per 90 Minutes,Per 90 Minutes,Per 90 Minutes,Per 90 Minutes,Per 90 Minutes,Per 90 Minutes,league,season,stat_type
,,,,MP,Starts,Min,90s,Gls,Ast,G+A,G-PK,PK,PKatt,CrdY,CrdR,xG,npxG,xAG,npxG+xAG,PrgC,PrgP,PrgR,Gls,Ast,G+A,G-PK,G+A-PK,xG,xAG,xG+xAG,npxG,npxG+xAG,,,
MAR,DF,26-032,1999,28,28,2388,26.5,0,1,1,0,0,0,13,0,0.8,0.8,0.2,1.1,16,78,4,0.0,0.04,0.04,0.0,0.04,0.03,0.01,0.04,0.03,0.04,ESP-La Liga,2024,standard
ALG,"FW,MF",26-243,1998,8,4,385,4.3,0,0,0,0,0,0,1,0,0.2,0.2,0.3,0.5,16,5,34,0.0,0.0,0.0,0.0,0.0,0.04,0.07,0.11,0.04,0.11,ESP-La Liga,2024,standard
ESP,GK,24-120,2000,2,1,122,1.4,0,0,0,0,0,0,1,0,0.0,0.0,0.0,0.0,0,0,0,0.0,0.0,0.0,0.0,0.0,0.0,0.0,0.0,0.0,0.0,ESP-La Liga,2024,standard
SRB,DF,33-119,1991,7,5,426,4.7,0,0,0,0,0,0,1,1,0.0,0.0,0.0,0.0,1,6,1,0.0,0.0,0.0,0.0,0.0,0.01,0.0,0.01,0.01,0.01,ESP-La Liga,2024,standard
ESP,MF,27-278,1997,26,16,1532,17.0,0,1,1,0,0,0,1,0,0.4,0.4,0.5,1.0,11,91,13,0.0,0.06,0.06,0.0,0.06,0.03,0.03,0.06,0.03,0.06,ESP-La Liga,2024,standard
ESP,MF,24-262,2000,27,24,2041,22.7,0,1,1,0,0,0,9,1,0.7,0.7,1.4,2.0,5,109,14,0.0,0.04,0.04,0.0,0.04,0.03,0.06,0.09,0.03,0.09,ESP-La Liga,2024,standard
ESP,GK,28-243,1996,25,25,2180,24.2,0,0,0,0,0,0,5,1,0.0,0.0,0.1,0.1,0,1,0,0.0,0.0,0.0,0.0,0.0,0.0,0.0,0.0,0.0,0.0,ESP-La Liga,2024,standard
ESP,FW,27-193,1997,15,2,314,3.5,1,1,2,0,1,1,2,0,1.6,0.8,1.0,1.8,4,7,18,0.29,0.29,0.57,0.0,0.29,0.45,0.28,0.73,0.22,0.5,ESP-La Liga,2024,standard
ESP,"MF,FW",27-096,1998,7,6,522,5.8,0,2,2,0,0,0,1,0,0.4,0.4,0.6,1.0,14,34,20,0.0,0.34,0.34,0.0,0.34,0.07,0.1,0.18,0.07,0.18,ESP-La Liga,2024,standard
URU,MF,27-012,1998,11,5,346,3.8,1,1,2,1,0,0,2,0,0.1,0.1,0.6,0.7,3,18,5,0.26,0.26,0.52,0.26,0.52,0.03,0.16,0.19,0.03,0.19,ESP-La Liga,2024,standard
ESP,"FW,MF",22-354,2002,21,14,1181,13.1,2,2,4,2,0,0,2,0,2.2,2.2,2.7,4.9,12,18,60,0.15,0.15,0.3,0.15,0.3,0.17,0.21,0.37,0.17,0.37,ESP-La Liga,2024,standard
ESP,"FW,MF",25-353,1999,29,27,2372,26.4,4,3,7,4,0,0,1,0,2.4,2.4,4.2,6.6,85,45,166,0.15,0.11,0.27,0.15,0.27,0.09,0.16,0.25,0.09,0.25,ESP-La Liga,2024,standard
ARG,DF,25-218,1999,3,0,48,0.5,0,0,0,0,0,0,0,0,0.0,0.0,0.0,0.0,0,0,0,0.0,0.0,0.0,0.0,0.0,0.0,0.0,0.0,0.0,0.0,ESP-La Liga,2024,standard
ESP,"DF,MF",22-100,2003,5,2,237,2.6,0,0,0,0,0,0,0,0,0.5,0.5,0.2,0.7,7,2,10,0.0,0.0,0.0,0.0,0.0,0.18,0.07,0.26,0.18,0.26,ESP-La Liga,2024,standard
EQG,GK,24-041,2001,5,4,397,4.4,0,0,0,0,0,0,0,0,0.0,0.0,0.0,0.0,0,0,0,0.0,0.0,0.0,0.0,0.0,0.0,0.0,0.0,0.0,0.0,ESP-La Liga,2024,standard
ESP,MF,30-279,1994,19,12,1147,12.7,4,2,6,2,2,3,2,0,4.0,1.6,2.0,3.6,4,78,26,0.31,0.16,0.47,0.16,0.31,0.31,0.16,0.47,0.13,0.29,ESP-La Liga,2024,standard
ESP,"MF,FW",30-042,1995,26,20,1595,17.7,3,1,4,2,1,1,5,0,3.0,2.2,1.1,3.3,22,67,63,0.17,0.06,0.23,0.11,0.17,0.17,0.06,0.23,0.12,0.18,ESP-La Liga,2024,standard
ESP,FW,35-137,1989,28,22,1954,21.7,11,0,11,9,2,2,5,1,7.3,5.7,0.9,6.6,17,41,108,0.51,0.0,0.51,0.41,0.41,0.33,0.04,0.38,0.26,0.31,ESP-La Liga,2024,standard
ESP,FW,31-177,1993,1,0,23,0.3,0,0,0,0,0,0,0,0,0.0,0.0,0.1,0.1,4,1,3,0.0,0.0,0.0,0.0,0.0,0.0,0.57,0.57,0.0,0.57,ESP-La Liga,2024,standard
ARG,"FW,MF",20-144,2004,6,2,199,2.2,0,0,0,0,0,1,0,0,0.8,0.0,0.2,0.2,3,0,12,0.0,0.0,0.0,0.0,0.0,0.37,0.08,0.45,0.01,0.09,ESP-La Liga,2024,standard
ESP,DF,24-230,2000,26,23,2044,22.7,1,0,1,1,0,0,6,0,1.7,1.7,0.6,2.2,37,64,77,0.04,0.0,0.04,0.04,0.04,0.07,0.03,0.1,0.07,0.1,ESP-La Liga,2024,standard
MLI,DF,24-152,2000,23,18,1671,18.6,0,0,0,0,0,0,5,0,0.0,0.0,0.1,0.2,11,66,24,0.0,0.0,0.0,0.0,0.0,0.0,0.01,0.01,0.0,0.01,ESP-La Liga,2024,standard
ARG,DF,29-049,1996,26,26,2273,25.3,1,1,2,1,0,0,10,0,1.7,1.7,1.1,2.8,33,72,75,0.04,0.04,0.08,0.04,0.08,0.07,0.04,0.11,0.07,0.11,ESP-La Liga,2024,standard
ESP,"MF,FW",20-053,2005,4,2,176,2.0,0,0,0,0,0,0,1,0,0.0,0.0,0.0,0.1,14,4,15,0.0,0.0,0.0,0.0,0.0,0.02,0.01,0.03,0.02,0.03,ESP-La Liga,2024,standard
ESP,DF,23-100,2002,8,5,487,5.4,0,0,0,0,0,0,1,0,0.3,0.3,0.0,0.4,3,15,0,0.0,0.0,0.0,0.0,0.0,0.06,0.01,0.07,0.06,0.07,ESP-La Liga,2024,standard
URU,DF,23-057,2002,19,14,1309,14.5,0,1,1,0,0,0,4,0,0.8,0.8,0.8,1.6,14,32,1,0.0,0.07,0.07,0.0,0.07,0.05,0.06,0.11,0.05,0.11,ESP-La Liga,2024,standard
ESP,"MF,FW",31-157,1993,16,6,699,7.8,0,1,1,0,0,0,1,0,1.1,1.1,1.2,2.3,9,26,41,0.0,0.13,0.13,0.0,0.13,0.14,0.15,0.3,0.14,0.3,ESP-La Liga,2024,standard
ARG,"FW,MF",27-012,1998,16,9,724,8.0,1,0,1,1,0,0,5,0,2.3,2.3,0.3,2.6,12,15,58,0.12,0.0,0.12,0.12,0.12,0.28,0.04,0.32,0.28,0.32,ESP-La Liga,2024,standard
ESP,FW,27-285,1997,23,8,868,9.6,4,0,4,4,0,0,1,0,2.9,2.9,0.6,3.5,13,11,48,0.41,0.0,0.41,0.41,0.41,0.3,0.06,0.36,0.3,0.36,ESP-La Liga,2024,standard
ESP,DF,22-293,2002,13,10,819,9.1,0,0,0,0,0,0,1,0,0.2,0.2,0.2,0.4,14,34,20,0.0,0.0,0.0,0.0,0.0,0.02,0.02,0.04,0.02,0.04,ESP-La Liga,2024,standard
ESP,FW,23-181,2001,1,0,19,0.2,0,0,0,0,0,0,0,0,0.0,0.0,0.0,0.0,1,3,2,0.0,0.0,0.0,0.0,0.0,0.0,0.0,0.0,0.0,0.0,ESP-La Liga,2024,standard
ESP,DF,24-347,2000,18,16,1362,15.1,3,0,3,3,0,0,4,1,2.2,2.2,0.1,2.3,3,38,1,0.2,0.0,0.2,0.2,0.2,0.15,0.0,0.15,0.15,0.15,ESP-La Liga,2024,standard
ESP,GK,21-222,2003,5,3,321,3.6,0,0,0,0,0,0,0,0,0.0,0.0,0.0,0.0,0,0,0,0.0,0.0,0.0,0.0,0.0,0.0,0.0,0.0,0.0,0.0,ESP-La Liga,2024,standard
ESP,MF,35-240,1989,8,2,273,3.0,0,0,0,0,0,1,2,0,1.7,0.9,0.1,1.1,2,16,5,0.0,0.0,0.0,0.0,0.0,0.57,0.04,0.61,0.31,0.35,ESP-La Liga,2024,standard
ESP,DF,28-250,1996,16,13,1130,12.6,0,2,2,0,0,0,4,0,0.3,0.3,1.6,2.0,14,44,46,0.0,0.16,0.16,0.0,0.16,0.03,0.13,0.16,0.03,0.16,ESP-La Liga,2024,standard
ESP,MF,24-062,2001,24,17,1385,15.4,1,0,1,1,0,0,6,0,0.9,0.9,1.1,2.0,15,61,29,0.06,0.0,0.06,0.06,0.06,0.06,0.07,0.13,0.06,0.13,ESP-La Liga,2024,standard
ESP,DF,25-270,1999,24,22,2035,22.6,3,0,3,3,0,0,2,0,1.5,1.5,0.3,1.8,33,141,6,0.13,0.0,0.13,0.13,0.13,0.07,0.01,0.08,0.07,0.08,ESP-La Liga,2024,standard
ESP,FW,22-085,2003,1,0,7,0.1,0,0,0,0,0,0,0,0,0.0,0.0,0.0,0.0,1,0,0,0.0,0.0,0.0,0.0,0.0,0.0,0.0,0.0,0.0,0.0,ESP-La Liga,2024,standard
ESP,FW,28-211,1996,29,16,1459,16.2,6,2,8,6,0,0,2,0,4.7,4.6,0.8,5.4,5,22,51,0.37,0.12,0.49,0.37,0.49,0.29,0.05,0.34,0.29,0.34,ESP-La Liga,2024,standard
GHA,"FW,MF",30-300,1994,29,27,2402,26.7,5,8,13,5,0,0,0,0,6.6,6.6,6.8,13.5,99,67,280,0.19,0.3,0.49,0.19,0.49,0.25,0.26,0.5,0.25,0.5,ESP-La Liga,2024,standard
ESP,DF,31-342,1993,11,6,571,6.3,0,0,0,0,0,0,1,0,0.2,0.2,0.3,0.4,11,32,14,0.0,0.0,0.0,0.0,0.0,0.03,0.04,0.07,0.03,0.07,ESP-La Liga,2024,standard
ESP,MF,31-248,1993,19,13,1071,11.9,0,2,2,0,0,0,5,0,0.4,0.4,2.1,2.5,17,106,27,0.0,0.17,0.17,0.0,0.17,0.03,0.18,0.21,0.03,0.21,ESP-La Liga,2024,standard
ESP,"FW,MF",25-340,1999,3,0,53,0.6,0,0,0,0,0,0,1,0,0.0,0.0,0.0,0.0,0,0,3,0.0,0.0,0.0,0.0,0.0,0.0,0.0,0.0,0.0,0.0,ESP-La Liga,2024,standard
ESP,GK,24-106,2000,14,14,1206,13.4,0,0,0,0,0,0,1,1,0.0,0.0,0.0,0.0,0,0,0,0.0,0.0,0.0,0.0,0.0,0.0,0.0,0.0,0.0,0.0,ESP-La Liga,2024,standard
ESP,FW,24-069,2001,8,3,324,3.6,1,0,1,1,0,0,0,0,2.1,2.1,0.2,2.3,6,12,29,0.28,0.0,0.28,0.28,0.28,0.58,0.06,0.64,0.58,0.64,ESP-La Liga,2024,standard
ESP,MF,21-150,2003,27,20,1754,19.5,2,1,3,2,0,0,4,1,0.8,0.8,1.3,2.1,13,97,24,0.1,0.05,0.15,0.1,0.15,0.04,0.07,0.11,0.04,0.11,ESP-La Liga,2024,standard
ESP,MF,31-325,1993,20,8,774,8.6,0,0,0,0,0,1,1,0,1.2,0.4,0.6,1.1,8,55,19,0.0,0.0,0.0,0.0,0.0,0.14,0.07,0.21,0.05,0.12,ESP-La Liga,2024,standard
ESP,FW,22-273,2002,26,21,1873,20.8,4,5,9,4,0,0,1,0,3.8,3.8,3.5,7.3,111,66,245,0.19,0.24,0.43,0.19,0.43,0.18,0.17,0.35,0.18,0.35,ESP-La Liga,2024,standard
ESP,FW,22-037,2003,4,1,112,1.2,0,0,0,0,0,0,0,0,0.2,0.2,0.0,0.2,2,4,18,0.0,0.0,0.0,0.0,0.0,0.13,0.02,0.15,0.13,0.15,ESP-La Liga,2024,standard
ESP,MF,24-351,2000,22,17,1375,15.3,13,1,14,11,2,2,2,0,8.4,6.8,1.4,8.2,42,81,104,0.85,0.07,0.92,0.72,0.79,0.55,0.09,0.64,0.44,0.53,ESP-La Liga,2024,standard
ESP,"MF,FW",20-084,2005,6,1,124,1.4,0,0,0,0,0,0,0,0,0.0,0.0,0.1,0.1,3,3,8,0.0,0.0,0.0,0.0,0.0,0.02,0.04,0.06,0.02,0.06,ESP-La Liga,2024,standard
ESP,"MF,FW",21-321,2003,25,9,907,10.1,1,2,3,1,0,0,1,0,1.2,1.2,0.8,2.0,12,20,35,0.1,0.2,0.3,0.1,0.3,0.12,0.08,0.2,0.12,0.2,ESP-La Liga,2024,standard
ESP,DF,28-071,1997,7,5,493,5.5,0,0,0,0,0,0,3,0,0.2,0.2,0.1,0.3,2,23,0,0.0,0.0,0.0,0.0,0.0,0.04,0.01,0.05,0.04,0.05,ESP-La Liga,2024,standard
ESP,GK,27-304,1997,13,13,1170,13.0,0,0,0,0,0,0,0,0,0.0,0.0,0.0,0.0,0,0,0,0.0,0.0,0.0,0.0,0.0,0.0,0.0,0.0,0.0,0.0,ESP-La Liga,2024,standard
ESP,DF,30-077,1995,18,17,1511,16.8,1,0,1,1,0,0,4,0,0.5,0.5,0.2,0.7,18,101,0,0.06,0.0,0.06,0.06,0.06,0.03,0.01,0.04,0.03,0.04,ESP-La Liga,2024,standard
ESP,DF,35-060,1990,25,17,1594,17.7,0,2,2,0,0,0,3,0,0.5,0.5,2.1,2.6,39,123,58,0.0,0.11,0.11,0.0,0.11,0.03,0.12,0.15,0.03,0.15,ESP-La Liga,2024,standard
ESP,"FW,MF",29-281,1995,29,21,1783,19.8,5,7,12,5,0,1,4,0,6.0,5.2,4.5,9.6,49,63,157,0.25,0.35,0.61,0.25,0.61,0.3,0.23,0.53,0.26,0.49,ESP-La Liga,2024,standard
ESP,FW,25-238,1999,13,4,457,5.1,1,0,1,1,0,0,0,0,0.8,0.8,0.7,1.5,16,7,42,0.2,0.0,0.2,0.2,0.2,0.15,0.15,0.29,0.15,0.29,ESP-La Liga,2024,standard
ESP,DF,35-362,1989,22,14,1291,14.3,0,4,4,0,0,0,0,0,0.8,0.8,1.9,2.7,21,84,65,0.0,0.28,0.28,0.0,0.28,0.06,0.13,0.19,0.06,0.19,ESP-La Liga,2024,standard
ESP,FW,20-296,2004,1,0,12,0.1,0,0,0,0,0,0,0,0,0.2,0.2,0.0,0.2,0,0,1,0.0,0.0,0.0,0.0,0.0,1.44,0.0,1.44,1.44,1.44,ESP-La Liga,2024,standard
NOR,FW,29-127,1995,27,10,1131,12.6,11,2,13,10,1,1,4,0,9.6,8.8,1.5,10.3,22,23,57,0.88,0.16,1.03,0.8,0.95,0.76,0.12,0.88,0.7,0.82,ESP-La Liga,2024,standard
FRA,"FW,MF",34-021,1991,30,26,2164,24.0,8,5,13,7,1,2,2,0,6.2,4.7,5.5,10.1,41,123,147,0.33,0.21,0.54,0.29,0.5,0.26,0.23,0.49,0.19,0.42,ESP-La Liga,2024,standard
BEL,DF,36-089,1989,12,8,761,8.5,0,1,1,0,0,0,1,0,0.0,0.0,0.5,0.6,2,18,1,0.0,0.12,0.12,0.0,0.12,0.0,0.06,0.07,0.0,0.07,ESP-La Liga,2024,standard
FRA,DF,29-298,1995,18,18,1553,17.3,1,1,2,1,0,0,8,0,1.5,1.5,1.1,2.6,12,66,1,0.06,0.06,0.12,0.06,0.12,0.09,0.06,0.15,0.09,0.15,ESP-La Liga,2024,standard
ENG,MF,25-064,2000,24,15,1277,14.2,2,2,4,2,0,0,2,0,2.0,2.0,1.1,3.1,19,48,45,0.14,0.14,0.28,0.14,0.28,0.14,0.08,0.22,0.14,0.22,ESP-La Liga,2024,standard
ESP,DF,35-226,1989,10,9,704,7.8,1,0,1,1,0,0,0,0,0.2,0.2,0.0,0.3,10,52,12,0.13,0.0,0.13,0.13,0.13,0.03,0.01,0.04,0.03,0.04,ESP-La Liga,2024,standard
ARG,"MF,DF",22-114,2002,25,19,1418,15.8,1,5,6,1,0,0,4,0,1.9,1.9,3.6,5.5,51,34,137,0.06,0.32,0.38,0.06,0.38,0.12,0.23,0.35,0.12,0.35,ESP-La Liga,2024,standard
SVN,GK,32-094,1993,29,29,2610,29.0,0,0,0,0,0,0,0,0,0.0,0.0,0.0,0.0,0,0,0,0.0,0.0,0.0,0.0,0.0,0.0,0.0,0.0,0.0,0.0,ESP-La Liga,2024,standard
ESP,DF,30-143,1994,18,14,1235,13.7,0,2,2,0,0,0,7,0,0.1,0.1,2.7,2.8,40,40,82,0.0,0.15,0.15,0.0,0.15,0.01,0.19,0.2,0.01,0.2,ESP-La Liga,2024,standard
URU,DF,30-081,1995,23,16,1639,18.2,0,1,1,0,0,0,5,0,0.3,0.3,0.2,0.5,1,48,1,0.0,0.05,0.05,0.0,0.05,0.02,0.01,0.03,0.02,0.03,ESP-La Liga,2024,standard
ARG,GK,30-340,1994,1,1,90,1.0,0,0,0,0,0,0,0,0,0.0,0.0,0.0,0.0,0,0,0,0.0,0.0,0.0,0.0,0.0,0.0,0.0,0.0,0.0,0.0,ESP-La Liga,2024,standard
ARG,"FW,MF",25-070,2000,30,23,1934,21.5,12,2,14,10,2,2,4,0,9.8,8.2,3.0,11.2,63,65,129,0.56,0.09,0.65,0.47,0.56,0.46,0.14,0.6,0.38,0.52,ESP-La Liga,2024,standard
ESP,MF,33-093,1992,24,14,1464,16.3,1,1,2,1,0,0,4,0,1.0,1.0,1.1,2.1,14,94,12,0.06,0.06,0.12,0.06,0.12,0.06,0.07,0.13,0.06,0.13,ESP-La Liga,2024,standard
ESP,"DF,MF",30-071,1995,25,20,1793,19.9,2,4,6,2,0,0,0,1,0.7,0.7,3.7,4.4,58,71,104,0.1,0.2,0.3,0.1,0.3,0.03,0.18,0.22,0.03,0.22,ESP-La Liga,2024,standard
ARG,DF,27-005,1998,23,16,1374,15.3,0,3,3,0,0,0,0,0,0.6,0.6,1.3,1.9,31,53,82,0.0,0.2,0.2,0.0,0.2,0.04,0.09,0.12,0.04,0.12,ESP-La Liga,2024,standard
ESP,MF,21-300,2003,24,22,1871,20.8,1,2,3,1,0,0,4,1,1.0,1.0,1.4,2.4,21,110,52,0.05,0.1,0.14,0.05,0.14,0.05,0.07,0.11,0.05,0.11,ESP-La Liga,2024,standard
MOZ,DF,31-080,1994,19,10,941,10.5,0,0,0,0,0,0,4,0,0.1,0.1,0.1,0.2,14,34,15,0.0,0.0,0.0,0.0,0.0,0.01,0.01,0.02,0.01,0.02,ESP-La Liga,2024,standard
ESP,DF,28-151,1996,20,18,1580,17.6,0,0,0,0,0,0,8,0,1.1,1.1,0.5,1.6,8,43,5,0.0,0.0,0.0,0.0,0.0,0.06,0.03,0.09,0.06,0.09,ESP-La Liga,2024,standard
ARG,MF,30-322,1994,27,17,1619,18.0,3,3,6,3,0,0,6,0,1.2,1.2,3.9,5.1,58,177,56,0.17,0.17,0.33,0.17,0.33,0.07,0.22,0.28,0.07,0.28,ESP-La Liga,2024,standard
ESP,"DF,MF",25-009,2000,14,4,452,5.0,0,1,1,0,0,0,0,0,0.9,0.9,0.7,1.6,38,21,54,0.0,0.2,0.2,0.0,0.2,0.17,0.14,0.31,0.17,0.31,ESP-La Liga,2024,standard
BRA,"MF,DF",25-109,1999,25,18,1251,13.9,3,2,5,3,0,0,3,0,5.5,5.5,2.2,7.7,53,60,140,0.22,0.14,0.36,0.22,0.36,0.4,0.16,0.56,0.4,0.56,ESP-La Liga,2024,standard
FRA,MF,29-150,1995,3,0,45,0.5,0,0,0,0,0,0,0,0,0.0,0.0,0.2,0.2,0,4,2,0.0,0.0,0.0,0.0,0.0,0.0,0.37,0.37,0.0,0.37,ESP-La Liga,2024,standard
ARG,"FW,MF",30-033,1995,25,3,694,7.7,3,1,4,3,0,0,3,1,4.2,4.2,1.2,5.4,21,21,66,0.39,0.13,0.52,0.39,0.52,0.55,0.15,0.7,0.55,0.7,ESP-La Liga,2024,standard
ESP,DF,21-175,2003,27,24,2040,22.7,0,4,4,0,0,0,2,0,0.5,0.5,3.4,3.9,96,84,226,0.0,0.18,0.18,0.0,0.18,0.02,0.15,0.17,0.02,0.17,ESP-La Liga,2024,standard
DEN,DF,29-001,1996,1,0,27,0.3,0,0,0,0,0,0,1,0,0.0,0.0,0.0,0.0,0,0,0,0.0,0.0,0.0,0.0,0.0,0.0,0.0,0.0,0.0,0.0,ESP-La Liga,2024,standard
ESP,FW,22-162,2002,4,1,127,1.4,0,0,0,0,0,0,1,0,0.6,0.6,0.1,0.7,4,3,16,0.0,0.0,0.0,0.0,0.0,0.42,0.04,0.46,0.42,0.46,ESP-La Liga,2024,standard
ESP,"MF,FW",26-339,1998,18,10,905,10.1,7,2,9,6,1,1,0,0,4.2,3.4,2.6,6.0,26,62,67,0.7,0.2,0.9,0.6,0.8,0.41,0.26,0.67,0.34,0.59,ESP-La Liga,2024,standard
ESP,"MF,DF",24-092,2001,21,8,1051,11.7,1,1,2,1,0,0,3,0,1.6,1.6,0.4,2.1,12,75,7,0.09,0.09,0.17,0.09,0.17,0.14,0.04,0.18,0.14,0.18,ESP-La Liga,2024,standard
ESP,"MF,FW",21-335,2003,20,7,789,8.8,3,4,7,3,0,0,3,1,3.5,3.5,2.2,5.6,21,47,65,0.34,0.46,0.8,0.34,0.8,0.4,0.25,0.64,0.4,0.64,ESP-La Liga,2024,standard
ESP,"FW,MF",25-041,2000,23,9,860,9.6,9,3,12,9,0,0,1,1,6.5,6.5,1.8,8.3,17,28,83,0.94,0.31,1.26,0.94,1.26,0.68,0.19,0.87,0.68,0.87,ESP-La Liga,2024,standard
NED,MF,27-334,1997,18,6,723,8.0,2,2,4,2,0,0,2,0,0.6,0.6,1.8,2.4,21,67,14,0.25,0.25,0.5,0.25,0.5,0.08,0.23,0.3,0.08,0.3,ESP-La Liga,2024,standard
ESP,"MF,FW",20-249,2004,18,10,690,7.7,1,1,2,1,0,0,4,0,0.6,0.6,1.2,1.8,5,40,32,0.13,0.13,0.26,0.13,0.26,0.07,0.16,0.23,0.07,0.23,ESP-La Liga,2024,standard
ESP,DF,23-100,2002,20,6,641,7.1,1,2,3,1,0,0,2,0,0.2,0.2,0.7,0.9,7,26,54,0.14,0.28,0.42,0.14,0.42,0.03,0.09,0.12,0.03,0.12,ESP-La Liga,2024,standard
ESP,DF,18-252,2006,12,3,375,4.2,0,0,0,0,0,0,2,0,0.1,0.1,0.7,0.8,9,15,18,0.0,0.0,0.0,0.0,0.0,0.02,0.18,0.2,0.02,0.2,ESP-La Liga,2024,standard
ESP,GK,26-040,1999,15,14,1306,14.5,0,0,0,0,0,0,1,0,0.0,0.0,0.0,0.0,0,3,0,0.0,0.0,0.0,0.0,0.0,0.0,0.0,0.0,0.0,0.0,ESP-La Liga,2024,standard
ESP,DF,33-329,1991,23,23,2040,22.7,0,3,3,0,0,0,3,0,0.3,0.3,2.3,2.6,59,206,9,0.0,0.13,0.13,0.0,0.13,0.01,0.1,0.12,0.01,0.12,ESP-La Liga,2024,standard
FRA,DF,26-150,1998,30,27,2425,26.9,2,3,5,2,0,0,4,0,1.8,1.8,3.8,5.5,41,155,174,0.07,0.11,0.19,0.07,0.19,0.07,0.14,0.21,0.07,0.21,ESP-La Liga,2024,standard
ESP,FW,17-272,2007,27,25,2236,24.8,6,11,17,6,0,0,3,0,7.4,7.4,11.2,18.6,148,126,353,0.24,0.44,0.68,0.24,0.68,0.3,0.45,0.75,0.3,0.75,ESP-La Liga,2024,standard
ESP,MF,17-320,2007,3,3,242,2.7,0,0,0,0,0,0,2,0,0.1,0.1,0.0,0.1,0,8,2,0.0,0.0,0.0,0.0,0.0,0.03,0.01,0.03,0.03,0.03,ESP-La Liga,2024,standard
ESP,MF,21-209,2003,23,20,1611,17.9,1,3,4,1,0,0,4,1,1.1,1.1,1.4,2.4,12,107,24,0.06,0.17,0.22,0.06,0.22,0.06,0.08,0.13,0.06,0.13,ESP-La Liga,2024,standard
GER,GK,32-346,1992,6,6,494,5.5,0,0,0,0,0,0,0,0,0.0,0.0,0.0,0.0,0,0,0,0.0,0.0,0.0,0.0,0.0,0.0,0.0,0.0,0.0,0.0,ESP-La Liga,2024,standard
ESP,"MF,FW",22-008,2003,10,4,310,3.4,3,1,4,3,0,0,0,0,0.4,0.4,0.8,1.1,5,17,20,0.87,0.29,1.16,0.87,1.16,0.11,0.23,0.33,0.11,0.33,ESP-La Liga,2024,standard
ESP,DF,18-079,2007,29,25,2245,24.9,0,3,3,0,0,0,3,0,0.7,0.7,1.6,2.3,24,176,6,0.0,0.12,0.12,0.0,0.12,0.03,0.07,0.09,0.03,0.09,ESP-La Liga,2024,standard
ESP,FW,23-136,2001,16,1,222,2.5,2,1,3,2,0,0,2,0,2.6,2.6,0.8,3.4,3,8,23,0.81,0.41,1.22,0.81,1.22,1.06,0.3,1.36,1.06,1.36,ESP-La Liga,2024,standard
ESP,MF,22-137,2002,29,27,2259,25.1,4,4,8,4,0,0,2,0,2.1,2.1,5.7,7.8,72,264,103,0.16,0.16,0.32,0.16,0.32,0.08,0.23,0.31,0.08,0.31,ESP-La Liga,2024,standard
BRA,"FW,MF",28-118,1996,28,26,2252,25.0,13,8,21,12,1,1,3,0,14.5,13.7,10.6,24.3,74,115,264,0.52,0.32,0.84,0.48,0.8,0.58,0.42,1.0,0.55,0.97,ESP-La Liga,2024,standard
POL,FW,36-233,1988,29,27,2299,25.5,25,2,27,22,3,4,1,0,24.0,20.8,2.3,23.2,24,45,145,0.98,0.08,1.06,0.86,0.94,0.94,0.09,1.03,0.82,0.91,ESP-La Liga,2024,standard
URU,DF,26-035,1999,7,6,416,4.6,1,1,2,1,0,0,1,0,0.5,0.5,0.4,0.9,5,25,3,0.22,0.22,0.43,0.22,0.43,0.11,0.09,0.19,0.11,0.19,ESP-La Liga,2024,standard
ESP,DF,20-010,2005,3,2,172,1.9,0,0,0,0,0,0,1,0,0.0,0.0,0.0,0.0,0,13,1,0.0,0.0,0.0,0.0,0.0,0.0,0.0,0.0,0.0,0.0,ESP-La Liga,2024,standard
POL,GK,34-358,1990,10,10,900,10.0,0,0,0,0,0,0,0,0,0.0,0.0,0.0,0.0,0,0,0,0.0,0.0,0.0,0.0,0.0,0.0,0.0,0.0,0.0,0.0,ESP-La Liga,2024,standard
MAR,"FW,MF",23-115,2001,25,19,1613,17.9,1,1,2,1,0,1,2,0,7.2,6.4,1.7,8.1,100,58,172,0.06,0.06,0.11,0.06,0.11,0.4,0.1,0.5,0.36,0.45,ESP-La Liga,2024,standard
ESP,GK,38-098,1987,11,11,990,11.0,0,0,0,0,0,0,3,0,0.0,0.0,0.0,0.0,0,0,0,0.0,0.0,0.0,0.0,0.0,0.0,0.0,0.0,0.0,0.0,ESP-La Liga,2024,standard
ESP,"DF,FW",29-020,1996,22,8,821,9.1,0,2,2,0,0,0,3,0,0.6,0.6,1.3,1.9,16,27,43,0.0,0.22,0.22,0.0,0.22,0.06,0.14,0.21,0.06,0.21,ESP-La Liga,2024,standard
BRA,FW,25-046,2000,9,9,755,8.4,2,2,4,2,0,0,1,1,1.0,1.0,2.6,3.6,44,28,78,0.24,0.24,0.48,0.24,0.48,0.12,0.31,0.43,0.12,0.43,ESP-La Liga,2024,standard
SEN,FW,19-216,2005,10,2,277,3.1,1,2,3,1,0,0,0,0,0.8,0.8,1.5,2.3,9,1,27,0.32,0.65,0.97,0.32,0.97,0.26,0.5,0.75,0.26,0.75,ESP-La Liga,2024,standard
ESP,MF,21-349,2003,2,2,110,1.2,0,0,0,0,0,0,0,0,0.0,0.0,0.0,0.0,1,2,2,0.0,0.0,0.0,0.0,0.0,0.0,0.0,0.0,0.0,0.0,ESP-La Liga,2024,standard
COL,FW,25-356,1999,7,7,550,6.1,2,0,2,2,0,0,0,0,2.0,2.0,1.1,3.0,15,22,31,0.33,0.0,0.33,0.33,0.33,0.32,0.18,0.5,0.32,0.5,ESP-La Liga,2024,standard
COD,FW,34-000,1991,20,5,579,6.4,2,2,4,2,0,0,4,0,2.9,2.9,0.6,3.5,8,11,35,0.31,0.31,0.62,0.31,0.62,0.46,0.09,0.54,0.46,0.54,ESP-La Liga,2024,standard
ESP,DF,31-238,1993,29,28,2475,27.5,2,0,2,2,0,0,4,0,1.4,1.4,0.3,1.7,5,79,3,0.07,0.0,0.07,0.07,0.07,0.05,0.01,0.06,0.05,0.06,ESP-La Liga,2024,standard
ARG,FW,31-064,1994,19,6,677,7.5,2,0,2,2,0,0,5,1,1.5,1.5,1.0,2.5,12,18,48,0.27,0.0,0.27,0.27,0.27,0.2,0.14,0.34,0.2,0.34,ESP-La Liga,2024,standard
ESP,GK,25-339,1999,4,4,360,4.0,0,0,0,0,0,0,0,0,0.0,0.0,0.0,0.0,0,0,0,0.0,0.0,0.0,0.0,0.0,0.01,0.0,0.01,0.01,0.01,ESP-La Liga,2024,standard
ARG,"MF,FW",29-002,1996,18,12,1113,12.4,7,2,9,5,2,3,4,0,4.1,1.8,3.6,5.4,14,101,48,0.57,0.16,0.73,0.4,0.57,0.33,0.29,0.63,0.14,0.44,ESP-La Liga,2024,standard
ESP,DF,30-023,1995,7,6,524,5.8,0,1,1,0,0,0,1,0,0.2,0.2,2.0,2.2,3,24,20,0.0,0.17,0.17,0.0,0.17,0.03,0.34,0.38,0.03,0.38,ESP-La Liga,2024,standard
ESP,"MF,FW",23-253,2001,10,3,336,3.7,0,0,0,0,0,0,0,0,0.5,0.5,0.3,0.8,9,14,16,0.0,0.0,0.0,0.0,0.0,0.13,0.08,0.21,0.13,0.21,ESP-La Liga,2024,standard
ESP,MF,32-355,1992,14,12,1057,11.7,6,4,10,2,4,5,5,0,6.3,2.3,2.9,5.2,22,98,72,0.51,0.34,0.85,0.17,0.51,0.53,0.25,0.78,0.2,0.44,ESP-La Liga,2024,standard
ESP,FW,19-141,2005,14,10,783,8.7,1,0,1,1,0,0,0,0,1.8,1.8,0.1,1.9,38,25,77,0.11,0.0,0.11,0.11,0.11,0.21,0.01,0.22,0.21,0.22,ESP-La Liga,2024,standard
USA,MF,23-203,2001,22,19,1702,18.9,2,1,3,2,0,0,4,0,1.8,1.8,0.9,2.7,14,59,26,0.11,0.05,0.16,0.11,0.16,0.1,0.05,0.14,0.1,0.14,ESP-La Liga,2024,standard
ESP,"FW,MF",31-326,1993,11,2,244,2.7,0,0,0,0,0,0,2,0,0.7,0.7,0.4,1.0,4,4,18,0.0,0.0,0.0,0.0,0.0,0.25,0.14,0.39,0.25,0.39,ESP-La Liga,2024,standard
ESP,DF,34-086,1991,18,16,1487,16.5,2,0,2,2,0,0,1,0,1.1,1.1,0.0,1.1,5,45,1,0.12,0.0,0.12,0.12,0.12,0.07,0.0,0.07,0.07,0.07,ESP-La Liga,2024,standard
ESP,MF,28-136,1996,14,11,906,10.1,2,2,4,2,0,0,4,0,1.1,1.1,1.0,2.1,11,59,13,0.2,0.2,0.4,0.2,0.4,0.11,0.1,0.21,0.11,0.21,ESP-La Liga,2024,standard
ESP,MF,21-004,2004,6,1,153,1.7,0,0,0,0,0,0,1,0,0.0,0.0,0.0,0.0,0,9,2,0.0,0.0,0.0,0.0,0.0,0.0,0.0,0.0,0.0,0.0,ESP-La Liga,2024,standard
FRA,MF,31-267,1993,2,2,180,2.0,0,1,1,0,0,0,0,0,0.7,0.7,0.5,1.2,9,10,18,0.0,0.5,0.5,0.0,0.5,0.34,0.26,0.61,0.34,0.61,ESP-La Liga,2024,standard
BRA,DF,24-064,2001,23,16,1499,16.7,1,1,2,1,0,0,3,1,0.3,0.3,0.6,1.0,12,42,6,0.06,0.06,0.12,0.06,0.12,0.02,0.04,0.06,0.02,0.06,ESP-La Liga,2024,standard
ESP,"MF,FW",29-048,1996,19,16,1345,14.9,1,0,1,1,0,0,2,0,1.5,1.5,2.2,3.7,22,110,68,0.07,0.0,0.07,0.07,0.07,0.1,0.15,0.25,0.1,0.25,ESP-La Liga,2024,standard
ESP,FW,18-239,2006,2,0,26,0.3,0,0,0,0,0,0,0,0,0.0,0.0,0.0,0.0,1,0,5,0.0,0.0,0.0,0.0,0.0,0.0,0.0,0.0,0.0,0.0,ESP-La Liga,2024,standard
SUI,DF,32-229,1992,14,11,959,10.7,0,0,0,0,0,0,0,0,0.2,0.2,0.3,0.5,13,48,28,0.0,0.0,0.0,0.0,0.0,0.01,0.03,0.04,0.01,0.04,ESP-La Liga,2024,standard
ESP,FW,24-330,2000,3,1,118,1.3,0,0,0,0,0,0,0,0,0.2,0.2,0.1,0.2,4,8,11,0.0,0.0,0.0,0.0,0.0,0.13,0.06,0.19,0.13,0.19,ESP-La Liga,2024,standard
FRA,DF,27-201,1997,22,18,1597,17.7,1,0,1,1,0,0,6,1,0.3,0.3,1.1,1.4,42,50,87,0.06,0.0,0.06,0.06,0.06,0.02,0.06,0.08,0.02,0.08,ESP-La Liga,2024,standard
POR,GK,31-063,1994,15,15,1350,15.0,0,0,0,0,0,0,1,0,0.0,0.0,0.1,0.1,0,0,0,0.0,0.0,0.0,0.0,0.0,0.0,0.01,0.01,0.0,0.01,ESP-La Liga,2024,standard
ESP,MF,23-229,2001,26,18,1647,18.3,0,1,1,0,0,0,3,0,1.6,1.5,1.5,3.1,18,79,24,0.0,0.05,0.05,0.0,0.05,0.09,0.08,0.17,0.08,0.17,ESP-La Liga,2024,standard
ESP,DF,22-060,2003,1,1,90,1.0,0,0,0,0,0,0,0,0,0.0,0.0,0.0,0.0,0,1,4,0.0,0.0,0.0,0.0,0.0,0.0,0.0,0.0,0.0,0.0,ESP-La Liga,2024,standard
BRA,FW,20-042,2005,22,14,1235,13.7,4,0,4,4,0,0,4,0,6.1,6.1,1.2,7.3,24,17,57,0.29,0.0,0.29,0.29,0.29,0.44,0.09,0.53,0.44,0.53,ESP-La Liga,2024,standard
POR,MF,33-004,1992,6,4,285,3.2,0,0,0,0,0,0,0,0,0.1,0.1,0.0,0.2,1,21,3,0.0,0.0,0.0,0.0,0.0,0.05,0.01,0.06,0.05,0.06,ESP-La Liga,2024,standard
SEN,DF,32-037,1993,19,17,1418,15.8,0,1,1,0,0,0,1,0,0.1,0.1,0.8,0.9,22,44,51,0.0,0.06,0.06,0.0,0.06,0.01,0.05,0.06,0.01,0.06,ESP-La Liga,2024,standard
ESP,DF,20-260,2004,4,4,344,3.8,0,1,1,0,0,0,0,0,0.0,0.0,0.1,0.1,3,14,18,0.0,0.26,0.26,0.0,0.26,0.0,0.03,0.04,0.0,0.04,ESP-La Liga,2024,standard
ESP,"FW,MF",25-342,1999,19,9,936,10.4,4,2,6,4,0,0,1,1,3.6,3.6,2.1,5.7,61,16,116,0.38,0.19,0.58,0.38,0.58,0.35,0.2,0.55,0.35,0.55,ESP-La Liga,2024,standard
GRE,FW,25-252,1999,20,6,700,7.8,3,1,4,3,0,0,2,0,4.4,4.4,0.2,4.7,6,6,43,0.39,0.13,0.51,0.39,0.51,0.57,0.03,0.6,0.57,0.6,ESP-La Liga,2024,standard
ESP,FW,32-084,1993,30,19,1588,17.6,5,2,7,5,0,0,2,0,5.8,5.8,1.8,7.6,13,25,90,0.28,0.11,0.4,0.28,0.4,0.33,0.1,0.43,0.33,0.43,ESP-La Liga,2024,standard
SWE,DF,29-314,1995,27,25,2256,25.1,1,0,1,1,0,0,5,0,0.5,0.5,0.2,0.7,11,65,1,0.04,0.0,0.04,0.04,0.04,0.02,0.01,0.03,0.02,0.03,ESP-La Liga,2024,standard
ESP,DF,24-059,2001,13,9,738,8.2,0,0,0,0,0,0,1,0,0.2,0.2,0.0,0.2,6,42,1,0.0,0.0,0.0,0.0,0.0,0.03,0.0,0.03,0.03,0.03,ESP-La Liga,2024,standard
ESP,MF,22-025,2003,15,8,792,8.8,0,0,0,0,0,0,3,0,0.1,0.1,0.7,0.8,7,60,9,0.0,0.0,0.0,0.0,0.0,0.01,0.08,0.09,0.01,0.09,ESP-La Liga,2024,standard
,"FW,MF",,,10,3,322,3.6,1,0,1,1,0,0,2,0,0.6,0.6,1.2,1.8,13,25,27,0.28,0.0,0.28,0.28,0.28,0.16,0.34,0.5,0.16,0.5,ESP-La Liga,2024,standard
ESP,MF,26-067,1999,26,22,1829,20.3,2,0,2,2,0,0,2,0,0.7,0.7,1.2,1.9,19,118,21,0.1,0.0,0.1,0.1,0.1,0.03,0.06,0.09,0.03,0.09,ESP-La Liga,2024,standard
ARG,"FW,MF",30-320,1994,6,4,258,2.9,0,0,0,0,0,0,1,0,0.0,0.0,0.3,0.3,3,14,21,0.0,0.0,0.0,0.0,0.0,0.0,0.12,0.12,0.0,0.12,ESP-La Liga,2024,standard
ESP,MF,21-113,2003,19,13,1131,12.6,0,0,0,0,0,0,4,0,0.1,0.1,1.3,1.4,20,75,34,0.0,0.0,0.0,0.0,0.0,0.01,0.1,0.11,0.01,0.11,ESP-La Liga,2024,standard
ESP,"MF,DF",21-283,2003,22,14,1387,15.4,4,2,6,4,0,0,5,0,2.3,2.3,0.8,3.1,66,48,143,0.26,0.13,0.39,0.26,0.39,0.15,0.05,0.2,0.15,0.2,ESP-La Liga,2024,standard
ESP,"FW,MF",37-253,1987,23,16,1475,16.4,8,3,11,4,4,5,4,1,7.4,3.5,3.0,6.5,44,112,118,0.49,0.18,0.67,0.24,0.43,0.45,0.18,0.64,0.21,0.4,ESP-La Liga,2024,standard
ESP,"FW,MF",23-253,2001,8,3,280,3.1,1,0,1,1,0,0,2,0,0.7,0.7,0.3,1.0,8,16,18,0.32,0.0,0.32,0.32,0.32,0.22,0.11,0.33,0.22,0.33,ESP-La Liga,2024,standard
GUI,MF,22-082,2003,25,17,1558,17.3,0,1,1,0,0,0,7,1,1.1,1.1,1.2,2.3,27,83,52,0.0,0.06,0.06,0.0,0.06,0.06,0.07,0.13,0.06,0.13,ESP-La Liga,2024,standard
ESP,GK,27-276,1997,4,4,360,4.0,0,0,0,0,0,0,0,0,0.0,0.0,0.0,0.0,0,0,0,0.0,0.0,0.0,0.0,0.0,0.0,0.0,0.0,0.0,0.0,ESP-La Liga,2024,standard
BRA,"DF,MF",29-216,1995,12,6,585,6.5,0,0,0,0,0,0,1,0,0.1,0.1,0.0,0.2,10,39,3,0.0,0.0,0.0,0.0,0.0,0.02,0.0,0.02,0.02,0.02,ESP-La Liga,2024,standard
ESP,DF,21-289,2003,28,20,1942,21.6,2,2,4,2,0,0,6,0,1.6,1.6,0.9,2.5,21,92,39,0.09,0.09,0.19,0.09,0.19,0.07,0.04,0.12,0.07,0.12,ESP-La Liga,2024,standard
ESP,DF,30-341,1994,10,7,515,5.7,0,0,0,0,0,0,1,0,0.0,0.0,0.0,0.0,3,24,5,0.0,0.0,0.0,0.0,0.0,0.0,0.0,0.0,0.0,0.0,ESP-La Liga,2024,standard
CIV,"FW,MF",29-016,1996,12,10,811,9.0,0,1,1,0,0,0,1,0,0.8,0.8,1.8,2.6,31,30,71,0.0,0.11,0.11,0.0,0.11,0.09,0.2,0.29,0.09,0.29,ESP-La Liga,2024,standard
GHA,DF,29-194,1995,1,0,2,0.0,0,0,0,0,0,0,0,0,0.0,0.0,0.0,0.0,0,1,0,0.0,0.0,0.0,0.0,0.0,0.0,0.0,0.0,0.0,0.0,ESP-La Liga,2024,standard
USA,MF,26-323,1998,1,0,4,0.0,0,0,0,0,0,0,0,0,0.0,0.0,0.0,0.0,0,0,0,0.0,0.0,0.0,0.0,0.0,0.0,0.0,0.0,0.0,0.0,ESP-La Liga,2024,standard
ESP,DF,34-104,1990,24,22,2070,23.0,2,0,2,0,2,2,9,1,2.4,0.8,1.0,1.8,46,165,41,0.09,0.0,0.09,0.0,0.0,0.1,0.04,0.15,0.04,0.08,ESP-La Liga,2024,standard
SRB,"MF,DF",29-162,1995,6,4,247,2.7,0,1,1,0,0,0,1,0,0.0,0.0,0.1,0.1,1,4,8,0.0,0.36,0.36,0.0,0.36,0.0,0.02,0.02,0.0,0.02,ESP-La Liga,2024,standard
ESP,"FW,MF",23-321,2001,20,11,991,11.0,4,3,7,4,0,0,3,0,2.9,2.9,2.1,5.0,19,23,97,0.36,0.27,0.64,0.36,0.64,0.27,0.19,0.46,0.27,0.46,ESP-La Liga,2024,standard
ESP,"MF,DF",24-180,2000,17,14,1227,13.6,0,3,3,0,0,0,0,0,0.3,0.3,2.4,2.8,31,43,115,0.0,0.22,0.22,0.0,0.22,0.02,0.18,0.2,0.02,0.2,ESP-La Liga,2024,standard
ARG,FW,26-050,1999,1,0,2,0.0,0,0,0,0,0,0,1,0,0.0,0.0,0.0,0.0,0,0,0,0.0,0.0,0.0,0.0,0.0,0.0,0.0,0.0,0.0,0.0,ESP-La Liga,2024,standard
ESP,GK,38-091,1987,26,26,2340,26.0,0,0,0,0,0,0,0,0,0.0,0.0,0.0,0.0,0,0,0,0.0,0.0,0.0,0.0,0.0,0.0,0.0,0.0,0.0,0.0,ESP-La Liga,2024,standard
SWE,"FW,MF",21-069,2004,25,12,1064,11.8,3,3,6,3,0,0,1,0,4.5,4.5,2.0,6.4,26,23,101,0.25,0.25,0.51,0.25,0.51,0.38,0.17,0.54,0.38,0.54,ESP-La Liga,2024,standard
ESP,DF,21-017,2004,2,2,135,1.5,0,0,0,0,0,0,0,0,0.0,0.0,0.0,0.0,0,10,0,0.0,0.0,0.0,0.0,0.0,0.0,0.0,0.0,0.0,0.0,ESP-La Liga,2024,standard
ESP,"MF,DF",25-333,1999,26,24,2076,23.1,3,6,9,3,0,0,5,1,0.9,0.9,4.9,5.9,51,156,132,0.13,0.26,0.39,0.13,0.39,0.04,0.21,0.26,0.04,0.26,ESP-La Liga,2024,standard
ARG,FW,21-204,2003,22,10,992,11.0,1,0,1,1,0,0,3,0,1.8,1.8,0.5,2.4,1,7,25,0.09,0.0,0.09,0.09,0.09,0.16,0.05,0.21,0.16,0.21,ESP-La Liga,2024,standard
CZE,MF,26-327,1998,29,27,2461,27.3,0,1,1,0,0,0,1,0,1.0,1.0,1.5,2.6,47,73,75,0.0,0.04,0.04,0.0,0.04,0.04,0.06,0.09,0.04,0.09,ESP-La Liga,2024,standard
ESP,"MF,FW",22-218,2002,18,7,579,6.4,0,1,1,0,0,0,3,0,0.8,0.8,1.1,1.9,19,16,36,0.0,0.16,0.16,0.0,0.16,0.13,0.17,0.3,0.13,0.3,ESP-La Liga,2024,standard
ESP,DF,31-010,1994,17,12,1017,11.3,0,1,1,0,0,0,2,0,0.4,0.4,1.1,1.5,21,40,57,0.0,0.09,0.09,0.0,0.09,0.03,0.1,0.13,0.03,0.13,ESP-La Liga,2024,standard
ESP,"DF,MF",23-164,2001,25,19,1753,19.5,2,1,3,2,0,0,5,0,1.7,1.7,1.1,2.8,34,43,70,0.1,0.05,0.15,0.1,0.15,0.08,0.06,0.14,0.08,0.14,ESP-La Liga,2024,standard
ESP,"MF,FW",28-253,1996,10,3,336,3.7,0,1,1,0,0,0,2,0,0.2,0.2,1.3,1.5,7,22,10,0.0,0.27,0.27,0.0,0.27,0.07,0.35,0.41,0.07,0.41,ESP-La Liga,2024,standard
ESP,"DF,MF",29-209,1995,14,3,436,4.8,1,0,1,1,0,0,0,0,0.3,0.3,0.0,0.3,0,7,1,0.21,0.0,0.21,0.21,0.21,0.06,0.0,0.06,0.06,0.06,ESP-La Liga,2024,standard
FRA,"FW,MF",27-246,1997,16,5,606,6.7,1,1,2,1,0,0,1,0,1.1,1.1,0.6,1.7,14,15,43,0.15,0.15,0.3,0.15,0.3,0.16,0.09,0.25,0.16,0.25,ESP-La Liga,2024,standard
ESP,"FW,MF",26-321,1998,27,27,2310,25.7,10,2,12,6,4,4,5,0,8.9,5.8,1.6,7.4,54,52,82,0.39,0.08,0.47,0.23,0.31,0.35,0.06,0.41,0.22,0.29,ESP-La Liga,2024,standard
ESP,GK,23-342,2001,29,29,2610,29.0,0,0,0,0,0,0,2,0,0.1,0.1,0.0,0.1,0,1,0,0.0,0.0,0.0,0.0,0.0,0.0,0.0,0.0,0.0,0.0,ESP-La Liga,2024,standard
ESP,"MF,FW",23-298,2001,28,22,1772,19.7,3,3,6,3,0,0,5,0,2.3,2.3,1.8,4.1,50,42,116,0.15,0.15,0.3,0.15,0.3,0.12,0.09,0.21,0.12,0.21,ESP-La Liga,2024,standard
ESP,MF,24-132,2000,10,7,569,6.3,0,0,0,0,0,0,0,0,0.0,0.0,0.0,0.1,1,14,3,0.0,0.0,0.0,0.0,0.0,0.01,0.0,0.01,0.01,0.01,ESP-La Liga,2024,standard
CAN,MF,22-066,2003,5,3,209,2.3,0,0,0,0,0,0,0,0,0.0,0.0,0.0,0.0,4,6,7,0.0,0.0,0.0,0.0,0.0,0.0,0.02,0.02,0.0,0.02,ESP-La Liga,2024,standard
URU,DF,33-298,1991,25,24,2160,24.0,3,1,4,3,0,0,3,0,0.8,0.8,0.4,1.2,6,55,4,0.12,0.04,0.17,0.12,0.17,0.03,0.02,0.05,0.03,0.05,ESP-La Liga,2024,standard
ALB,DF,25-062,2000,27,26,2271,25.2,2,0,2,2,0,0,7,0,1.3,1.3,0.0,1.4,9,53,2,0.08,0.0,0.08,0.08,0.08,0.05,0.0,0.05,0.05,0.05,ESP-La Liga,2024,standard
NED,"MF,DF",21-302,2003,2,0,31,0.3,0,0,0,0,0,0,0,0,0.0,0.0,0.0,0.1,1,1,4,0.0,0.0,0.0,0.0,0.0,0.14,0.09,0.23,0.14,0.23,ESP-La Liga,2024,standard
MAR,DF,21-211,2003,28,28,2468,27.4,0,2,2,0,0,0,10,0,0.0,0.0,0.7,0.7,29,69,41,0.0,0.07,0.07,0.0,0.07,0.0,0.02,0.03,0.0,0.03,ESP-La Liga,2024,standard
ESP,"MF,FW",32-200,1992,13,1,268,3.0,1,0,1,1,0,0,3,0,0.6,0.6,0.1,0.7,6,6,19,0.34,0.0,0.34,0.34,0.34,0.2,0.03,0.23,0.2,0.23,ESP-La Liga,2024,standard
ESP,MF,25-187,1999,22,20,1525,16.9,0,0,0,0,0,0,10,0,0.2,0.2,0.5,0.7,12,91,11,0.0,0.0,0.0,0.0,0.0,0.01,0.03,0.04,0.01,0.04,ESP-La Liga,2024,standard
ESP,MF,20-071,2005,5,2,183,2.0,0,0,0,0,0,0,1,0,0.1,0.1,0.0,0.1,1,7,3,0.0,0.0,0.0,0.0,0.0,0.04,0.0,0.04,0.04,0.04,ESP-La Liga,2024,standard
ESP,FW,22-282,2002,10,9,736,8.2,3,0,3,3,0,0,1,0,1.7,1.7,0.1,1.8,4,9,23,0.37,0.0,0.37,0.37,0.37,0.2,0.02,0.22,0.2,0.22,ESP-La Liga,2024,standard
ESP,DF,33-014,1992,11,6,652,7.2,0,0,0,0,0,0,1,0,0.3,0.3,0.0,0.3,0,8,1,0.0,0.0,0.0,0.0,0.0,0.04,0.0,0.04,0.04,0.04,ESP-La Liga,2024,standard
ESP,MF,24-022,2001,8,7,594,6.6,0,1,1,0,0,0,1,0,0.0,0.0,0.4,0.4,5,25,2,0.0,0.15,0.15,0.0,0.15,0.0,0.06,0.06,0.0,0.06,ESP-La Liga,2024,standard
MAR,FW,27-079,1998,18,5,603,6.7,1,1,2,1,0,0,2,0,0.9,0.9,1.2,2.1,7,11,31,0.15,0.15,0.3,0.15,0.3,0.13,0.18,0.31,0.13,0.31,ESP-La Liga,2024,standard
ESP,MF,28-345,1996,14,4,416,4.6,0,1,1,0,0,0,3,0,0.4,0.4,0.6,1.0,11,27,3,0.0,0.22,0.22,0.0,0.22,0.1,0.13,0.22,0.1,0.22,ESP-La Liga,2024,standard
ESP,"MF,DF",28-265,1996,23,13,1153,12.8,1,4,5,1,0,0,2,0,0.6,0.6,2.7,3.3,24,39,64,0.08,0.31,0.39,0.08,0.39,0.05,0.21,0.26,0.05,0.26,ESP-La Liga,2024,standard
ESP,"FW,MF",22-222,2002,3,1,95,1.1,0,0,0,0,0,0,0,0,0.0,0.0,0.0,0.0,1,2,4,0.0,0.0,0.0,0.0,0.0,0.05,0.0,0.05,0.05,0.05,ESP-La Liga,2024,standard
ESP,"MF,FW",19-224,2005,5,0,69,0.8,0,0,0,0,0,0,0,0,0.2,0.2,0.1,0.3,3,3,6,0.0,0.0,0.0,0.0,0.0,0.22,0.19,0.41,0.22,0.41,ESP-La Liga,2024,standard
ESP,"MF,FW",25-306,1999,19,13,1029,11.4,0,1,1,0,0,0,4,0,1.0,1.0,0.7,1.6,24,23,61,0.0,0.09,0.09,0.0,0.09,0.08,0.06,0.14,0.08,0.14,ESP-La Liga,2024,standard
CMR,"DF,MF",36-336,1988,14,8,654,7.3,1,1,2,1,0,0,4,0,0.5,0.5,0.3,0.7,5,19,17,0.14,0.14,0.28,0.14,0.28,0.07,0.04,0.1,0.07,0.1,ESP-La Liga,2024,standard
TUR,FW,22-273,2002,17,12,925,10.3,1,0,1,1,0,0,7,0,2.4,2.4,0.9,3.2,6,10,38,0.1,0.0,0.1,0.1,0.1,0.23,0.08,0.31,0.23,0.31,ESP-La Liga,2024,standard
ESP,FW,28-006,1997,16,2,634,7.0,4,1,5,3,1,1,0,0,2.9,2.1,0.4,2.5,2,11,26,0.57,0.14,0.71,0.43,0.57,0.41,0.06,0.47,0.29,0.36,ESP-La Liga,2024,standard
ESP,"MF,FW",27-096,1998,10,5,452,5.0,0,0,0,0,0,0,1,0,0.9,0.9,0.1,1.0,3,12,10,0.0,0.0,0.0,0.0,0.0,0.18,0.02,0.2,0.18,0.2,ESP-La Liga,2024,standard
ESP,"MF,FW",27-054,1998,24,15,1378,15.3,3,0,3,3,0,0,2,0,2.4,2.4,1.5,3.9,30,19,74,0.2,0.0,0.2,0.2,0.2,0.15,0.1,0.25,0.15,0.25,ESP-La Liga,2024,standard
NGA,"FW,MF",21-327,2003,28,25,2106,23.4,3,5,8,3,0,0,8,1,3.4,3.4,2.0,5.4,37,43,130,0.13,0.21,0.34,0.13,0.34,0.15,0.08,0.23,0.15,0.23,ESP-La Liga,2024,standard
ESP,"MF,FW",22-259,2002,13,10,751,8.3,1,1,2,1,0,0,3,0,0.8,0.8,0.6,1.4,30,9,58,0.12,0.12,0.24,0.12,0.24,0.1,0.07,0.17,0.1,0.17,ESP-La Liga,2024,standard
ESP,MF,23-100,2002,1,0,7,0.1,0,0,0,0,0,0,0,0,0.0,0.0,0.0,0.0,1,0,0,0.0,0.0,0.0,0.0,0.0,0.0,0.0,0.0,0.0,0.0,ESP-La Liga,2024,standard
ESP,GK,32-007,1993,30,30,2700,30.0,0,0,0,0,0,0,1,0,0.0,0.0,0.0,0.0,0,0,0,0.0,0.0,0.0,0.0,0.0,0.0,0.0,0.0,0.0,0.0,ESP-La Liga,2024,standard
ESP,DF,32-047,1993,28,27,2427,27.0,0,3,3,0,0,0,7,0,0.3,0.3,2.2,2.5,25,118,78,0.0,0.11,0.11,0.0,0.11,0.01,0.08,0.09,0.01,0.09,ESP-La Liga,2024,standard
TOG,"DF,MF",33-101,1991,27,27,2207,24.5,0,0,0,0,0,0,9,0,0.3,0.3,0.6,0.9,16,67,16,0.0,0.0,0.0,0.0,0.0,0.01,0.03,0.04,0.01,0.04,ESP-La Liga,2024,standard
POR,DF,30-032,1995,15,14,1261,14.0,1,0,1,1,0,0,3,1,0.2,0.2,0.1,0.2,3,34,3,0.07,0.0,0.07,0.07,0.07,0.01,0.0,0.02,0.01,0.02,ESP-La Liga,2024,standard
ESP,"DF,MF",20-253,2004,1,0,20,0.2,0,0,0,0,0,0,0,0,0.0,0.0,0.0,0.0,0,1,0,0.0,0.0,0.0,0.0,0.0,0.0,0.0,0.0,0.0,0.0,ESP-La Liga,2024,standard
ESP,DF,26-282,1998,29,24,2237,24.9,0,1,1,0,0,0,4,0,0.9,0.9,2.0,2.9,28,65,55,0.0,0.04,0.04,0.0,0.04,0.04,0.08,0.12,0.04,0.12,ESP-La Liga,2024,standard
MAR,MF,20-142,2004,1,0,1,0.0,0,0,0,0,0,0,1,0,0.0,0.0,0.0,0.0,0,0,0,0.0,0.0,0.0,0.0,0.0,0.0,0.0,0.0,0.0,0.0,ESP-La Liga,2024,standard
ESP,MF,20-321,2004,16,4,322,3.6,0,0,0,0,0,0,5,0,0.0,0.0,0.0,0.0,3,12,4,0.0,0.0,0.0,0.0,0.0,0.01,0.0,0.01,0.01,0.01,ESP-La Liga,2024,standard
IRL,"MF,FW",21-169,2003,4,0,48,0.5,0,0,0,0,0,0,1,0,0.1,0.1,0.0,0.1,1,0,6,0.0,0.0,0.0,0.0,0.0,0.26,0.0,0.26,0.26,0.26,ESP-La Liga,2024,standard
ESP,"MF,FW",32-041,1993,8,5,407,4.5,0,1,1,0,0,0,0,0,0.1,0.1,0.5,0.6,2,10,25,0.0,0.22,0.22,0.0,0.22,0.03,0.11,0.14,0.03,0.14,ESP-La Liga,2024,standard
ESP,DF,25-342,1999,14,8,814,9.0,0,0,0,0,0,0,6,1,0.2,0.2,0.0,0.3,1,20,1,0.0,0.0,0.0,0.0,0.0,0.03,0.0,0.03,0.03,0.03,ESP-La Liga,2024,standard
ESP,"FW,MF",31-326,1993,9,7,581,6.5,0,0,0,0,0,0,2,0,1.5,1.5,0.3,1.8,5,7,25,0.0,0.0,0.0,0.0,0.0,0.23,0.05,0.28,0.23,0.28,ESP-La Liga,2024,standard
ESP,MF,30-186,1994,26,25,2245,24.9,1,3,4,0,1,1,3,0,1.6,0.8,2.7,3.5,26,128,28,0.04,0.12,0.16,0.0,0.12,0.06,0.11,0.17,0.03,0.14,ESP-La Liga,2024,standard
URU,MF,29-193,1995,28,24,2063,22.9,9,0,9,6,3,3,8,0,6.3,4.0,0.3,4.3,11,64,42,0.39,0.0,0.39,0.26,0.26,0.28,0.01,0.29,0.17,0.19,ESP-La Liga,2024,standard
FRA,MF,22-231,2002,7,4,263,2.9,0,0,0,0,0,0,1,0,0.0,0.0,0.0,0.1,2,6,2,0.0,0.0,0.0,0.0,0.0,0.01,0.01,0.02,0.01,0.02,ESP-La Liga,2024,standard
PAR,DF,28-106,1996,27,27,2375,26.4,0,0,0,0,0,0,7,0,1.2,1.2,0.9,2.0,24,91,5,0.0,0.0,0.0,0.0,0.0,0.04,0.03,0.08,0.04,0.08,ESP-La Liga,2024,standard
DOM,"MF,FW",22-260,2002,13,1,358,4.0,0,0,0,0,0,0,0,0,0.4,0.4,0.1,0.5,6,5,25,0.0,0.0,0.0,0.0,0.0,0.09,0.03,0.12,0.09,0.12,ESP-La Liga,2024,standard
ESP,"MF,FW",24-175,2000,7,7,597,6.6,4,0,4,4,0,0,1,0,0.8,0.8,0.9,1.7,4,24,19,0.6,0.0,0.6,0.6,0.6,0.12,0.14,0.26,0.12,0.26,ESP-La Liga,2024,standard
URU,FW,20-271,2004,17,5,633,7.0,2,0,2,2,0,0,4,0,0.7,0.7,0.2,0.9,2,9,41,0.28,0.0,0.28,0.28,0.28,0.1,0.03,0.13,0.1,0.13,ESP-La Liga,2024,standard
ESP,FW,25-073,2000,18,15,1166,13.0,4,0,4,3,1,2,3,0,4.5,3.0,0.4,3.3,17,19,62,0.31,0.0,0.31,0.23,0.23,0.35,0.03,0.38,0.23,0.26,ESP-La Liga,2024,standard
ESP,DF,22-253,2002,13,10,890,9.9,0,0,0,0,0,0,1,0,0.2,0.2,0.0,0.2,12,45,14,0.0,0.0,0.0,0.0,0.0,0.02,0.0,0.03,0.02,0.03,ESP-La Liga,2024,standard
ESP,"DF,MF",21-351,2003,25,23,2039,22.7,2,2,4,2,0,0,2,0,1.2,1.2,1.8,3.0,31,138,74,0.09,0.09,0.18,0.09,0.18,0.05,0.08,0.13,0.05,0.13,ESP-La Liga,2024,standard
NED,"FW,MF",28-070,1997,20,13,1144,12.7,2,0,2,2,0,0,2,0,2.9,2.9,1.4,4.3,78,36,151,0.16,0.0,0.16,0.16,0.16,0.23,0.11,0.34,0.23,0.34,ESP-La Liga,2024,standard
BRA,MF,28-242,1996,7,3,313,3.5,0,0,0,0,0,0,0,0,0.1,0.1,0.0,0.1,9,28,6,0.0,0.0,0.0,0.0,0.0,0.04,0.0,0.04,0.04,0.04,ESP-La Liga,2024,standard
MKD,FW,25-291,1999,15,12,847,9.4,2,1,3,2,0,0,0,0,2.7,2.7,0.2,2.9,4,4,33,0.21,0.11,0.32,0.21,0.32,0.29,0.02,0.3,0.29,0.3,ESP-La Liga,2024,standard
ESP,"FW,MF",24-059,2001,25,21,1721,19.1,3,3,6,3,0,0,4,0,2.3,2.3,2.9,5.2,76,74,210,0.16,0.16,0.31,0.16,0.31,0.12,0.15,0.27,0.12,0.27,ESP-La Liga,2024,standard
URU,FW,38-181,1986,24,1,610,6.8,6,2,8,3,3,3,2,0,6.0,3.7,0.4,4.1,1,4,21,0.89,0.3,1.18,0.44,0.74,0.88,0.06,0.95,0.55,0.61,ESP-La Liga,2024,standard
NED,DF,35-033,1990,26,23,2060,22.9,0,2,2,0,0,0,2,0,0.2,0.2,1.1,1.3,58,198,37,0.0,0.09,0.09,0.0,0.09,0.01,0.05,0.05,0.01,0.05,ESP-La Liga,2024,standard
ESP,DF,35-184,1989,23,22,1958,21.8,1,0,1,1,0,0,3,0,0.8,0.8,0.1,0.8,14,98,5,0.05,0.0,0.05,0.05,0.05,0.04,0.0,0.04,0.04,0.04,ESP-La Liga,2024,standard
NED,MF,27-358,1997,23,16,1381,15.3,2,2,4,2,0,0,5,0,1.5,1.4,3.2,4.7,16,44,83,0.13,0.13,0.26,0.13,0.26,0.1,0.21,0.31,0.09,0.31,ESP-La Liga,2024,standard
ESP,MF,21-350,2003,1,0,18,0.2,0,0,0,0,0,0,0,0,0.0,0.0,0.0,0.0,0,1,0,0.0,0.0,0.0,0.0,0.0,0.0,0.0,0.0,0.0,0.0,ESP-La Liga,2024,standard
NED,"FW,MF",19-267,2005,9,1,257,2.9,1,0,1,1,0,0,0,0,0.9,0.9,0.3,1.2,5,15,22,0.35,0.0,0.35,0.35,0.35,0.31,0.09,0.41,0.31,0.41,ESP-La Liga,2024,standard
ESP,"FW,DF",20-342,2004,2,0,48,0.5,0,1,1,0,0,0,0,0,0.0,0.0,0.7,0.7,6,2,10,0.0,1.87,1.87,0.0,1.87,0.06,1.27,1.33,0.06,1.33,ESP-La Liga,2024,standard
ESP,MF,26-056,1999,24,20,1664,18.5,1,1,2,1,0,0,1,0,1.0,1.0,1.8,2.8,47,109,58,0.05,0.05,0.11,0.05,0.11,0.05,0.1,0.15,0.05,0.15,ESP-La Liga,2024,standard
COL,MF,20-190,2004,14,2,438,4.9,1,0,1,1,0,0,2,0,0.6,0.6,0.1,0.7,7,26,12,0.21,0.0,0.21,0.21,0.21,0.12,0.02,0.14,0.12,0.14,ESP-La Liga,2024,standard
ESP,DF,33-346,1991,9,7,605,6.7,0,0,0,0,0,0,2,0,0.0,0.0,0.1,0.1,2,25,0,0.0,0.0,0.0,0.0,0.0,0.01,0.01,0.01,0.01,0.01,ESP-La Liga,2024,standard
KOR,"MF,FW",19-082,2006,3,0,22,0.2,0,0,0,0,0,0,0,0,0.0,0.0,0.0,0.0,0,0,2,0.0,0.0,0.0,0.0,0.0,0.0,0.0,0.0,0.0,0.0,ESP-La Liga,2024,standard
CZE,DF,25-356,1999,21,20,1810,20.1,2,0,2,2,0,0,8,0,1.5,1.5,0.1,1.6,22,114,6,0.1,0.0,0.1,0.1,0.1,0.08,0.01,0.08,0.08,0.08,ESP-La Liga,2024,standard
ESP,"DF,MF",23-258,2001,27,27,2283,25.4,1,5,6,1,0,0,3,0,1.5,1.5,4.1,5.7,57,100,182,0.04,0.2,0.24,0.04,0.24,0.06,0.16,0.22,0.06,0.22,ESP-La Liga,2024,standard
ESP,MF,33-199,1991,19,15,1163,12.9,0,0,0,0,0,0,5,0,0.1,0.1,0.2,0.3,15,62,7,0.0,0.0,0.0,0.0,0.0,0.01,0.02,0.03,0.01,0.03,ESP-La Liga,2024,standard
ESP,MF,20-211,2004,1,0,48,0.5,0,0,0,0,0,0,0,0,0.0,0.0,0.0,0.0,1,0,2,0.0,0.0,0.0,0.0,0.0,0.06,0.0,0.06,0.06,0.06,ESP-La Liga,2024,standard
ESP,GK,30-119,1994,1,0,45,0.5,0,0,0,0,0,0,0,0,0.0,0.0,0.0,0.0,0,0,0,0.0,0.0,0.0,0.0,0.0,0.0,0.0,0.0,0.0,0.0,ESP-La Liga,2024,standard
ARG,GK,33-099,1992,30,30,2655,29.5,0,0,0,0,0,0,4,0,0.0,0.0,0.0,0.0,0,0,0,0.0,0.0,0.0,0.0,0.0,0.0,0.0,0.0,0.0,0.0,ESP-La Liga,2024,standard
ESP,"FW,MF",32-325,1992,19,1,355,3.9,0,1,1,0,0,0,4,0,0.0,0.0,1.1,1.1,9,9,44,0.0,0.25,0.25,0.0,0.25,0.01,0.28,0.29,0.01,0.29,ESP-La Liga,2024,standard
ESP,MF,20-072,2005,4,2,163,1.8,0,0,0,0,0,0,0,0,0.0,0.0,0.0,0.1,4,3,3,0.0,0.0,0.0,0.0,0.0,0.02,0.02,0.04,0.02,0.04,ESP-La Liga,2024,standard
UKR,"FW,MF",27-147,1997,19,15,1262,14.0,2,4,6,2,0,0,1,0,2.2,2.2,1.9,4.1,35,45,130,0.14,0.29,0.43,0.14,0.43,0.16,0.14,0.29,0.16,0.29,ESP-La Liga,2024,standard
VEN,MF,27-087,1998,22,20,1690,18.8,4,3,7,4,0,0,9,1,3.0,3.0,1.4,4.5,19,89,67,0.21,0.16,0.37,0.21,0.37,0.16,0.08,0.24,0.16,0.24,ESP-La Liga,2024,standard
COL,"FW,MF",21-143,2003,20,11,1027,11.4,2,0,2,2,0,0,2,0,1.5,1.5,1.8,3.3,51,64,105,0.18,0.0,0.18,0.18,0.18,0.13,0.16,0.29,0.13,0.29,ESP-La Liga,2024,standard
CIV,MF,19-272,2005,1,0,4,0.0,0,0,0,0,0,0,0,0,0.0,0.0,0.0,0.0,0,0,0,0.0,0.0,0.0,0.0,0.0,0.0,0.0,0.0,0.0,0.0,ESP-La Liga,2024,standard
BEL,"MF,FW",30-065,1995,12,3,366,4.1,2,1,3,2,0,0,4,0,0.6,0.6,0.7,1.3,16,28,37,0.49,0.25,0.74,0.49,0.74,0.14,0.17,0.31,0.14,0.31,ESP-La Liga,2024,standard
ESP,"FW,MF",21-193,2003,28,26,2156,24.0,6,0,6,6,0,0,5,0,5.2,5.2,2.6,7.8,73,92,153,0.25,0.0,0.25,0.25,0.25,0.22,0.11,0.32,0.22,0.32,ESP-La Liga,2024,standard
FRA,DF,25-030,2000,4,2,205,2.3,0,0,0,0,0,0,1,0,0.0,0.0,0.0,0.1,1,13,5,0.0,0.0,0.0,0.0,0.0,0.0,0.02,0.03,0.0,0.03,ESP-La Liga,2024,standard
ESP,"DF,MF",29-274,1995,17,1,388,4.3,0,0,0,0,0,0,2,1,0.2,0.2,0.8,1.0,14,13,52,0.0,0.0,0.0,0.0,0.0,0.05,0.18,0.23,0.05,0.23,ESP-La Liga,2024,standard
NED,DF,29-281,1995,2,1,91,1.0,0,0,0,0,0,0,0,0,0.0,0.0,0.0,0.0,2,3,7,0.0,0.0,0.0,0.0,0.0,0.0,0.02,0.02,0.0,0.02,ESP-La Liga,2024,standard
POR,MF,20-028,2005,19,18,1432,15.9,1,0,1,1,0,0,9,2,0.5,0.5,0.3,0.8,14,62,8,0.06,0.0,0.06,0.06,0.06,0.03,0.02,0.05,0.03,0.05,ESP-La Liga,2024,standard
CRO,GK,26-032,1999,5,3,365,4.1,0,0,0,0,0,0,1,0,0.0,0.0,0.0,0.0,0,0,0,0.0,0.0,0.0,0.0,0.0,0.0,0.0,0.0,0.0,0.0,ESP-La Liga,2024,standard
FRA,MF,24-135,2000,15,5,504,5.6,0,0,0,0,0,0,3,0,0.1,0.1,0.1,0.2,2,20,3,0.0,0.0,0.0,0.0,0.0,0.02,0.02,0.04,0.02,0.04,ESP-La Liga,2024,standard
ESP,MF,28-058,1997,2,0,53,0.6,0,0,0,0,0,0,0,0,0.1,0.1,0.0,0.1,0,6,0,0.0,0.0,0.0,0.0,0.0,0.12,0.0,0.12,0.12,0.12,ESP-La Liga,2024,standard
POR,FW,22-266,2002,22,20,1698,18.9,8,3,11,6,2,3,7,0,8.3,5.9,1.9,7.9,30,23,110,0.42,0.16,0.58,0.32,0.48,0.44,0.1,0.54,0.31,0.42,ESP-La Liga,2024,standard
ESP,FW,36-169,1988,22,3,469,5.2,0,0,0,0,0,0,6,0,1.9,1.9,0.1,2.1,6,7,27,0.0,0.0,0.0,0.0,0.0,0.37,0.03,0.4,0.37,0.4,ESP-La Liga,2024,standard
NED,GK,35-354,1989,27,27,2335,25.9,0,0,0,0,0,0,1,0,0.0,0.0,0.0,0.0,0,0,0,0.0,0.0,0.0,0.0,0.0,0.0,0.0,0.0,0.0,0.0,ESP-La Liga,2024,standard
ESP,"MF,DF",30-042,1995,30,24,2240,24.9,0,2,2,0,0,0,3,0,0.9,0.9,2.2,3.1,32,94,77,0.0,0.08,0.08,0.0,0.08,0.04,0.09,0.13,0.04,0.13,ESP-La Liga,2024,standard
ESP,MF,31-315,1993,20,14,1073,11.9,0,2,2,0,0,0,3,0,0.1,0.1,0.8,0.9,8,71,12,0.0,0.17,0.17,0.0,0.17,0.01,0.06,0.07,0.01,0.07,ESP-La Liga,2024,standard
ESP,DF,21-333,2003,15,11,966,10.7,0,0,0,0,0,0,1,0,0.6,0.6,0.0,0.6,0,19,1,0.0,0.0,0.0,0.0,0.0,0.06,0.0,0.06,0.06,0.06,ESP-La Liga,2024,standard
ESP,MF,29-037,1996,21,21,1758,19.5,0,3,3,0,0,0,2,0,1.6,1.6,1.5,3.0,25,128,39,0.0,0.15,0.15,0.0,0.15,0.08,0.07,0.16,0.08,0.16,ESP-La Liga,2024,standard
ESP,"FW,MF",27-171,1997,21,6,705,7.8,2,0,2,2,0,0,2,0,0.6,0.6,1.1,1.7,16,47,61,0.26,0.0,0.26,0.26,0.26,0.07,0.14,0.22,0.07,0.22,ESP-La Liga,2024,standard
ESP,"FW,DF",29-277,1995,9,0,104,1.2,0,0,0,0,0,0,1,0,0.2,0.2,0.0,0.2,2,2,10,0.0,0.0,0.0,0.0,0.0,0.14,0.0,0.14,0.14,0.14,ESP-La Liga,2024,standard
ESP,"DF,FW",24-282,2000,15,6,640,7.1,0,0,0,0,0,0,3,0,0.1,0.1,0.8,1.0,20,18,41,0.0,0.0,0.0,0.0,0.0,0.02,0.12,0.14,0.02,0.14,ESP-La Liga,2024,standard
ESP,DF,22-283,2002,23,20,1769,19.7,0,1,1,0,0,0,4,0,0.4,0.4,1.3,1.6,19,73,33,0.0,0.05,0.05,0.0,0.05,0.02,0.06,0.08,0.02,0.08,ESP-La Liga,2024,standard
SCO,FW,28-311,1996,26,13,1269,14.1,1,6,7,1,0,0,0,0,3.3,3.3,2.6,5.9,6,25,61,0.07,0.43,0.5,0.07,0.5,0.23,0.18,0.42,0.23,0.42,ESP-La Liga,2024,standard
ESP,FW,28-256,1996,1,0,16,0.2,0,0,0,0,0,0,0,0,0.0,0.0,0.0,0.0,1,1,2,0.0,0.0,0.0,0.0,0.0,0.17,0.0,0.17,0.17,0.17,ESP-La Liga,2024,standard
ESP,"FW,MF",29-276,1995,25,21,1728,19.2,8,3,11,8,0,0,6,0,3.0,3.0,2.7,5.7,45,38,98,0.42,0.16,0.57,0.42,0.57,0.16,0.14,0.3,0.16,0.3,ESP-La Liga,2024,standard
SCO,DF,28-150,1996,24,23,2016,22.4,0,0,0,0,0,0,5,1,0.8,0.8,0.4,1.2,8,36,2,0.0,0.0,0.0,0.0,0.0,0.04,0.02,0.05,0.04,0.05,ESP-La Liga,2024,standard
ESP,"MF,DF",20-171,2004,8,6,498,5.5,1,0,1,1,0,0,1,0,0.2,0.2,0.2,0.4,5,18,4,0.18,0.0,0.18,0.18,0.18,0.04,0.04,0.08,0.04,0.08,ESP-La Liga,2024,standard
ESP,DF,17-360,2007,1,0,6,0.1,0,0,0,0,0,0,0,0,0.0,0.0,0.0,0.0,0,0,0,0.0,0.0,0.0,0.0,0.0,0.0,0.0,0.0,0.0,0.0,ESP-La Liga,2024,standard
ESP,DF,27-207,1997,22,16,1442,16.0,0,2,2,0,0,0,5,0,0.1,0.1,0.9,1.0,31,36,49,0.0,0.12,0.12,0.0,0.12,0.0,0.06,0.06,0.0,0.06,ESP-La Liga,2024,standard
ESP,DF,30-255,1994,18,16,1298,14.4,3,0,3,3,0,0,3,0,0.7,0.7,0.5,1.2,14,42,50,0.21,0.0,0.21,0.21,0.21,0.05,0.04,0.09,0.05,0.09,ESP-La Liga,2024,standard
ESP,DF,32-024,1993,24,24,1968,21.9,0,0,0,0,0,0,11,0,0.1,0.1,0.1,0.2,1,38,2,0.0,0.0,0.0,0.0,0.0,0.01,0.0,0.01,0.01,0.01,ESP-La Liga,2024,standard
ESP,"DF,FW",24-014,2001,15,12,1082,12.0,0,0,0,0,0,0,3,0,0.1,0.1,0.0,0.1,14,31,33,0.0,0.0,0.0,0.0,0.0,0.01,0.0,0.01,0.01,0.01,ESP-La Liga,2024,standard
ESP,DF,27-070,1998,2,2,177,2.0,0,0,0,0,0,0,0,0,0.0,0.0,0.0,0.0,0,2,0,0.0,0.0,0.0,0.0,0.0,0.01,0.0,0.01,0.01,0.01,ESP-La Liga,2024,standard
CRO,DF,32-152,1992,1,1,9,0.1,0,0,0,0,0,0,0,0,0.0,0.0,0.0,0.0,0,0,0,0.0,0.0,0.0,0.0,0.0,0.0,0.0,0.0,0.0,0.0,ESP-La Liga,2024,standard
ESP,"MF,FW",29-164,1995,22,17,1365,15.2,7,4,11,3,4,5,4,0,6.7,2.8,3.4,6.2,30,51,70,0.46,0.26,0.73,0.2,0.46,0.44,0.22,0.66,0.19,0.41,ESP-La Liga,2024,standard
SRB,MF,33-058,1992,24,14,1394,15.5,1,2,3,1,0,0,2,0,1.7,1.7,0.4,2.0,6,36,49,0.06,0.13,0.19,0.06,0.19,0.11,0.02,0.13,0.11,0.13,ESP-La Liga,2024,standard
ESP,"FW,MF",24-358,2000,20,9,814,9.0,3,0,3,3,0,0,1,0,3.0,3.0,0.2,3.2,8,12,39,0.33,0.0,0.33,0.33,0.33,0.33,0.02,0.35,0.33,0.35,ESP-La Liga,2024,standard
CPV,"MF,FW",25-054,2000,5,0,55,0.6,0,0,0,0,0,0,1,0,0.0,0.0,0.6,0.6,7,1,14,0.0,0.0,0.0,0.0,0.0,0.03,1.04,1.07,0.03,1.07,ESP-La Liga,2024,standard
ESP,"DF,FW",28-044,1997,12,7,616,6.8,1,0,1,1,0,0,1,0,0.3,0.3,0.1,0.4,11,12,30,0.15,0.0,0.15,0.15,0.15,0.04,0.02,0.06,0.04,0.06,ESP-La Liga,2024,standard
ESP,DF,26-344,1998,24,20,1759,19.5,0,1,1,0,0,0,4,0,0.4,0.4,1.3,1.7,26,46,75,0.0,0.05,0.05,0.0,0.05,0.02,0.07,0.09,0.02,0.09,ESP-La Liga,2024,standard
ESP,DF,28-145,1996,15,11,985,10.9,1,0,1,1,0,0,3,1,0.5,0.5,0.1,0.6,5,20,0,0.09,0.0,0.09,0.09,0.09,0.05,0.01,0.06,0.05,0.06,ESP-La Liga,2024,standard
ESP,"FW,DF",24-351,2000,29,22,1908,21.2,4,3,7,4,0,0,2,0,1.7,1.7,2.9,4.6,53,58,118,0.19,0.14,0.33,0.19,0.33,0.08,0.14,0.21,0.08,0.21,ESP-La Liga,2024,standard
ESP,GK,27-231,1997,6,6,540,6.0,0,0,0,0,0,0,1,1,0.0,0.0,0.0,0.0,0,0,0,0.0,0.0,0.0,0.0,0.0,0.0,0.0,0.0,0.0,0.0,ESP-La Liga,2024,standard
ARG,MF,27-088,1998,12,1,204,2.3,0,0,0,0,0,0,0,0,0.5,0.5,0.1,0.6,7,14,4,0.0,0.0,0.0,0.0,0.0,0.21,0.04,0.24,0.21,0.24,ESP-La Liga,2024,standard
SRB,GK,33-077,1992,24,24,2160,24.0,0,0,0,0,0,0,0,0,0.0,0.0,0.0,0.0,0,1,0,0.0,0.0,0.0,0.0,0.0,0.0,0.0,0.0,0.0,0.0,ESP-La Liga,2024,standard
SRB,DF,32-014,1993,25,23,2033,22.6,1,0,1,1,0,0,3,0,0.1,0.1,0.1,0.2,1,58,0,0.04,0.0,0.04,0.04,0.04,0.0,0.01,0.01,0.0,0.01,ESP-La Liga,2024,standard
ESP,FW,25-220,1999,29,17,1660,18.4,1,3,4,0,1,2,3,0,4.9,3.3,1.4,4.7,14,16,87,0.05,0.16,0.22,0.0,0.16,0.26,0.08,0.34,0.18,0.26,ESP-La Liga,2024,standard
MAR,"FW,MF",29-222,1995,18,6,547,6.1,2,0,2,2,0,0,1,1,0.7,0.7,0.6,1.3,7,17,27,0.33,0.0,0.33,0.33,0.33,0.12,0.11,0.22,0.12,0.22,ESP-La Liga,2024,standard
PER,"MF,DF",29-257,1995,26,20,1732,19.2,1,0,1,1,0,0,6,0,0.5,0.5,0.1,0.6,15,49,16,0.05,0.0,0.05,0.05,0.05,0.03,0.0,0.03,0.03,0.03,ESP-La Liga,2024,standard
ESP,MF,24-352,2000,12,3,393,4.4,0,1,1,0,0,0,0,0,0.5,0.5,0.9,1.4,3,20,11,0.0,0.23,0.23,0.0,0.23,0.11,0.2,0.31,0.11,0.31,ESP-La Liga,2024,standard
ESP,DF,32-356,1992,29,28,2502,27.8,2,0,2,2,0,0,2,1,1.5,1.5,0.4,1.9,3,70,2,0.07,0.0,0.07,0.07,0.07,0.05,0.01,0.07,0.05,0.07,ESP-La Liga,2024,standard
GUI,MF,24-060,2001,27,24,1925,21.4,2,0,2,2,0,0,3,0,1.4,1.4,0.3,1.7,20,82,34,0.09,0.0,0.09,0.09,0.09,0.06,0.01,0.08,0.06,0.08,ESP-La Liga,2024,standard
CIV,FW,30-293,1994,8,5,404,4.5,0,0,0,0,0,0,0,0,0.4,0.4,0.2,0.6,3,4,14,0.0,0.0,0.0,0.0,0.0,0.09,0.05,0.13,0.09,0.13,ESP-La Liga,2024,standard
FRA,DF,28-235,1996,27,23,2173,24.1,1,2,3,1,0,0,8,0,0.7,0.7,1.0,1.7,32,57,83,0.04,0.08,0.12,0.04,0.12,0.03,0.04,0.07,0.03,0.07,ESP-La Liga,2024,standard
CIV,"FW,MF",18-148,2006,2,0,14,0.2,0,0,0,0,0,0,0,0,0.1,0.1,0.0,0.1,2,3,5,0.0,0.0,0.0,0.0,0.0,0.35,0.0,0.35,0.35,0.35,ESP-La Liga,2024,standard
CMR,MF,28-098,1997,25,24,2058,22.9,1,1,2,1,0,0,12,0,0.6,0.6,0.5,1.1,21,86,29,0.04,0.04,0.09,0.04,0.09,0.03,0.02,0.05,0.03,0.05,ESP-La Liga,2024,standard
ESP,"MF,FW",26-287,1998,22,11,1097,12.2,1,4,5,1,0,0,5,1,1.6,1.6,1.9,3.5,22,52,52,0.08,0.33,0.41,0.08,0.41,0.13,0.16,0.29,0.13,0.29,ESP-La Liga,2024,standard
ESP,"FW,MF",32-125,1992,21,2,376,4.2,2,0,2,1,1,1,4,0,1.9,1.1,0.0,1.2,0,6,9,0.48,0.0,0.48,0.24,0.24,0.46,0.0,0.47,0.27,0.28,ESP-La Liga,2024,standard
ESP,DF,33-185,1991,28,28,2487,27.6,2,0,2,2,0,0,5,1,1.6,1.6,1.4,3.0,24,79,15,0.07,0.0,0.07,0.07,0.07,0.06,0.05,0.11,0.06,0.11,ESP-La Liga,2024,standard
ESP,"MF,DF",28-100,1997,25,7,971,10.8,0,0,0,0,0,0,2,0,0.8,0.8,0.6,1.4,13,32,35,0.0,0.0,0.0,0.0,0.0,0.07,0.06,0.13,0.07,0.13,ESP-La Liga,2024,standard
POR,"MF,FW",25-065,2000,8,1,146,1.6,0,0,0,0,0,0,2,0,0.3,0.3,0.0,0.3,4,1,12,0.0,0.0,0.0,0.0,0.0,0.19,0.02,0.21,0.19,0.21,ESP-La Liga,2024,standard
ESP,DF,25-183,1999,20,11,1109,12.3,0,0,0,0,0,0,6,0,0.4,0.4,0.0,0.4,10,37,2,0.0,0.0,0.0,0.0,0.0,0.03,0.0,0.03,0.03,0.03,ESP-La Liga,2024,standard
CAN,FW,29-359,1995,24,16,1298,14.4,5,2,7,4,1,1,4,0,5.9,5.1,1.3,6.4,13,11,71,0.35,0.14,0.49,0.28,0.42,0.41,0.09,0.5,0.35,0.44,ESP-La Liga,2024,standard
ESP,"MF,FW",36-309,1988,30,21,1761,19.6,4,6,10,4,0,0,4,0,2.8,2.8,2.9,5.7,34,68,87,0.2,0.31,0.51,0.2,0.51,0.14,0.15,0.29,0.14,0.29,ESP-La Liga,2024,standard
COL,MF,21-339,2003,2,0,20,0.2,0,0,0,0,0,0,0,0,0.0,0.0,0.0,0.0,1,0,2,0.0,0.0,0.0,0.0,0.0,0.0,0.0,0.0,0.0,0.0,ESP-La Liga,2024,standard
ESP,DF,22-067,2003,1,1,79,0.9,0,0,0,0,0,0,0,0,0.0,0.0,0.0,0.0,0,2,0,0.0,0.0,0.0,0.0,0.0,0.0,0.0,0.0,0.0,0.0,ESP-La Liga,2024,standard
SVK,GK,28-005,1997,25,25,2250,25.0,0,0,0,0,0,0,1,0,0.0,0.0,0.0,0.0,0,0,0,0.0,0.0,0.0,0.0,0.0,0.0,0.0,0.0,0.0,0.0,ESP-La Liga,2024,standard
ESP,MF,19-244,2005,2,0,19,0.2,0,0,0,0,0,0,0,0,0.1,0.1,0.0,0.1,0,0,0,0.0,0.0,0.0,0.0,0.0,0.27,0.0,0.27,0.27,0.27,ESP-La Liga,2024,standard
ESP,FW,22-212,2002,1,1,57,0.6,0,0,0,0,0,0,0,0,0.0,0.0,0.1,0.1,3,3,8,0.0,0.0,0.0,0.0,0.0,0.08,0.14,0.21,0.08,0.21,ESP-La Liga,2024,standard
COL,DF,32-233,1992,28,24,2212,24.6,1,2,3,1,0,0,5,0,0.9,0.9,3.5,4.3,52,107,106,0.04,0.08,0.12,0.04,0.12,0.04,0.14,0.18,0.04,0.18,ESP-La Liga,2024,standard
ESP,GK,24-279,2000,5,5,450,5.0,0,0,0,0,0,0,0,0,0.0,0.0,0.0,0.0,0,0,0,0.0,0.0,0.0,0.0,0.0,0.0,0.0,0.0,0.0,0.0,ESP-La Liga,2024,standard
ESP,MF,26-089,1999,21,15,1300,14.4,0,0,0,0,0,0,6,0,0.6,0.6,0.3,0.9,16,83,35,0.0,0.0,0.0,0.0,0.0,0.04,0.02,0.06,0.04,0.06,ESP-La Liga,2024,standard
ESP,FW,19-100,2006,4,2,133,1.5,0,0,0,0,0,0,0,0,0.1,0.1,0.0,0.2,0,2,8,0.0,0.0,0.0,0.0,0.0,0.1,0.01,0.11,0.1,0.11,ESP-La Liga,2024,standard
SVK,DF,29-121,1995,24,24,2133,23.7,2,0,2,2,0,0,4,0,0.5,0.5,0.0,0.5,14,67,14,0.08,0.0,0.08,0.08,0.08,0.02,0.0,0.02,0.02,0.02,ESP-La Liga,2024,standard
ESP,DF,25-040,2000,8,4,382,4.2,0,0,0,0,0,0,1,0,0.0,0.0,0.1,0.1,13,9,18,0.0,0.0,0.0,0.0,0.0,0.01,0.03,0.04,0.01,0.04,ESP-La Liga,2024,standard
EQG,MF,32-068,1993,25,17,1581,17.6,0,0,0,0,0,0,4,1,0.3,0.3,0.1,0.3,7,54,10,0.0,0.0,0.0,0.0,0.0,0.01,0.0,0.02,0.01,0.02,ESP-La Liga,2024,standard
ESP,DF,27-273,1997,24,23,1943,21.6,0,1,1,0,0,0,3,0,0.3,0.3,3.9,4.2,37,60,100,0.0,0.05,0.05,0.0,0.05,0.01,0.18,0.19,0.01,0.19,ESP-La Liga,2024,standard
ESP,"MF,FW",22-364,2002,23,15,1278,14.2,1,0,1,1,0,0,3,0,2.0,2.0,1.9,3.9,45,51,85,0.07,0.0,0.07,0.07,0.07,0.14,0.14,0.28,0.14,0.28,ESP-La Liga,2024,standard
POR,MF,24-135,2000,24,23,1966,21.8,0,2,2,0,0,0,7,1,1.7,1.7,1.2,2.8,20,87,57,0.0,0.09,0.09,0.0,0.09,0.08,0.05,0.13,0.08,0.13,ESP-La Liga,2024,standard
ESP,"MF,FW",31-110,1993,30,26,2044,22.7,0,4,4,0,0,0,3,0,1.7,1.7,2.9,4.6,29,113,65,0.0,0.18,0.18,0.0,0.18,0.07,0.13,0.2,0.07,0.2,ESP-La Liga,2024,standard
BEL,"DF,MF",26-316,1998,2,1,97,1.1,0,0,0,0,0,0,0,0,0.0,0.0,0.1,0.1,1,5,1,0.0,0.0,0.0,0.0,0.0,0.03,0.07,0.1,0.03,0.1,ESP-La Liga,2024,standard
JPN,"FW,MF",30-152,1994,19,12,958,10.6,2,0,2,2,0,0,0,0,2.3,2.3,0.6,2.8,26,19,65,0.19,0.0,0.19,0.19,0.19,0.21,0.05,0.27,0.21,0.27,ESP-La Liga,2024,standard
ESP,DF,27-141,1997,8,5,437,4.9,0,0,0,0,0,0,0,1,0.0,0.0,0.4,0.4,9,19,28,0.0,0.0,0.0,0.0,0.0,0.0,0.08,0.08,0.0,0.08,ESP-La Liga,2024,standard
ESP,"MF,FW",25-139,1999,16,1,287,3.2,2,0,2,2,0,0,1,0,0.8,0.8,0.0,0.9,2,5,12,0.63,0.0,0.63,0.63,0.63,0.26,0.01,0.27,0.26,0.27,ESP-La Liga,2024,standard
KVX,FW,30-352,1994,24,20,1743,19.4,7,2,9,5,2,3,1,2,9.5,7.1,2.0,9.1,19,28,91,0.36,0.1,0.46,0.26,0.36,0.49,0.11,0.59,0.37,0.47,ESP-La Liga,2024,standard
ESP,DF,24-233,2000,28,16,1688,18.8,2,0,2,2,0,0,3,0,0.4,0.4,0.8,1.3,41,60,69,0.11,0.0,0.11,0.11,0.11,0.02,0.04,0.07,0.02,0.07,ESP-La Liga,2024,standard
ESP,"MF,FW",23-135,2001,29,27,2253,25.0,4,1,5,4,0,0,6,0,3.1,3.1,1.8,4.9,54,127,106,0.16,0.04,0.2,0.16,0.2,0.12,0.07,0.2,0.12,0.2,ESP-La Liga,2024,standard
ESP,GK,33-343,1991,1,1,90,1.0,0,0,0,0,0,0,0,0,0.0,0.0,0.0,0.0,0,0,0,0.0,0.0,0.0,0.0,0.0,0.0,0.0,0.0,0.0,0.0,ESP-La Liga,2024,standard
CRO,FW,33-263,1991,30,26,2282,25.4,15,2,17,8,7,7,3,0,13.8,8.6,1.5,10.0,22,20,107,0.59,0.08,0.67,0.32,0.39,0.55,0.06,0.6,0.34,0.4,ESP-La Liga,2024,standard
ESP,"FW,MF",23-351,2001,21,18,1434,15.9,1,5,6,1,0,0,3,0,2.2,2.2,2.6,4.8,82,37,112,0.06,0.31,0.38,0.06,0.38,0.14,0.17,0.3,0.14,0.3,ESP-La Liga,2024,standard
ESP,DF,30-165,1994,28,28,2502,27.8,0,2,2,0,0,0,9,0,1.7,1.7,1.4,3.1,9,74,2,0.0,0.07,0.07,0.0,0.07,0.06,0.05,0.11,0.06,0.11,ESP-La Liga,2024,standard
CMR,DF,23-186,2001,26,25,2267,25.2,2,0,2,2,0,0,5,0,1.3,1.3,0.8,2.1,11,86,4,0.08,0.0,0.08,0.08,0.08,0.05,0.03,0.08,0.05,0.08,ESP-La Liga,2024,standard
ESP,"FW,MF",22-244,2002,2,0,37,0.4,0,0,0,0,0,0,0,0,0.0,0.0,0.0,0.0,2,0,4,0.0,0.0,0.0,0.0,0.0,0.0,0.09,0.09,0.0,0.09,ESP-La Liga,2024,standard
ESP,MF,22-157,2002,15,4,411,4.6,0,0,0,0,0,0,2,0,0.2,0.2,0.2,0.4,3,13,6,0.0,0.0,0.0,0.0,0.0,0.04,0.05,0.09,0.04,0.09,ESP-La Liga,2024,standard
ESP,MF,25-110,1999,1,0,6,0.1,0,0,0,0,0,0,0,0,0.0,0.0,0.0,0.0,0,1,0,0.0,0.0,0.0,0.0,0.0,0.0,0.0,0.0,0.0,0.0,ESP-La Liga,2024,standard
ESP,DF,25-283,1999,28,27,2368,26.3,0,2,2,0,0,0,6,0,0.1,0.1,1.9,2.0,82,83,159,0.0,0.08,0.08,0.0,0.08,0.0,0.07,0.08,0.0,0.08,ESP-La Liga,2024,standard
ESP,MF,26-333,1998,28,24,1966,21.8,0,0,0,0,0,0,8,0,1.6,1.6,3.5,5.1,19,98,46,0.0,0.0,0.0,0.0,0.0,0.07,0.16,0.23,0.07,0.23,ESP-La Liga,2024,standard
ESP,DF,24-042,2001,14,11,1006,11.2,1,0,1,1,0,0,3,0,1.1,1.1,0.0,1.1,5,28,1,0.09,0.0,0.09,0.09,0.09,0.1,0.0,0.1,0.1,0.1,ESP-La Liga,2024,standard
ESP,"MF,FW",29-361,1995,12,1,115,1.3,0,0,0,0,0,0,0,0,0.3,0.3,0.1,0.4,4,3,13,0.0,0.0,0.0,0.0,0.0,0.22,0.07,0.29,0.22,0.29,ESP-La Liga,2024,standard
ESP,DF,32-257,1992,19,15,1145,12.7,0,0,0,0,0,0,3,0,0.1,0.1,0.0,0.1,8,38,11,0.0,0.0,0.0,0.0,0.0,0.01,0.0,0.01,0.01,0.01,ESP-La Liga,2024,standard
ESP,"FW,MF",28-010,1997,9,3,247,2.7,0,0,0,0,0,0,2,0,0.2,0.2,0.5,0.7,18,2,30,0.0,0.0,0.0,0.0,0.0,0.07,0.18,0.25,0.07,0.25,ESP-La Liga,2024,standard
ESP,MF,30-266,1994,27,27,2295,25.5,3,0,3,3,0,0,10,0,1.6,1.6,0.8,2.4,6,89,24,0.12,0.0,0.12,0.12,0.12,0.06,0.03,0.1,0.06,0.1,ESP-La Liga,2024,standard
ESP,"MF,FW",30-292,1994,23,5,730,8.1,0,0,0,0,0,0,1,0,0.4,0.4,0.8,1.2,11,44,14,0.0,0.0,0.0,0.0,0.0,0.05,0.09,0.14,0.05,0.14,ESP-La Liga,2024,standard
ESP,DF,30-077,1995,5,1,124,1.4,0,0,0,0,0,0,0,0,0.0,0.0,0.0,0.0,3,1,5,0.0,0.0,0.0,0.0,0.0,0.0,0.0,0.0,0.0,0.0,ESP-La Liga,2024,standard
ESP,MF,26-203,1998,21,8,873,9.7,0,1,1,0,0,0,2,0,1.3,1.3,1.5,2.8,11,37,20,0.0,0.1,0.1,0.0,0.1,0.13,0.15,0.29,0.13,0.29,ESP-La Liga,2024,standard
ESP,"FW,MF",24-159,2000,27,5,675,7.5,2,0,2,2,0,0,0,0,2.2,2.2,0.7,2.9,10,14,43,0.27,0.0,0.27,0.27,0.27,0.3,0.09,0.39,0.3,0.39,ESP-La Liga,2024,standard
ESP,"FW,MF",31-271,1993,29,23,1914,21.3,2,4,6,2,0,0,2,0,1.9,1.9,2.5,4.4,27,88,127,0.09,0.19,0.28,0.09,0.28,0.09,0.12,0.21,0.09,0.21,ESP-La Liga,2024,standard
ESP,"FW,DF",33-267,1991,21,6,662,7.4,0,0,0,0,0,0,1,0,0.7,0.7,0.5,1.2,15,19,46,0.0,0.0,0.0,0.0,0.0,0.1,0.07,0.17,0.1,0.17,ESP-La Liga,2024,standard
ESP,GK,31-310,1993,29,29,2610,29.0,0,0,0,0,0,0,5,0,0.0,0.0,0.0,0.0,0,2,0,0.0,0.0,0.0,0.0,0.0,0.0,0.0,0.0,0.0,0.0,ESP-La Liga,2024,standard
GHA,DF,26-309,1998,24,24,2017,22.4,2,1,3,2,0,0,6,1,0.6,0.6,0.2,0.8,12,40,6,0.09,0.04,0.13,0.09,0.13,0.03,0.01,0.03,0.03,0.03,ESP-La Liga,2024,standard
ESP,"FW,MF",32-339,1992,28,15,1373,15.3,1,1,2,1,0,0,4,0,1.5,1.5,2.7,4.2,41,41,99,0.07,0.07,0.13,0.07,0.13,0.1,0.18,0.28,0.1,0.28,ESP-La Liga,2024,standard
URU,DF,33-096,1992,10,6,578,6.4,0,0,0,0,0,0,3,0,0.3,0.3,0.0,0.3,7,28,19,0.0,0.0,0.0,0.0,0.0,0.04,0.0,0.04,0.04,0.04,ESP-La Liga,2024,standard
ROU,DF,26-295,1998,28,27,2448,27.2,2,3,5,2,0,0,4,0,1.6,1.6,4.9,6.5,95,116,124,0.07,0.11,0.18,0.07,0.18,0.06,0.18,0.24,0.06,0.24,ESP-La Liga,2024,standard
ESP,DF,36-019,1989,9,6,575,6.4,0,0,0,0,0,0,1,0,0.7,0.7,0.0,0.7,2,30,0,0.0,0.0,0.0,0.0,0.0,0.11,0.0,0.11,0.11,0.11,ESP-La Liga,2024,standard
ARG,GK,28-346,1996,25,25,2250,25.0,0,0,0,0,0,0,4,0,0.0,0.0,0.0,0.0,0,2,0,0.0,0.0,0.0,0.0,0.0,0.0,0.0,0.0,0.0,0.0,ESP-La Liga,2024,standard
ESP,GK,28-014,1997,5,5,450,5.0,0,0,0,0,0,0,0,0,0.0,0.0,0.0,0.0,0,0,0,0.0,0.0,0.0,0.0,0.0,0.0,0.0,0.0,0.0,0.0,ESP-La Liga,2024,standard
CMR,FW,22-236,2002,2,0,40,0.4,0,0,0,0,0,0,0,0,0.0,0.0,0.0,0.0,0,0,1,0.0,0.0,0.0,0.0,0.0,0.0,0.0,0.0,0.0,0.0,ESP-La Liga,2024,standard
FRA,DF,33-326,1991,29,29,2605,28.9,0,2,2,0,0,0,5,0,2.6,2.6,1.1,3.7,18,111,5,0.0,0.07,0.07,0.0,0.07,0.09,0.04,0.13,0.09,0.13,ESP-La Liga,2024,standard
ESP,MF,30-114,1994,15,5,611,6.8,0,1,1,0,0,0,4,0,0.8,0.8,1.2,2.0,2,27,19,0.0,0.15,0.15,0.0,0.15,0.12,0.18,0.3,0.12,0.3,ESP-La Liga,2024,standard
ESP,"MF,FW",30-105,1994,27,19,1610,17.9,3,3,6,3,0,0,4,0,3.0,3.0,2.5,5.6,23,87,88,0.17,0.17,0.34,0.17,0.34,0.17,0.14,0.31,0.17,0.31,ESP-La Liga,2024,standard
ALB,DF,33-100,1992,20,7,806,9.0,0,0,0,0,0,0,2,0,0.0,0.0,0.4,0.4,7,34,14,0.0,0.0,0.0,0.0,0.0,0.0,0.05,0.05,0.0,0.05,ESP-La Liga,2024,standard
COL,"MF,FW",33-273,1991,6,1,140,1.6,0,0,0,0,0,0,1,0,0.3,0.3,0.2,0.5,3,13,7,0.0,0.0,0.0,0.0,0.0,0.19,0.11,0.29,0.19,0.29,ESP-La Liga,2024,standard
ESP,"FW,MF",28-050,1997,28,24,1993,22.1,4,3,7,4,0,0,2,1,4.6,4.6,3.1,7.8,67,41,175,0.18,0.14,0.32,0.18,0.32,0.21,0.14,0.35,0.21,0.35,ESP-La Liga,2024,standard
SEN,MF,31-026,1994,26,18,1575,17.5,3,1,4,3,0,0,8,0,1.7,1.7,1.1,2.7,15,103,12,0.17,0.06,0.23,0.17,0.23,0.09,0.06,0.16,0.09,0.16,ESP-La Liga,2024,standard
ESP,MF,26-310,1998,18,8,769,8.5,3,0,3,3,0,0,1,0,0.9,0.9,1.2,2.2,14,40,29,0.35,0.0,0.35,0.35,0.35,0.11,0.14,0.25,0.11,0.25,ESP-La Liga,2024,standard
ESP,DF,21-347,2003,1,1,90,1.0,0,0,0,0,0,0,1,0,0.0,0.0,0.0,0.0,0,0,0,0.0,0.0,0.0,0.0,0.0,0.0,0.0,0.0,0.0,0.0,ESP-La Liga,2024,standard
ESP,DF,27-001,1998,26,22,1994,22.2,0,1,1,0,0,0,2,0,1.1,1.1,1.2,2.4,41,87,105,0.0,0.05,0.05,0.0,0.05,0.05,0.06,0.11,0.05,0.11,ESP-La Liga,2024,standard
ANG,FW,27-126,1997,22,14,972,10.8,3,0,3,3,0,0,6,0,2.6,2.6,0.5,3.1,9,6,33,0.28,0.0,0.28,0.28,0.28,0.24,0.04,0.29,0.24,0.29,ESP-La Liga,2024,standard
ESP,DF,30-176,1994,1,0,16,0.2,0,0,0,0,0,0,0,0,0.0,0.0,0.0,0.0,0,0,0,0.0,0.0,0.0,0.0,0.0,0.0,0.0,0.0,0.0,0.0,ESP-La Liga,2024,standard
ESP,FW,33-317,1991,12,1,313,3.5,0,0,0,0,0,0,1,0,2.4,2.4,0.1,2.5,1,2,17,0.0,0.0,0.0,0.0,0.0,0.68,0.03,0.72,0.68,0.72,ESP-La Liga,2024,standard
ESP,FW,24-060,2001,23,14,1134,12.6,3,2,5,3,0,0,2,0,4.1,4.1,2.0,6.1,20,27,68,0.24,0.16,0.4,0.24,0.4,0.32,0.16,0.48,0.32,0.48,ESP-La Liga,2024,standard
ESP,MF,29-163,1995,24,18,1311,14.6,3,1,4,3,0,0,7,1,1.4,1.4,0.6,2.0,12,85,31,0.21,0.07,0.27,0.21,0.27,0.09,0.04,0.14,0.09,0.14,ESP-La Liga,2024,standard
ESP,"FW,MF",32-166,1992,28,21,1921,21.3,3,5,8,3,0,0,4,0,5.5,5.5,4.1,9.6,56,56,184,0.14,0.23,0.37,0.14,0.37,0.26,0.19,0.45,0.26,0.45,ESP-La Liga,2024,standard
ARG,MF,36-350,1988,16,6,482,5.4,1,0,1,1,0,0,1,0,0.6,0.6,0.9,1.5,12,35,26,0.19,0.0,0.19,0.19,0.19,0.11,0.18,0.29,0.11,0.29,ESP-La Liga,2024,standard
ESP,MF,30-234,1994,27,14,1463,16.3,0,0,0,0,0,0,3,0,0.4,0.4,0.8,1.2,10,70,8,0.0,0.0,0.0,0.0,0.0,0.03,0.05,0.07,0.03,0.07,ESP-La Liga,2024,standard
UKR,GK,26-059,1999,5,5,450,5.0,0,1,1,0,0,0,0,0,0.0,0.0,0.9,0.9,0,0,0,0.0,0.2,0.2,0.0,0.2,0.0,0.19,0.19,0.0,0.19,ESP-La Liga,2024,standard
GER,DF,32-039,1993,27,24,2111,23.5,0,0,0,0,0,0,3,0,1.7,1.7,0.2,1.9,19,84,4,0.0,0.0,0.0,0.0,0.0,0.07,0.01,0.08,0.07,0.08,ESP-La Liga,2024,standard
TUR,"MF,FW",20-045,2005,20,7,715,7.9,1,3,4,1,0,0,1,0,1.9,1.9,2.3,4.3,18,54,58,0.13,0.38,0.5,0.13,0.5,0.24,0.29,0.54,0.24,0.54,ESP-La Liga,2024,standard
FRA,"DF,MF",25-074,2000,25,24,2094,23.3,0,0,0,0,0,0,3,0,1.2,1.2,0.5,1.7,16,131,8,0.0,0.0,0.0,0.0,0.0,0.05,0.02,0.07,0.05,0.07,ESP-La Liga,2024,standard
MAR,"FW,MF",25-251,1999,25,14,1161,12.9,4,2,6,4,0,0,0,0,4.5,4.5,2.5,7.0,30,60,87,0.31,0.16,0.47,0.31,0.47,0.35,0.19,0.55,0.35,0.55,ESP-La Liga,2024,standard
ESP,MF,19-351,2005,1,0,8,0.1,0,0,0,0,0,0,0,0,0.0,0.0,0.0,0.0,0,0,0,0.0,0.0,0.0,0.0,0.0,0.0,0.0,0.0,0.0,0.0,ESP-La Liga,2024,standard
ESP,DF,33-090,1992,8,7,609,6.8,1,0,1,1,0,0,1,0,1.3,1.3,0.2,1.5,13,27,48,0.15,0.0,0.15,0.15,0.15,0.19,0.03,0.22,0.19,0.22,ESP-La Liga,2024,standard
ESP,MF,28-247,1996,15,10,832,9.2,0,0,0,0,0,0,4,0,0.3,0.3,1.4,1.7,28,111,11,0.0,0.0,0.0,0.0,0.0,0.03,0.15,0.18,0.03,0.18,ESP-La Liga,2024,standard
ESP,FW,18-014,2007,1,0,2,0.0,0,0,0,0,0,0,0,0,0.0,0.0,0.0,0.0,0,0,0,0.0,0.0,0.0,0.0,0.0,0.0,0.0,0.0,0.0,0.0,ESP-La Liga,2024,standard
AUT,DF,32-291,1992,6,3,272,3.0,0,0,0,0,0,0,1,0,0.0,0.0,0.1,0.1,2,7,4,0.0,0.0,0.0,0.0,0.0,0.0,0.02,0.02,0.0,0.02,ESP-La Liga,2024,standard
FRA,"MF,DF",22-152,2002,16,9,877,9.7,0,2,2,0,0,0,1,0,0.1,0.1,0.5,0.6,18,54,18,0.0,0.21,0.21,0.0,0.21,0.01,0.05,0.07,0.01,0.07,ESP-La Liga,2024,standard
BRA,FW,18-264,2006,17,0,130,1.4,1,0,1,1,0,0,1,0,1.1,1.1,0.3,1.4,7,5,18,0.69,0.0,0.69,0.69,0.69,0.77,0.21,0.97,0.77,0.97,ESP-La Liga,2024,standard
URU,"MF,DF",26-263,1998,28,26,2313,25.7,5,3,8,5,0,0,3,0,1.9,1.9,2.5,4.5,50,172,52,0.19,0.12,0.31,0.19,0.31,0.07,0.1,0.17,0.07,0.17,ESP-La Liga,2024,standard
FRA,DF,29-307,1995,14,12,1005,11.2,0,1,1,0,0,0,1,1,0.0,0.0,0.5,0.5,12,36,40,0.0,0.09,0.09,0.0,0.09,0.0,0.05,0.05,0.0,0.05,ESP-La Liga,2024,standard
ESP,GK,19-291,2005,1,1,90,1.0,0,0,0,0,0,0,0,0,0.0,0.0,0.0,0.0,0,0,0,0.0,0.0,0.0,0.0,0.0,0.0,0.0,0.0,0.0,0.0,ESP-La Liga,2024,standard
ESP,DF,25-240,1999,24,17,1569,17.4,0,2,2,0,0,0,0,0,0.6,0.6,1.1,1.7,52,93,120,0.0,0.11,0.11,0.0,0.11,0.04,0.06,0.1,0.04,0.1,ESP-La Liga,2024,standard
ESP,DF,28-096,1997,1,0,11,0.1,0,0,0,0,0,0,0,0,0.0,0.0,0.0,0.0,0,0,0,0.0,0.0,0.0,0.0,0.0,0.0,0.0,0.0,0.0,0.0,ESP-La Liga,2024,standard
ENG,MF,21-286,2003,24,24,1983,22.0,8,7,15,7,1,2,3,1,8.9,7.3,3.5,10.8,58,165,113,0.36,0.32,0.68,0.32,0.64,0.4,0.16,0.56,0.33,0.49,ESP-La Liga,2024,standard
FRA,FW,26-112,1998,28,28,2420,26.9,22,3,25,16,6,7,3,0,19.9,14.4,6.5,20.9,121,118,322,0.82,0.11,0.93,0.6,0.71,0.74,0.24,0.98,0.54,0.78,ESP-La Liga,2024,standard
ESP,DF,22-204,2002,2,0,5,0.1,0,0,0,0,0,0,0,0,0.0,0.0,0.0,0.0,0,0,0,0.0,0.0,0.0,0.0,0.0,0.0,0.0,0.0,0.0,0.0,ESP-La Liga,2024,standard
ESP,DF,33-284,1991,25,20,1738,19.3,1,4,5,1,0,0,3,0,1.3,1.3,4.2,5.6,32,88,170,0.05,0.21,0.26,0.05,0.26,0.07,0.22,0.29,0.07,0.29,ESP-La Liga,2024,standard
CRO,MF,39-214,1985,29,13,1422,15.8,2,4,6,2,0,0,7,0,1.4,1.4,5.5,6.9,43,143,40,0.13,0.25,0.38,0.13,0.38,0.09,0.35,0.44,0.09,0.44,ESP-La Liga,2024,standard
ESP,DF,22-057,2003,16,11,1099,12.2,0,1,1,0,0,0,1,0,0.1,0.1,0.5,0.6,4,18,4,0.0,0.08,0.08,0.0,0.08,0.01,0.04,0.05,0.01,0.05,ESP-La Liga,2024,standard
BRA,"FW,MF",24-092,2001,27,20,1772,19.7,6,5,11,6,0,0,0,0,3.9,3.7,3.0,6.7,103,104,234,0.3,0.25,0.56,0.3,0.56,0.2,0.15,0.35,0.19,0.34,ESP-La Liga,2024,standard
BEL,GK,32-335,1992,24,24,2160,24.0,0,0,0,0,0,0,0,0,0.0,0.0,0.0,0.0,0,0,0,0.0,0.0,0.0,0.0,0.0,0.0,0.0,0.0,0.0,0.0,ESP-La Liga,2024,standard
BRA,FW,24-273,2000,24,20,1849,20.5,11,5,16,9,2,3,7,1,9.6,7.5,5.6,13.1,139,69,223,0.54,0.24,0.78,0.44,0.68,0.47,0.27,0.74,0.36,0.64,ESP-La Liga,2024,standard
BRA,DF,27-083,1998,12,11,938,10.4,1,1,2,1,0,0,2,0,0.6,0.6,0.5,1.1,7,46,1,0.1,0.1,0.19,0.1,0.19,0.06,0.05,0.11,0.06,0.11,ESP-La Liga,2024,standard
ESP,DF,27-238,1997,16,8,688,7.6,0,0,0,0,0,0,4,0,0.1,0.1,0.1,0.2,14,24,9,0.0,0.0,0.0,0.0,0.0,0.01,0.02,0.02,0.01,0.02,ESP-La Liga,2024,standard
ESP,"MF,FW",23-105,2001,24,11,1029,11.4,1,3,4,1,0,0,5,0,1.5,1.5,1.8,3.3,37,43,123,0.09,0.26,0.35,0.09,0.35,0.13,0.16,0.29,0.13,0.29,ESP-La Liga,2024,standard
ESP,DF,31-014,1994,16,11,981,10.9,0,0,0,0,0,0,0,1,0.4,0.4,0.2,0.6,12,34,3,0.0,0.0,0.0,0.0,0.0,0.04,0.01,0.05,0.04,0.05,ESP-La Liga,2024,standard
ESP,"MF,FW",20-006,2005,3,0,78,0.9,1,0,1,1,0,0,0,0,0.3,0.3,0.0,0.4,1,2,2,1.15,0.0,1.15,1.15,1.15,0.37,0.05,0.42,0.37,0.42,ESP-La Liga,2024,standard
RUS,"MF,FW",21-320,2003,3,1,73,0.8,1,0,1,1,0,0,0,0,0.2,0.2,0.1,0.3,0,3,4,1.23,0.0,1.23,1.23,1.23,0.24,0.12,0.36,0.24,0.36,ESP-La Liga,2024,standard
ESP,MF,23-070,2002,17,9,748,8.3,0,0,0,0,0,0,4,0,0.4,0.4,0.2,0.6,15,34,26,0.0,0.0,0.0,0.0,0.0,0.05,0.02,0.07,0.05,0.07,ESP-La Liga,2024,standard
ESP,MF,28-094,1997,21,15,1259,14.0,3,1,4,3,0,0,4,0,2.8,2.8,1.7,4.5,24,74,74,0.21,0.07,0.29,0.21,0.29,0.2,0.12,0.32,0.2,0.32,ESP-La Liga,2024,standard
ESP,MF,18-293,2006,1,0,10,0.1,0,0,0,0,0,0,0,0,0.0,0.0,0.0,0.0,0,0,0,0.0,0.0,0.0,0.0,0.0,0.0,0.0,0.0,0.0,0.0,ESP-La Liga,2024,standard
MLI,DF,33-074,1992,7,5,440,4.9,0,1,1,0,0,0,1,0,0.0,0.0,0.2,0.2,8,20,11,0.0,0.2,0.2,0.0,0.2,0.01,0.03,0.04,0.01,0.04,ESP-La Liga,2024,standard
ESP,DF,28-012,1997,25,25,2044,22.7,0,0,0,0,0,0,6,1,0.4,0.4,0.4,0.8,19,91,3,0.0,0.0,0.0,0.0,0.0,0.02,0.02,0.04,0.02,0.04,ESP-La Liga,2024,standard
ESP,DF,23-017,2002,24,18,1636,18.2,0,0,0,0,0,0,4,0,0.1,0.1,0.4,0.5,30,60,51,0.0,0.0,0.0,0.0,0.0,0.01,0.02,0.03,0.01,0.03,ESP-La Liga,2024,standard
VEN,DF,22-262,2002,27,24,2026,22.5,1,1,2,1,0,0,7,0,0.4,0.4,0.9,1.3,22,84,35,0.04,0.04,0.09,0.04,0.09,0.02,0.04,0.06,0.02,0.06,ESP-La Liga,2024,standard
ESP,MF,24-272,2000,2,0,7,0.1,0,0,0,0,0,0,0,0,0.0,0.0,0.0,0.0,0,1,0,0.0,0.0,0.0,0.0,0.0,0.0,0.0,0.0,0.0,0.0,ESP-La Liga,2024,standard
ESP,DF,19-100,2006,7,0,364,4.0,0,1,1,0,0,0,2,0,0.4,0.4,0.1,0.5,0,7,0,0.0,0.25,0.25,0.0,0.25,0.11,0.01,0.12,0.11,0.12,ESP-La Liga,2024,standard
ESP,DF,24-093,2001,11,7,629,7.0,0,0,0,0,0,0,3,0,0.1,0.1,0.0,0.1,11,20,0,0.0,0.0,0.0,0.0,0.0,0.01,0.0,0.01,0.01,0.01,ESP-La Liga,2024,standard
CRO,MF,22-215,2002,21,17,1448,16.1,1,1,2,1,0,0,2,0,2.7,2.7,1.7,4.4,26,69,41,0.06,0.06,0.12,0.06,0.12,0.17,0.1,0.27,0.17,0.27,ESP-La Liga,2024,standard
ESP,DF,20-285,2004,1,0,8,0.1,0,0,0,0,0,0,0,0,0.0,0.0,0.0,0.0,0,0,0,0.0,0.0,0.0,0.0,0.0,0.0,0.0,0.0,0.0,0.0,ESP-La Liga,2024,standard
ESP,MF,26-068,1999,29,27,2419,26.9,2,1,3,2,0,0,4,0,1.8,1.8,0.9,2.7,30,163,38,0.07,0.04,0.11,0.07,0.11,0.07,0.03,0.1,0.07,0.1,ESP-La Liga,2024,standard
ESP,FW,27-355,1997,27,21,1649,18.3,6,2,8,4,2,2,3,1,6.1,4.5,2.3,6.8,24,23,100,0.33,0.11,0.44,0.22,0.33,0.33,0.13,0.46,0.25,0.37,ESP-La Liga,2024,standard
MAR,DF,29-012,1996,20,20,1670,18.6,0,0,0,0,0,0,5,0,2.4,2.4,0.1,2.5,26,71,1,0.0,0.0,0.0,0.0,0.0,0.13,0.01,0.14,0.13,0.14,ESP-La Liga,2024,standard
ESP,MF,24-238,2000,18,7,754,8.4,1,1,2,1,0,0,2,0,0.9,0.9,0.8,1.7,11,35,38,0.12,0.12,0.24,0.12,0.24,0.11,0.09,0.2,0.11,0.2,ESP-La Liga,2024,standard
ISL,FW,20-225,2004,21,9,883,9.8,3,0,3,3,0,0,0,0,5.2,5.2,0.2,5.4,5,8,48,0.31,0.0,0.31,0.31,0.31,0.53,0.02,0.55,0.53,0.55,ESP-La Liga,2024,standard
ESP,MF,21-282,2003,15,6,624,6.9,0,2,2,0,0,0,2,0,0.6,0.6,0.7,1.3,7,19,30,0.0,0.29,0.29,0.0,0.29,0.08,0.11,0.19,0.08,0.19,ESP-La Liga,2024,standard
ESP,"MF,DF",24-219,2000,29,26,2267,25.2,2,5,7,2,0,0,3,0,1.3,1.3,7.3,8.6,37,85,128,0.08,0.2,0.28,0.08,0.28,0.05,0.29,0.34,0.05,0.34,ESP-La Liga,2024,standard
SUR,"FW,MF",30-061,1995,20,11,971,10.8,2,1,3,2,0,0,1,1,2.0,2.0,2.0,4.0,49,23,105,0.19,0.09,0.28,0.19,0.28,0.19,0.18,0.37,0.19,0.37,ESP-La Liga,2024,standard
JPN,"MF,FW",23-311,2001,28,19,1757,19.5,5,0,5,5,0,0,5,0,3.1,3.1,3.5,6.6,108,78,179,0.26,0.0,0.26,0.26,0.26,0.16,0.18,0.34,0.16,0.34,ESP-La Liga,2024,standard
NGA,FW,28-068,1997,7,2,227,2.5,0,0,0,0,0,0,1,0,0.2,0.2,0.2,0.4,5,5,18,0.0,0.0,0.0,0.0,0.0,0.09,0.06,0.15,0.09,0.15,ESP-La Liga,2024,standard
ESP,GK,23-184,2001,1,1,90,1.0,0,0,0,0,0,0,0,0,0.0,0.0,0.0,0.0,0,0,0,0.0,0.0,0.0,0.0,0.0,0.0,0.0,0.0,0.0,0.0,ESP-La Liga,2024,standard
ESP,MF,24-022,2001,1,1,45,0.5,0,0,0,0,0,0,1,0,0.0,0.0,0.0,0.0,0,1,0,0.0,0.0,0.0,0.0,0.0,0.0,0.0,0.0,0.0,0.0,ESP-La Liga,2024,standard
ESP,GK,30-018,1995,29,29,2610,29.0,0,0,0,0,0,0,0,0,0.0,0.0,0.0,0.0,0,1,0,0.0,0.0,0.0,0.0,0.0,0.0,0.0,0.0,0.0,0.0,ESP-La Liga,2024,standard
ESP,DF,29-118,1995,2,0,43,0.5,0,0,0,0,0,0,1,0,0.0,0.0,0.0,0.0,0,3,0,0.0,0.0,0.0,0.0,0.0,0.0,0.0,0.0,0.0,0.0,ESP-La Liga,2024,standard
ESP,DF,26-333,1998,24,22,1835,20.4,1,1,2,1,0,0,6,0,0.5,0.5,0.8,1.3,33,68,78,0.05,0.05,0.1,0.05,0.1,0.02,0.04,0.06,0.02,0.06,ESP-La Liga,2024,standard
NGA,FW,25-072,2000,4,1,134,1.5,0,0,0,0,0,0,0,0,0.4,0.4,0.0,0.4,0,5,5,0.0,0.0,0.0,0.0,0.0,0.29,0.0,0.29,0.29,0.29,ESP-La Liga,2024,standard
BEL,MF,25-171,1999,19,14,1335,14.8,0,2,2,0,0,0,4,0,0.4,0.4,0.7,1.2,22,82,18,0.0,0.13,0.13,0.0,0.13,0.03,0.05,0.08,0.03,0.08,ESP-La Liga,2024,standard
ESP,DF,23-072,2002,28,28,2420,26.9,0,0,0,0,0,0,7,0,0.4,0.4,1.3,1.7,29,93,32,0.0,0.0,0.0,0.0,0.0,0.01,0.05,0.06,0.01,0.06,ESP-La Liga,2024,standard
NGA,FW,27-099,1998,20,8,879,9.8,2,1,3,2,0,0,0,0,1.1,1.1,1.6,2.7,72,34,90,0.2,0.1,0.31,0.2,0.31,0.11,0.16,0.27,0.11,0.27,ESP-La Liga,2024,standard
ESP,DF,22-089,2003,1,0,5,0.1,0,0,0,0,0,0,1,0,0.0,0.0,0.0,0.0,0,0,0,0.0,0.0,0.0,0.0,0.0,0.0,0.0,0.0,0.0,0.0,ESP-La Liga,2024,standard
SUI,MF,28-064,1997,24,19,1663,18.5,1,1,2,1,0,0,5,0,2.0,2.0,0.8,2.8,19,86,37,0.05,0.05,0.11,0.05,0.11,0.11,0.05,0.15,0.11,0.15,ESP-La Liga,2024,standard
BEL,FW,27-199,1997,30,29,2521,28.0,11,2,13,10,1,1,2,0,7.8,7.0,3.3,10.3,115,74,196,0.39,0.07,0.46,0.36,0.43,0.28,0.12,0.4,0.25,0.37,ESP-La Liga,2024,standard
ARG,"DF,MF",28-100,1997,6,1,113,1.3,0,0,0,0,0,0,1,0,0.0,0.0,0.0,0.0,3,2,3,0.0,0.0,0.0,0.0,0.0,0.02,0.0,0.02,0.02,0.02,ESP-La Liga,2024,standard
ESP,FW,24-328,2000,26,24,1949,21.7,3,2,5,3,0,1,8,0,5.2,4.4,2.0,6.4,19,22,85,0.14,0.09,0.23,0.14,0.23,0.24,0.09,0.33,0.2,0.3,ESP-La Liga,2024,standard
ESP,FW,21-339,2003,1,0,18,0.2,0,0,0,0,0,0,0,0,0.0,0.0,0.0,0.0,0,0,0,0.0,0.0,0.0,0.0,0.0,0.0,0.0,0.0,0.0,0.0,ESP-La Liga,2024,standard
ESP,"FW,MF",39-141,1985,15,3,424,4.7,1,0,1,1,0,0,0,0,0.5,0.5,0.5,1.0,13,23,48,0.21,0.0,0.21,0.21,0.21,0.11,0.11,0.22,0.11,0.22,ESP-La Liga,2024,standard
ESP,"MF,DF",21-239,2003,24,13,1236,13.7,4,3,7,4,0,0,4,1,1.8,1.8,1.2,3.0,24,40,48,0.29,0.22,0.51,0.29,0.51,0.13,0.09,0.22,0.13,0.22,ESP-La Liga,2024,standard
NGA,FW,28-190,1996,9,5,400,4.4,0,0,0,0,0,0,0,0,1.5,1.5,0.3,1.8,6,5,17,0.0,0.0,0.0,0.0,0.0,0.33,0.07,0.41,0.33,0.41,ESP-La Liga,2024,standard
ESP,DF,22-353,2002,24,18,1655,18.4,1,2,3,1,0,0,4,0,1.0,1.0,0.6,1.6,5,48,13,0.05,0.11,0.16,0.05,0.16,0.05,0.03,0.09,0.05,0.09,ESP-La Liga,2024,standard
PUR,FW,22-088,2003,1,0,11,0.1,0,0,0,0,0,0,0,0,0.0,0.0,0.0,0.0,0,0,1,0.0,0.0,0.0,0.0,0.0,0.0,0.22,0.22,0.0,0.22,ESP-La Liga,2024,standard
FRA,DF,25-000,2000,25,24,2181,24.2,1,1,2,1,0,0,6,0,0.6,0.6,0.6,1.3,8,43,4,0.04,0.04,0.08,0.04,0.08,0.03,0.03,0.05,0.03,0.05,ESP-La Liga,2024,standard
ARG,FW,30-274,1994,2,2,175,1.9,0,1,1,0,0,0,0,0,0.2,0.2,0.3,0.5,5,7,20,0.0,0.51,0.51,0.0,0.51,0.08,0.17,0.25,0.08,0.25,ESP-La Liga,2024,standard
FRA,MF,23-061,2002,27,16,1425,15.8,1,0,1,1,0,0,4,1,0.4,0.4,1.0,1.4,17,71,14,0.06,0.0,0.06,0.06,0.06,0.03,0.07,0.09,0.03,0.09,ESP-La Liga,2024,standard
ESP,MF,20-258,2004,6,1,104,1.2,1,0,1,1,0,0,0,0,0.1,0.1,0.0,0.1,2,3,4,0.87,0.0,0.87,0.87,0.87,0.11,0.0,0.11,0.11,0.11,ESP-La Liga,2024,standard
BRA,DF,28-310,1996,11,5,462,5.1,0,0,0,0,0,0,6,1,0.0,0.0,0.0,0.0,0,17,0,0.0,0.0,0.0,0.0,0.0,0.0,0.0,0.0,0.0,0.0,ESP-La Liga,2024,standard
ESP,FW,22-011,2003,1,0,11,0.1,0,0,0,0,0,0,0,0,0.0,0.0,0.0,0.0,0,0,0,0.0,0.0,0.0,0.0,0.0,0.0,0.0,0.0,0.0,0.0,ESP-La Liga,2024,standard
SRB,"DF,MF",33-146,1991,24,22,1988,22.1,0,1,1,0,0,0,4,0,0.5,0.5,0.6,1.1,10,47,5,0.0,0.05,0.05,0.0,0.05,0.02,0.03,0.05,0.02,0.05,ESP-La Liga,2024,standard
ESP,"FW,MF",22-189,2002,19,10,813,9.0,0,1,1,0,0,0,1,0,1.4,1.4,1.2,2.6,9,22,28,0.0,0.11,0.11,0.0,0.11,0.16,0.13,0.28,0.16,0.28,ESP-La Liga,2024,standard
ESP,DF,22-171,2002,1,0,6,0.1,0,0,0,0,0,0,0,0,0.0,0.0,0.0,0.0,0,0,0,0.0,0.0,0.0,0.0,0.0,0.0,0.0,0.0,0.0,0.0,ESP-La Liga,2024,standard
SUI,"FW,MF",26-249,1998,11,9,671,7.5,2,1,3,2,0,0,0,0,2.0,2.0,0.8,2.7,29,14,63,0.27,0.13,0.4,0.27,0.4,0.26,0.1,0.37,0.26,0.37,ESP-La Liga,2024,standard
ESP,MF,30-141,1994,18,14,1240,13.8,1,6,7,1,0,0,7,1,2.2,2.2,2.4,4.7,12,50,35,0.07,0.44,0.51,0.07,0.51,0.16,0.18,0.34,0.16,0.34,ESP-La Liga,2024,standard
BEL,"FW,MF",19-286,2005,13,3,259,2.9,1,1,2,1,0,0,0,0,0.6,0.6,0.7,1.3,9,8,18,0.35,0.35,0.69,0.35,0.69,0.22,0.25,0.46,0.22,0.46,ESP-La Liga,2024,standard
ESP,"FW,MF",31-143,1993,9,0,180,2.0,0,0,0,0,0,0,1,0,0.2,0.2,0.4,0.6,7,14,17,0.0,0.0,0.0,0.0,0.0,0.12,0.19,0.31,0.12,0.31,ESP-La Liga,2024,standard
FRA,DF,22-308,2002,6,6,518,5.8,0,0,0,0,0,0,3,1,0.2,0.2,0.0,0.2,4,10,0,0.0,0.0,0.0,0.0,0.0,0.03,0.0,0.03,0.03,0.03,ESP-La Liga,2024,standard
ARG,"DF,FW",20-262,2004,7,3,288,3.2,0,0,0,0,0,0,0,0,0.3,0.3,0.6,0.9,4,13,13,0.0,0.0,0.0,0.0,0.0,0.09,0.2,0.28,0.09,0.28,ESP-La Liga,2024,standard
ESP,GK,26-363,1998,8,7,657,7.3,0,0,0,0,0,0,2,0,0.0,0.0,0.1,0.1,0,0,0,0.0,0.0,0.0,0.0,0.0,0.0,0.02,0.02,0.0,0.02,ESP-La Liga,2024,standard
ESP,FW,23-100,2002,2,0,62,0.7,0,0,0,0,0,0,1,0,0.0,0.0,0.0,0.0,1,0,2,0.0,0.0,0.0,0.0,0.0,0.0,0.0,0.0,0.0,0.0,ESP-La Liga,2024,standard
NOR,GK,34-213,1990,23,23,2043,22.7,0,0,0,0,0,0,2,0,0.0,0.0,0.2,0.2,0,1,0,0.0,0.0,0.0,0.0,0.0,0.0,0.01,0.01,0.0,0.01,ESP-La Liga,2024,standard
ESP,FW,23-274,2001,1,0,7,0.1,0,0,0,0,0,0,0,0,0.0,0.0,0.0,0.0,0,1,2,0.0,0.0,0.0,0.0,0.0,0.0,0.0,0.0,0.0,0.0,ESP-La Liga,2024,standard
ESP,DF,20-288,2004,29,29,2599,28.9,1,0,1,1,0,0,6,0,0.4,0.4,0.0,0.4,27,92,5,0.03,0.0,0.03,0.03,0.03,0.01,0.0,0.01,0.01,0.01,ESP-La Liga,2024,standard
ESP,DF,23-044,2002,27,27,2396,26.6,2,0,2,2,0,0,4,0,1.7,1.7,0.1,1.8,19,63,1,0.08,0.0,0.08,0.08,0.08,0.06,0.0,0.07,0.06,0.07,ESP-La Liga,2024,standard
ESP,FW,26-255,1998,14,5,532,5.9,2,0,2,2,0,0,0,0,2.7,2.7,0.0,2.7,3,6,24,0.34,0.0,0.34,0.34,0.34,0.46,0.01,0.46,0.46,0.46,ESP-La Liga,2024,standard
ESP,MF,17-177,2007,1,0,14,0.2,0,0,0,0,0,0,0,0,0.0,0.0,0.0,0.0,1,0,0,0.0,0.0,0.0,0.0,0.0,0.0,0.0,0.0,0.0,0.0,ESP-La Liga,2024,standard
ESP,"MF,FW",22-333,2002,30,27,2165,24.1,7,4,11,7,0,0,2,0,5.3,5.3,3.9,9.2,63,67,166,0.29,0.17,0.46,0.29,0.46,0.22,0.16,0.38,0.22,0.38,ESP-La Liga,2024,standard
FRA,DF,32-019,1993,27,20,1882,20.9,0,1,1,0,0,0,5,0,0.4,0.4,1.3,1.7,43,79,57,0.0,0.05,0.05,0.0,0.05,0.02,0.06,0.08,0.02,0.08,ESP-La Liga,2024,standard
POR,"MF,FW",24-316,2000,27,18,1543,17.1,0,3,3,0,0,0,1,0,0.7,0.7,2.2,2.9,35,108,59,0.0,0.17,0.17,0.0,0.17,0.04,0.13,0.17,0.04,0.17,ESP-La Liga,2024,standard
ARG,MF,23-324,2001,23,20,1663,18.5,1,2,3,1,0,0,6,0,1.1,1.1,0.8,1.9,18,92,12,0.05,0.11,0.16,0.05,0.16,0.06,0.04,0.1,0.06,0.1,ESP-La Liga,2024,standard
ESP,"FW,MF",22-214,2002,18,3,406,4.5,0,0,0,0,0,0,1,0,0.1,0.1,2.1,2.2,15,10,53,0.0,0.0,0.0,0.0,0.0,0.03,0.47,0.5,0.03,0.5,ESP-La Liga,2024,standard
ESP,MF,23-026,2002,8,1,148,1.6,0,0,0,0,0,0,0,0,0.1,0.1,0.0,0.2,1,2,10,0.0,0.0,0.0,0.0,0.0,0.08,0.01,0.09,0.08,0.09,ESP-La Liga,2024,standard
GEO,GK,24-194,2000,26,26,2340,26.0,0,0,0,0,0,0,1,0,0.0,0.0,0.1,0.1,1,0,0,0.0,0.0,0.0,0.0,0.0,0.0,0.0,0.0,0.0,0.0,ESP-La Liga,2024,standard
ESP,FW,25-152,1999,23,20,1713,19.0,8,2,10,8,0,0,3,0,6.7,6.6,1.2,7.8,11,23,69,0.42,0.11,0.53,0.42,0.53,0.35,0.06,0.41,0.35,0.41,ESP-La Liga,2024,standard
ESP,MF,25-070,2000,12,4,364,4.0,0,0,0,0,0,0,2,0,0.1,0.1,0.0,0.1,0,15,5,0.0,0.0,0.0,0.0,0.0,0.02,0.01,0.03,0.02,0.03,ESP-La Liga,2024,standard
ESP,DF,19-151,2005,2,0,15,0.2,0,0,0,0,0,0,0,0,0.0,0.0,0.1,0.1,0,1,1,0.0,0.0,0.0,0.0,0.0,0.0,0.45,0.45,0.0,0.45,ESP-La Liga,2024,standard
ESP,MF,24-197,2000,5,2,192,2.1,0,0,0,0,0,0,0,0,0.4,0.4,0.3,0.7,6,11,12,0.0,0.0,0.0,0.0,0.0,0.19,0.14,0.32,0.19,0.32,ESP-La Liga,2024,standard
ESP,MF,22-100,2003,29,24,1978,22.0,1,3,4,1,0,0,2,0,1.5,1.5,2.9,4.4,36,104,65,0.05,0.14,0.18,0.05,0.18,0.07,0.13,0.2,0.07,0.2,ESP-La Liga,2024,standard
ESP,DF,22-099,2003,15,9,775,8.6,0,0,0,0,0,0,3,0,0.1,0.1,0.2,0.4,29,19,44,0.0,0.0,0.0,0.0,0.0,0.02,0.03,0.04,0.02,0.04,ESP-La Liga,2024,standard
ESP,MF,26-243,1998,27,15,1436,16.0,1,2,3,0,1,1,8,1,1.3,0.5,1.8,2.3,9,124,15,0.06,0.13,0.19,0.0,0.13,0.08,0.11,0.19,0.03,0.14,ESP-La Liga,2024,standard
ESP,DF,29-321,1995,16,15,1236,13.7,0,1,1,0,0,0,5,0,0.6,0.6,2.1,2.7,20,44,113,0.0,0.07,0.07,0.0,0.07,0.04,0.15,0.2,0.04,0.2,ESP-La Liga,2024,standard
ESP,"MF,FW",31-177,1993,28,26,2259,25.1,5,2,7,3,2,2,5,0,3.2,1.6,3.3,4.8,71,65,172,0.2,0.08,0.28,0.12,0.2,0.13,0.13,0.26,0.06,0.19,ESP-La Liga,2024,standard
ESP,"MF,DF",20-364,2004,4,0,49,0.5,0,0,0,0,0,0,0,0,0.1,0.1,0.0,0.1,0,4,6,0.0,0.0,0.0,0.0,0.0,0.16,0.05,0.21,0.16,0.21,ESP-La Liga,2024,standard
ENG,"DF,MF",25-097,2000,2,1,104,1.2,0,0,0,0,0,0,1,0,0.0,0.0,0.0,0.0,0,4,8,0.0,0.0,0.0,0.0,0.0,0.0,0.02,0.02,0.0,0.02,ESP-La Liga,2024,standard
BEL,DF,28-054,1997,1,1,90,1.0,0,0,0,0,0,0,0,0,0.0,0.0,0.0,0.0,0,1,0,0.0,0.0,0.0,0.0,0.0,0.0,0.0,0.0,0.0,0.0,ESP-La Liga,2024,standard
GUI,DF,28-113,1996,7,3,272,3.0,2,0,2,2,0,0,0,0,0.7,0.7,0.0,0.7,0,7,0,0.66,0.0,0.66,0.66,0.66,0.23,0.01,0.24,0.23,0.24,ESP-La Liga,2024,standard
ESP,"FW,MF",27-297,1997,12,3,435,4.8,0,2,2,0,0,0,2,0,2.0,2.0,0.7,2.7,4,7,11,0.0,0.41,0.41,0.0,0.41,0.41,0.14,0.55,0.41,0.55,ESP-La Liga,2024,standard
ESP,DF,21-334,2003,1,1,65,0.7,0,0,0,0,0,0,1,0,0.1,0.1,0.0,0.1,3,2,3,0.0,0.0,0.0,0.0,0.0,0.1,0.0,0.1,0.1,0.1,ESP-La Liga,2024,standard
ESP,"MF,FW",28-068,1997,16,2,363,4.0,0,1,1,0,0,0,3,0,0.5,0.5,0.2,0.7,7,9,45,0.0,0.25,0.25,0.0,0.25,0.12,0.05,0.17,0.12,0.17,ESP-La Liga,2024,standard
MKD,GK,31-107,1993,4,4,360,4.0,0,0,0,0,0,0,1,0,0.0,0.0,0.0,0.0,0,0,0,0.0,0.0,0.0,0.0,0.0,0.0,0.0,0.0,0.0,0.0,ESP-La Liga,2024,standard
POR,DF,26-033,1999,11,9,768,8.5,0,0,0,0,0,0,1,0,0.3,0.3,0.3,0.6,16,44,48,0.0,0.0,0.0,0.0,0.0,0.04,0.04,0.08,0.04,0.08,ESP-La Liga,2024,standard
NGA,FW,28-068,1997,10,6,569,6.3,4,0,4,4,0,0,3,0,2.3,2.3,0.5,2.8,8,6,32,0.63,0.0,0.63,0.63,0.63,0.37,0.07,0.44,0.37,0.44,ESP-La Liga,2024,standard
ESP,DF,20-089,2005,14,9,940,10.4,0,0,0,0,0,0,1,0,1.1,1.1,0.1,1.2,9,37,0,0.0,0.0,0.0,0.0,0.0,0.11,0.01,0.12,0.11,0.12,ESP-La Liga,2024,standard
MAR,DF,18-313,2006,7,6,463,5.1,0,0,0,0,0,0,1,0,0.1,0.1,0.0,0.1,7,13,19,0.0,0.0,0.0,0.0,0.0,0.02,0.01,0.02,0.02,0.02,ESP-La Liga,2024,standard
ESP,FW,18-038,2007,3,0,12,0.1,0,0,0,0,0,0,0,0,0.0,0.0,0.0,0.0,0,1,0,0.0,0.0,0.0,0.0,0.0,0.0,0.0,0.0,0.0,0.0,ESP-La Liga,2024,standard
SEN,"FW,DF",28-269,1996,9,5,316,3.5,0,1,1,0,0,0,1,0,0.4,0.4,0.2,0.6,7,11,21,0.0,0.28,0.28,0.0,0.28,0.1,0.06,0.16,0.1,0.16,ESP-La Liga,2024,standard
POR,GK,28-317,1996,1,1,90,1.0,0,0,0,0,0,0,0,0,0.0,0.0,0.0,0.0,0,0,0,0.0,0.0,0.0,0.0,0.0,0.0,0.0,0.0,0.0,0.0,ESP-La Liga,2024,standard
ITA,DF,24-349,2000,6,6,448,5.0,0,0,0,0,0,0,0,0,0.0,0.0,0.4,0.4,8,14,18,0.0,0.0,0.0,0.0,0.0,0.01,0.08,0.09,0.01,0.09,ESP-La Liga,2024,standard
MAR,"MF,FW",30-086,1995,19,15,1293,14.4,2,0,2,2,0,0,5,0,1.5,1.5,0.5,2.0,19,20,47,0.14,0.0,0.14,0.14,0.14,0.1,0.04,0.14,0.1,0.14,ESP-La Liga,2024,standard
ESP,GK,21-349,2003,1,1,90,1.0,0,0,0,0,0,0,0,0,0.0,0.0,0.0,0.0,0,0,0,0.0,0.0,0.0,0.0,0.0,0.0,0.0,0.0,0.0,0.0,ESP-La Liga,2024,standard
TUR,DF,24-187,2000,6,4,352,3.9,0,0,0,0,0,0,0,0,0.1,0.1,0.0,0.1,2,5,0,0.0,0.0,0.0,0.0,0.0,0.01,0.0,0.01,0.01,0.01,ESP-La Liga,2024,standard
ESP,"MF,FW",20-347,2004,12,4,406,4.5,0,0,0,0,0,0,1,0,0.4,0.4,0.5,0.9,2,7,11,0.0,0.0,0.0,0.0,0.0,0.09,0.11,0.2,0.09,0.2,ESP-La Liga,2024,standard
VEN,"FW,MF",32-063,1993,14,5,474,5.3,0,1,1,0,0,0,0,0,0.8,0.8,0.5,1.3,10,16,24,0.0,0.19,0.19,0.0,0.19,0.15,0.09,0.24,0.15,0.24,ESP-La Liga,2024,standard
ESP,DF,22-037,2003,18,15,1387,15.4,0,0,0,0,0,0,5,0,0.3,0.3,0.0,0.3,11,37,3,0.0,0.0,0.0,0.0,0.0,0.02,0.0,0.02,0.02,0.02,ESP-La Liga,2024,standard
CMR,DF,23-186,2001,3,3,270,3.0,0,0,0,0,0,0,0,0,0.1,0.1,0.0,0.1,1,7,0,0.0,0.0,0.0,0.0,0.0,0.02,0.0,0.02,0.02,0.02,ESP-La Liga,2024,standard
SUI,"DF,MF",27-066,1998,20,16,1338,14.9,0,0,0,0,0,0,6,0,0.5,0.5,0.0,0.5,7,37,4,0.0,0.0,0.0,0.0,0.0,0.04,0.0,0.04,0.04,0.04,ESP-La Liga,2024,standard
AUT,MF,29-247,1995,7,4,335,3.7,0,0,0,0,0,0,1,0,0.1,0.1,0.6,0.7,5,29,3,0.0,0.0,0.0,0.0,0.0,0.02,0.16,0.18,0.02,0.18,ESP-La Liga,2024,standard
BRA,DF,30-351,1994,1,0,45,0.5,0,0,0,0,0,0,0,0,0.0,0.0,0.0,0.0,0,0,1,0.0,0.0,0.0,0.0,0.0,0.0,0.0,0.0,0.0,0.0,ESP-La Liga,2024,standard
ESP,"MF,FW",32-200,1992,25,10,1104,12.3,1,1,2,1,0,0,4,0,0.5,0.5,1.7,2.3,46,58,70,0.08,0.08,0.16,0.08,0.16,0.04,0.14,0.19,0.04,0.19,ESP-La Liga,2024,standard
ESP,DF,28-028,1997,22,22,1839,20.4,1,0,1,1,0,0,5,0,0.4,0.4,0.3,0.7,4,25,4,0.05,0.0,0.05,0.05,0.05,0.02,0.01,0.03,0.02,0.03,ESP-La Liga,2024,standard
GHA,DF,29-194,1995,4,3,275,3.1,0,0,0,0,0,0,0,0,0.0,0.0,0.0,0.0,0,3,0,0.0,0.0,0.0,0.0,0.0,0.0,0.0,0.0,0.0,0.0,ESP-La Liga,2024,standard
ESP,FW,24-019,2001,21,8,880,9.8,3,0,3,3,0,0,6,1,2.9,2.9,0.4,3.3,2,10,28,0.31,0.0,0.31,0.31,0.31,0.3,0.04,0.34,0.3,0.34,ESP-La Liga,2024,standard
SLE,DF,19-000,2006,12,10,864,9.6,0,0,0,0,0,0,1,0,0.3,0.3,0.0,0.3,0,13,1,0.0,0.0,0.0,0.0,0.0,0.03,0.0,0.03,0.03,0.03,ESP-La Liga,2024,standard
EST,GK,22-363,2002,28,28,2520,28.0,0,0,0,0,0,0,0,0,0.0,0.0,0.0,0.0,0,0,0,0.0,0.0,0.0,0.0,0.0,0.0,0.0,0.0,0.0,0.0,ESP-La Liga,2024,standard
BRA,"MF,FW",29-062,1996,2,0,9,0.1,0,0,0,0,0,0,0,0,0.0,0.0,0.0,0.0,1,0,2,0.0,0.0,0.0,0.0,0.0,0.29,0.0,0.29,0.29,0.29,ESP-La Liga,2024,standard
ESP,MF,28-056,1997,19,14,1191,13.2,2,0,2,2,0,0,6,0,2.1,2.1,1.0,3.1,19,67,28,0.15,0.0,0.15,0.15,0.15,0.16,0.08,0.24,0.16,0.24,ESP-La Liga,2024,standard
BRA,DF,25-008,2000,21,21,1890,21.0,0,1,1,0,0,0,6,0,0.9,0.9,2.0,2.8,31,50,74,0.0,0.05,0.05,0.0,0.05,0.04,0.09,0.13,0.04,0.13,ESP-La Liga,2024,standard
ESP,DF,30-066,1995,27,26,2333,25.9,0,0,0,0,0,0,2,0,0.1,0.1,1.8,1.9,38,79,108,0.0,0.0,0.0,0.0,0.0,0.0,0.07,0.07,0.0,0.07,ESP-La Liga,2024,standard
SEN,"FW,MF",31-022,1994,23,14,1269,14.1,3,1,4,1,2,2,4,0,3.6,2.0,1.5,3.5,15,17,40,0.21,0.07,0.28,0.07,0.14,0.25,0.11,0.36,0.14,0.25,ESP-La Liga,2024,standard
BRA,FW,28-173,1996,20,14,1174,13.0,1,2,3,1,0,0,5,0,2.7,2.7,0.8,3.5,11,16,38,0.08,0.15,0.23,0.08,0.23,0.2,0.06,0.27,0.2,0.27,ESP-La Liga,2024,standard
ESP,MF,21-134,2003,1,0,19,0.2,0,1,1,0,0,0,0,0,0.0,0.0,0.1,0.1,0,1,0,0.0,4.74,4.74,0.0,4.74,0.0,0.32,0.32,0.0,0.32,ESP-La Liga,2024,standard
ESP,MF,21-037,2004,25,18,1548,17.2,0,1,1,0,0,0,7,3,1.3,1.3,1.4,2.7,16,57,19,0.0,0.06,0.06,0.0,0.06,0.08,0.08,0.16,0.08,0.16,ESP-La Liga,2024,standard
ESP,DF,21-210,2003,2,1,130,1.4,0,0,0,0,0,0,0,0,0.0,0.0,0.0,0.0,1,3,2,0.0,0.0,0.0,0.0,0.0,0.0,0.02,0.02,0.0,0.02,ESP-La Liga,2024,standard
ESP,"FW,MF",22-127,2002,25,19,1741,19.3,3,2,5,3,0,0,2,0,2.3,2.3,4.1,6.4,84,64,145,0.16,0.1,0.26,0.16,0.26,0.12,0.21,0.33,0.12,0.33,ESP-La Liga,2024,standard
MAR,MF,28-147,1996,19,14,1108,12.3,3,1,4,2,1,1,6,0,2.7,1.9,0.6,2.5,22,39,19,0.24,0.08,0.32,0.16,0.24,0.22,0.05,0.27,0.16,0.21,ESP-La Liga,2024,standard
CRO,MF,28-238,1996,22,15,1414,15.7,0,0,0,0,0,0,7,1,0.8,0.8,0.5,1.3,4,45,7,0.0,0.0,0.0,0.0,0.0,0.05,0.03,0.08,0.05,0.08,ESP-La Liga,2024,standard
HUN,MF,25-159,1999,8,6,550,6.1,0,0,0,0,0,0,2,0,0.0,0.0,0.0,0.0,2,8,3,0.0,0.0,0.0,0.0,0.0,0.0,0.0,0.01,0.0,0.01,ESP-La Liga,2024,standard
ESP,MF,25-306,1999,14,2,418,4.6,0,0,0,0,0,0,1,0,0.7,0.7,0.0,0.7,2,22,22,0.0,0.0,0.0,0.0,0.0,0.15,0.01,0.15,0.15,0.15,ESP-La Liga,2024,standard
ESP,MF,23-265,2001,27,26,2248,25.0,6,7,13,6,0,1,8,0,6.2,5.4,9.7,15.1,79,168,134,0.24,0.28,0.52,0.24,0.52,0.25,0.39,0.64,0.22,0.6,ESP-La Liga,2024,standard
ESP,"DF,MF",29-002,1996,5,0,81,0.9,0,0,0,0,0,0,0,0,0.1,0.1,0.3,0.4,4,4,14,0.0,0.0,0.0,0.0,0.0,0.08,0.36,0.44,0.08,0.44,ESP-La Liga,2024,standard
NED,FW,28-070,1997,3,3,200,2.2,2,0,2,2,0,0,1,0,0.8,0.8,0.0,0.8,4,1,17,0.9,0.0,0.9,0.9,0.9,0.37,0.01,0.38,0.37,0.38,ESP-La Liga,2024,standard
ESP,FW,31-256,1993,22,15,1403,15.6,12,1,13,12,0,0,3,0,8.9,8.9,2.2,11.1,47,49,91,0.77,0.06,0.83,0.77,0.83,0.57,0.14,0.7,0.57,0.7,ESP-La Liga,2024,standard
ESP,MF,35-360,1989,27,20,1770,19.7,3,1,4,2,1,2,7,0,2.3,0.6,0.7,1.3,15,142,24,0.15,0.05,0.2,0.1,0.15,0.12,0.03,0.15,0.03,0.06,ESP-La Liga,2024,standard
ESP,MF,31-095,1994,15,4,368,4.1,1,1,2,1,0,0,0,0,0.8,0.8,0.5,1.4,17,21,20,0.24,0.24,0.49,0.24,0.49,0.21,0.12,0.33,0.21,0.33,ESP-La Liga,2024,standard
ESP,GK,26-165,1998,21,21,1872,20.8,0,1,1,0,0,0,2,0,0.0,0.0,0.2,0.2,0,0,0,0.0,0.05,0.05,0.0,0.05,0.0,0.01,0.01,0.0,0.01,ESP-La Liga,2024,standard
CIV,DF,30-364,1994,10,7,580,6.4,0,0,0,0,0,0,2,0,0.3,0.3,0.0,0.3,1,18,0,0.0,0.0,0.0,0.0,0.0,0.05,0.0,0.05,0.05,0.05,ESP-La Liga,2024,standard
ESP,FW,33-004,1992,14,6,648,7.2,3,1,4,0,3,3,0,0,4.2,1.8,3.0,4.9,14,48,54,0.42,0.14,0.56,0.0,0.14,0.59,0.42,1.01,0.26,0.68,ESP-La Liga,2024,standard
MAR,"MF,FW",20-360,2004,11,7,584,6.5,1,0,1,1,0,0,1,0,0.6,0.6,1.0,1.6,30,12,64,0.15,0.0,0.15,0.15,0.15,0.09,0.15,0.23,0.09,0.23,ESP-La Liga,2024,standard
ESP,"DF,MF",32-041,1993,10,1,212,2.4,0,1,1,0,0,0,0,0,0.3,0.3,0.4,0.7,4,8,23,0.0,0.42,0.42,0.0,0.42,0.12,0.17,0.29,0.12,0.29,ESP-La Liga,2024,standard
ARG,DF,27-089,1998,12,10,902,10.0,1,0,1,1,0,0,3,0,1.9,1.9,0.3,2.2,11,51,9,0.1,0.0,0.1,0.1,0.1,0.19,0.03,0.22,0.19,0.22,ESP-La Liga,2024,standard
ESP,DF,34-068,1991,23,22,1839,20.4,0,1,1,0,0,0,6,0,0.4,0.4,1.1,1.4,47,93,38,0.0,0.05,0.05,0.0,0.05,0.02,0.05,0.07,0.02,0.07,ESP-La Liga,2024,standard
CPV,DF,24-010,2001,23,20,1815,20.2,2,0,2,2,0,0,2,0,0.6,0.6,0.4,1.0,18,82,9,0.1,0.0,0.1,0.1,0.1,0.03,0.02,0.05,0.03,0.05,ESP-La Liga,2024,standard
BRA,GK,24-087,2001,9,8,738,8.2,0,0,0,0,0,0,1,0,0.0,0.0,0.0,0.0,0,0,0,0.0,0.0,0.0,0.0,0.0,0.0,0.0,0.0,0.0,0.0,ESP-La Liga,2024,standard
CIV,"FW,MF",29-317,1995,19,9,902,10.0,1,2,3,1,0,0,1,0,2.5,2.5,2.0,4.5,40,39,108,0.1,0.2,0.3,0.1,0.3,0.25,0.2,0.45,0.25,0.45,ESP-La Liga,2024,standard
SEN,MF,26-077,1999,26,21,1780,19.8,2,0,2,2,0,0,5,2,2.4,2.4,0.9,3.3,33,124,58,0.1,0.0,0.1,0.1,0.1,0.12,0.05,0.17,0.12,0.17,ESP-La Liga,2024,standard
ESP,"MF,FW",20-053,2005,10,0,163,1.8,1,0,1,1,0,0,0,0,0.5,0.5,0.4,0.9,10,11,33,0.55,0.0,0.55,0.55,0.55,0.26,0.22,0.47,0.26,0.47,ESP-La Liga,2024,standard
ESP,DF,19-351,2005,11,4,584,6.5,0,0,0,0,0,0,0,0,0.0,0.0,0.0,0.0,2,27,7,0.0,0.0,0.0,0.0,0.0,0.0,0.0,0.0,0.0,0.0,ESP-La Liga,2024,standard
ESP,"MF,FW",24-175,2000,11,1,131,1.5,0,0,0,0,0,0,1,0,0.1,0.1,0.3,0.3,1,7,3,0.0,0.0,0.0,0.0,0.0,0.04,0.19,0.22,0.04,0.22,ESP-La Liga,2024,standard
ESP,DF,39-219,1985,15,14,1188,13.2,0,0,0,0,0,0,5,0,0.1,0.1,0.0,0.1,3,34,0,0.0,0.0,0.0,0.0,0.0,0.01,0.0,0.01,0.01,0.01,ESP-La Liga,2024,standard
ESP,MF,28-188,1996,27,23,1930,21.4,3,2,5,3,0,0,6,0,3.0,3.0,2.0,4.9,32,128,41,0.14,0.09,0.23,0.14,0.23,0.14,0.09,0.23,0.14,0.23,ESP-La Liga,2024,standard
ESP,DF,25-277,1999,28,28,2431,27.0,1,6,7,1,0,0,8,0,2.3,2.3,5.2,7.5,44,58,158,0.04,0.22,0.26,0.04,0.26,0.08,0.19,0.28,0.08,0.28,ESP-La Liga,2024,standard
CAN,MF,26-062,1999,7,3,237,2.6,0,1,1,0,0,0,0,0,0.1,0.1,0.5,0.6,13,3,30,0.0,0.38,0.38,0.0,0.38,0.04,0.18,0.22,0.04,0.22,ESP-La Liga,2024,standard
ARG,MF,22-089,2003,1,0,8,0.1,0,0,0,0,0,0,1,0,0.0,0.0,0.0,0.0,1,2,0,0.0,0.0,0.0,0.0,0.0,0.12,0.0,0.12,0.12,0.12,ESP-La Liga,2024,standard
FRA,FW,22-172,2002,28,19,1786,19.8,9,3,12,8,1,1,3,0,10.7,9.9,2.4,12.3,29,19,93,0.45,0.15,0.6,0.4,0.55,0.54,0.12,0.66,0.5,0.62,ESP-La Liga,2024,standard
FRA,DF,20-229,2004,12,10,819,9.1,0,0,0,0,0,0,1,1,0.3,0.3,0.1,0.5,2,14,0,0.0,0.0,0.0,0.0,0.0,0.03,0.02,0.05,0.03,0.05,ESP-La Liga,2024,standard
ESP,MF,22-173,2002,26,17,1401,15.6,1,4,5,1,0,0,8,0,2.9,2.9,4.1,7.1,31,44,170,0.06,0.26,0.32,0.06,0.32,0.19,0.27,0.45,0.19,0.45,ESP-La Liga,2024,standard
